path,owner,is_bg,img_num,label,split
IE7615 Deep Learning for AI/images_OBJ001/OBJ001_001.jpg,OBJ001,False,1,OBJ001,train
IE7615 Deep Learning for AI/images_OBJ001/OBJ001_002.jpg,OBJ001,False,2,OBJ001,train
IE7615 Deep Learning for AI/images_OBJ001/OBJ001_003.jpg,OBJ001,False,3,OBJ001,train
IE7615 Deep Learning for AI/images_OBJ001/OBJ001_004.jpg,OBJ001,False,4,OBJ001,train
IE7615 Deep Learning for AI/images_OBJ001/OBJ001_005.jpg,OBJ001,False,5,OBJ001,train
IE7615 Deep Learning for AI/images_OBJ001/OBJ001_006.jpg,OBJ001,False,6,OBJ001,train
IE7615 Deep Learning for AI/images_OBJ001/OBJ001_007.jpg,OBJ001,False,7,OBJ001,train
IE7615 Deep Learning for AI/images_OBJ001/OBJ001_008.jpg,OBJ001,False,8,OBJ001,train
IE7615 Deep Learning for AI/images_OBJ001/OBJ001_009.jpg,OBJ001,False,9,OBJ001,train
IE7615 Deep Learning for AI/images_OBJ001/OBJ001_010.jpg,OBJ001,False,10,OBJ001,train
IE7615 Deep Learning for AI/images_OBJ001/OBJ001_011.jpg,OBJ001,False,11,OBJ001,train
IE7615 Deep Learning for AI/images_OBJ001/OBJ001_012.jpg,OBJ001,False,12,OBJ001,train
IE7615 Deep Learning for AI/images_OBJ001/OBJ001_013.jpg,OBJ001,False,13,OBJ001,train
IE7615 Deep Learning for AI/images_OBJ001/OBJ001_014.jpg,OBJ001,False,14,OBJ001,train
IE7615 Deep Learning for AI/images_OBJ001/OBJ001_015.jpg,OBJ001,False,15,OBJ001,train
IE7615 Deep Learning for AI/images_OBJ001/OBJ001_016.jpg,OBJ001,False,16,OBJ001,test
IE7615 Deep Learning for AI/images_OBJ001/OBJ001_017.jpg,OBJ001,False,17,OBJ001,test
IE7615 Deep Learning for AI/images_OBJ001/OBJ001_018.jpg,OBJ001,False,18,OBJ001,test
IE7615 Deep Learning for AI/images_OBJ001/OBJ001_019.jpg,OBJ001,False,19,OBJ001,test
IE7615 Deep Learning for AI/images_OBJ001/OBJ001_020.jpg,OBJ001,False,20,OBJ001,test
IE7615 Deep Learning for AI/images_OBJ001/OBJ001_021.jpg,OBJ001,False,21,OBJ001,test
IE7615 Deep Learning for AI/images_OBJ001/OBJ001_022.jpg,OBJ001,False,22,OBJ001,test
IE7615 Deep Learning for AI/images_OBJ001/OBJ001_023.jpg,OBJ001,False,23,OBJ001,test
IE7615 Deep Learning for AI/images_OBJ001/OBJ001_024.jpg,OBJ001,False,24,OBJ001,test
IE7615 Deep Learning for AI/images_OBJ001/OBJ001_025.jpg,OBJ001,False,25,OBJ001,test
IE7615 Deep Learning for AI/images_OBJ001/OBJ001_026.jpg,OBJ001,False,26,OBJ001,train
IE7615 Deep Learning for AI/images_OBJ001/OBJ001_027.jpg,OBJ001,False,27,OBJ001,train
IE7615 Deep Learning for AI/images_OBJ001/OBJ001_028.jpg,OBJ001,False,28,OBJ001,train
IE7615 Deep Learning for AI/images_OBJ001/OBJ001_029.jpg,OBJ001,False,29,OBJ001,train
IE7615 Deep Learning for AI/images_OBJ001/OBJ001_030.jpg,OBJ001,False,30,OBJ001,train
IE7615 Deep Learning for AI/images_OBJ001/OBJ001_031.jpg,OBJ001,False,31,OBJ001,train
IE7615 Deep Learning for AI/images_OBJ001/OBJ001_032.jpg,OBJ001,False,32,OBJ001,train
IE7615 Deep Learning for AI/images_OBJ001/OBJ001_033.jpg,OBJ001,False,33,OBJ001,train
IE7615 Deep Learning for AI/images_OBJ001/OBJ001_034.jpg,OBJ001,False,34,OBJ001,train
IE7615 Deep Learning for AI/images_OBJ001/OBJ001_035.jpg,OBJ001,False,35,OBJ001,train
IE7615 Deep Learning for AI/images_OBJ001/OBJ001_036.jpg,OBJ001,False,36,OBJ001,train
IE7615 Deep Learning for AI/images_OBJ001/OBJ001_037.jpg,OBJ001,False,37,OBJ001,train
IE7615 Deep Learning for AI/images_OBJ001/OBJ001_038.jpg,OBJ001,False,38,OBJ001,train
IE7615 Deep Learning for AI/images_OBJ001/OBJ001_039.jpg,OBJ001,False,39,OBJ001,train
IE7615 Deep Learning for AI/images_OBJ001/OBJ001_040.jpg,OBJ001,False,40,OBJ001,train
IE7615 Deep Learning for AI/images_OBJ001/OBJ001_041.jpg,OBJ001,False,41,OBJ001,train
IE7615 Deep Learning for AI/images_OBJ001/OBJ001_042.jpg,OBJ001,False,42,OBJ001,train
IE7615 Deep Learning for AI/images_OBJ001/OBJ001_043.jpg,OBJ001,False,43,OBJ001,train
IE7615 Deep Learning for AI/images_OBJ001/OBJ001_044.jpg,OBJ001,False,44,OBJ001,train
IE7615 Deep Learning for AI/images_OBJ001/OBJ001_045.jpg,OBJ001,False,45,OBJ001,train
IE7615 Deep Learning for AI/images_OBJ001/OBJ001_046.jpg,OBJ001,False,46,OBJ001,val
IE7615 Deep Learning for AI/images_OBJ001/OBJ001_047.jpg,OBJ001,False,47,OBJ001,val
IE7615 Deep Learning for AI/images_OBJ001/OBJ001_048.jpg,OBJ001,False,48,OBJ001,val
IE7615 Deep Learning for AI/images_OBJ001/OBJ001_049.jpg,OBJ001,False,49,OBJ001,val
IE7615 Deep Learning for AI/images_OBJ001/OBJ001_050.jpg,OBJ001,False,50,OBJ001,val
IE7615 Deep Learning for AI/images_OBJ001/OBJ001_051.jpg,OBJ001,False,51,OBJ001,train
IE7615 Deep Learning for AI/images_OBJ001/OBJ001_052.jpg,OBJ001,False,52,OBJ001,train
IE7615 Deep Learning for AI/images_OBJ001/OBJ001_053.jpg,OBJ001,False,53,OBJ001,train
IE7615 Deep Learning for AI/images_OBJ001/OBJ001_054.jpg,OBJ001,False,54,OBJ001,train
IE7615 Deep Learning for AI/images_OBJ001/OBJ001_055.jpg,OBJ001,False,55,OBJ001,train
IE7615 Deep Learning for AI/images_OBJ001/OBJ001_056.jpg,OBJ001,False,56,OBJ001,train
IE7615 Deep Learning for AI/images_OBJ001/OBJ001_057.jpg,OBJ001,False,57,OBJ001,train
IE7615 Deep Learning for AI/images_OBJ001/OBJ001_058.jpg,OBJ001,False,58,OBJ001,train
IE7615 Deep Learning for AI/images_OBJ001/OBJ001_059.jpg,OBJ001,False,59,OBJ001,train
IE7615 Deep Learning for AI/images_OBJ001/OBJ001_060.jpg,OBJ001,False,60,OBJ001,train
IE7615 Deep Learning for AI/images_OBJ001/OBJ001_061.jpg,OBJ001,False,61,OBJ001,test
IE7615 Deep Learning for AI/images_OBJ001/OBJ001_062.jpg,OBJ001,False,62,OBJ001,test
IE7615 Deep Learning for AI/images_OBJ001/OBJ001_063.jpg,OBJ001,False,63,OBJ001,test
IE7615 Deep Learning for AI/images_OBJ001/OBJ001_064.jpg,OBJ001,False,64,OBJ001,test
IE7615 Deep Learning for AI/images_OBJ001/OBJ001_065.jpg,OBJ001,False,65,OBJ001,test
IE7615 Deep Learning for AI/images_OBJ001/OBJ001_066.jpg,OBJ001,False,66,OBJ001,train
IE7615 Deep Learning for AI/images_OBJ001/OBJ001_067.jpg,OBJ001,False,67,OBJ001,train
IE7615 Deep Learning for AI/images_OBJ001/OBJ001_068.jpg,OBJ001,False,68,OBJ001,train
IE7615 Deep Learning for AI/images_OBJ001/OBJ001_069.jpg,OBJ001,False,69,OBJ001,train
IE7615 Deep Learning for AI/images_OBJ001/OBJ001_070.jpg,OBJ001,False,70,OBJ001,train
IE7615 Deep Learning for AI/images_OBJ001/OBJ001_071.jpg,OBJ001,False,71,OBJ001,val
IE7615 Deep Learning for AI/images_OBJ001/OBJ001_072.jpg,OBJ001,False,72,OBJ001,val
IE7615 Deep Learning for AI/images_OBJ001/OBJ001_073.jpg,OBJ001,False,73,OBJ001,val
IE7615 Deep Learning for AI/images_OBJ001/OBJ001_074.jpg,OBJ001,False,74,OBJ001,val
IE7615 Deep Learning for AI/images_OBJ001/OBJ001_075.jpg,OBJ001,False,75,OBJ001,val
IE7615 Deep Learning for AI/images_OBJ001/OBJ001_076.jpg,OBJ001,False,76,OBJ001,train
IE7615 Deep Learning for AI/images_OBJ001/OBJ001_077.jpg,OBJ001,False,77,OBJ001,train
IE7615 Deep Learning for AI/images_OBJ001/OBJ001_078.jpg,OBJ001,False,78,OBJ001,train
IE7615 Deep Learning for AI/images_OBJ001/OBJ001_079.jpg,OBJ001,False,79,OBJ001,train
IE7615 Deep Learning for AI/images_OBJ001/OBJ001_080.jpg,OBJ001,False,80,OBJ001,train
IE7615 Deep Learning for AI/images_OBJ001/OBJ001_081.jpg,OBJ001,False,81,OBJ001,train
IE7615 Deep Learning for AI/images_OBJ001/OBJ001_082.jpg,OBJ001,False,82,OBJ001,train
IE7615 Deep Learning for AI/images_OBJ001/OBJ001_083.jpg,OBJ001,False,83,OBJ001,train
IE7615 Deep Learning for AI/images_OBJ001/OBJ001_084.jpg,OBJ001,False,84,OBJ001,train
IE7615 Deep Learning for AI/images_OBJ001/OBJ001_085.jpg,OBJ001,False,85,OBJ001,train
IE7615 Deep Learning for AI/images_OBJ001/OBJ001_086.jpg,OBJ001,False,86,OBJ001,train
IE7615 Deep Learning for AI/images_OBJ001/OBJ001_087.jpg,OBJ001,False,87,OBJ001,train
IE7615 Deep Learning for AI/images_OBJ001/OBJ001_088.jpg,OBJ001,False,88,OBJ001,train
IE7615 Deep Learning for AI/images_OBJ001/OBJ001_089.jpg,OBJ001,False,89,OBJ001,train
IE7615 Deep Learning for AI/images_OBJ001/OBJ001_090.jpg,OBJ001,False,90,OBJ001,train
IE7615 Deep Learning for AI/images_OBJ001/OBJ001_091.jpg,OBJ001,False,91,OBJ001,val
IE7615 Deep Learning for AI/images_OBJ001/OBJ001_092.jpg,OBJ001,False,92,OBJ001,val
IE7615 Deep Learning for AI/images_OBJ001/OBJ001_093.jpg,OBJ001,False,93,OBJ001,val
IE7615 Deep Learning for AI/images_OBJ001/OBJ001_094.jpg,OBJ001,False,94,OBJ001,val
IE7615 Deep Learning for AI/images_OBJ001/OBJ001_095.jpg,OBJ001,False,95,OBJ001,val
IE7615 Deep Learning for AI/images_OBJ001/OBJ001_bg_001.jpg,OBJ001,True,1,no_object,train
IE7615 Deep Learning for AI/images_OBJ001/OBJ001_bg_002.jpg,OBJ001,True,2,no_object,train
IE7615 Deep Learning for AI/images_OBJ001/OBJ001_bg_003.jpg,OBJ001,True,3,no_object,train
IE7615 Deep Learning for AI/images_OBJ001/OBJ001_bg_004.jpg,OBJ001,True,4,no_object,train
IE7615 Deep Learning for AI/images_OBJ001/OBJ001_bg_005.jpg,OBJ001,True,5,no_object,train
IE7615 Deep Learning for AI/images_OBJ002/OBJ002_001.jpg,OBJ002,False,1,OBJ002,train
IE7615 Deep Learning for AI/images_OBJ002/OBJ002_002.jpg,OBJ002,False,2,OBJ002,train
IE7615 Deep Learning for AI/images_OBJ002/OBJ002_003.jpg,OBJ002,False,3,OBJ002,train
IE7615 Deep Learning for AI/images_OBJ002/OBJ002_004.jpg,OBJ002,False,4,OBJ002,train
IE7615 Deep Learning for AI/images_OBJ002/OBJ002_005.jpg,OBJ002,False,5,OBJ002,train
IE7615 Deep Learning for AI/images_OBJ002/OBJ002_006.jpg,OBJ002,False,6,OBJ002,train
IE7615 Deep Learning for AI/images_OBJ002/OBJ002_007.jpg,OBJ002,False,7,OBJ002,train
IE7615 Deep Learning for AI/images_OBJ002/OBJ002_008.jpg,OBJ002,False,8,OBJ002,train
IE7615 Deep Learning for AI/images_OBJ002/OBJ002_009.jpg,OBJ002,False,9,OBJ002,train
IE7615 Deep Learning for AI/images_OBJ002/OBJ002_010.jpg,OBJ002,False,10,OBJ002,train
IE7615 Deep Learning for AI/images_OBJ002/OBJ002_011.jpg,OBJ002,False,11,OBJ002,train
IE7615 Deep Learning for AI/images_OBJ002/OBJ002_012.jpg,OBJ002,False,12,OBJ002,train
IE7615 Deep Learning for AI/images_OBJ002/OBJ002_013.jpg,OBJ002,False,13,OBJ002,train
IE7615 Deep Learning for AI/images_OBJ002/OBJ002_014.jpg,OBJ002,False,14,OBJ002,train
IE7615 Deep Learning for AI/images_OBJ002/OBJ002_015.jpg,OBJ002,False,15,OBJ002,train
IE7615 Deep Learning for AI/images_OBJ002/OBJ002_016.jpg,OBJ002,False,16,OBJ002,train
IE7615 Deep Learning for AI/images_OBJ002/OBJ002_017.jpg,OBJ002,False,17,OBJ002,train
IE7615 Deep Learning for AI/images_OBJ002/OBJ002_018.jpg,OBJ002,False,18,OBJ002,train
IE7615 Deep Learning for AI/images_OBJ002/OBJ002_019.jpg,OBJ002,False,19,OBJ002,train
IE7615 Deep Learning for AI/images_OBJ002/OBJ002_020.jpg,OBJ002,False,20,OBJ002,train
IE7615 Deep Learning for AI/images_OBJ002/OBJ002_021.jpg,OBJ002,False,21,OBJ002,train
IE7615 Deep Learning for AI/images_OBJ002/OBJ002_022.jpg,OBJ002,False,22,OBJ002,train
IE7615 Deep Learning for AI/images_OBJ002/OBJ002_023.jpg,OBJ002,False,23,OBJ002,train
IE7615 Deep Learning for AI/images_OBJ002/OBJ002_024.jpg,OBJ002,False,24,OBJ002,train
IE7615 Deep Learning for AI/images_OBJ002/OBJ002_025.jpg,OBJ002,False,25,OBJ002,train
IE7615 Deep Learning for AI/images_OBJ002/OBJ002_026.jpg,OBJ002,False,26,OBJ002,train
IE7615 Deep Learning for AI/images_OBJ002/OBJ002_027.jpg,OBJ002,False,27,OBJ002,train
IE7615 Deep Learning for AI/images_OBJ002/OBJ002_028.jpg,OBJ002,False,28,OBJ002,train
IE7615 Deep Learning for AI/images_OBJ002/OBJ002_029.jpg,OBJ002,False,29,OBJ002,train
IE7615 Deep Learning for AI/images_OBJ002/OBJ002_030.jpg,OBJ002,False,30,OBJ002,train
IE7615 Deep Learning for AI/images_OBJ002/OBJ002_031.jpg,OBJ002,False,31,OBJ002,test
IE7615 Deep Learning for AI/images_OBJ002/OBJ002_032.jpg,OBJ002,False,32,OBJ002,test
IE7615 Deep Learning for AI/images_OBJ002/OBJ002_033.jpg,OBJ002,False,33,OBJ002,test
IE7615 Deep Learning for AI/images_OBJ002/OBJ002_034.jpg,OBJ002,False,34,OBJ002,test
IE7615 Deep Learning for AI/images_OBJ002/OBJ002_035.jpg,OBJ002,False,35,OBJ002,test
IE7615 Deep Learning for AI/images_OBJ002/OBJ002_036.jpg,OBJ002,False,36,OBJ002,train
IE7615 Deep Learning for AI/images_OBJ002/OBJ002_037.jpg,OBJ002,False,37,OBJ002,train
IE7615 Deep Learning for AI/images_OBJ002/OBJ002_038.jpg,OBJ002,False,38,OBJ002,train
IE7615 Deep Learning for AI/images_OBJ002/OBJ002_039.jpg,OBJ002,False,39,OBJ002,train
IE7615 Deep Learning for AI/images_OBJ002/OBJ002_040.jpg,OBJ002,False,40,OBJ002,train
IE7615 Deep Learning for AI/images_OBJ002/OBJ002_041.jpg,OBJ002,False,41,OBJ002,val
IE7615 Deep Learning for AI/images_OBJ002/OBJ002_042.jpg,OBJ002,False,42,OBJ002,val
IE7615 Deep Learning for AI/images_OBJ002/OBJ002_043.jpg,OBJ002,False,43,OBJ002,val
IE7615 Deep Learning for AI/images_OBJ002/OBJ002_044.jpg,OBJ002,False,44,OBJ002,val
IE7615 Deep Learning for AI/images_OBJ002/OBJ002_045.jpg,OBJ002,False,45,OBJ002,val
IE7615 Deep Learning for AI/images_OBJ002/OBJ002_046.jpg,OBJ002,False,46,OBJ002,train
IE7615 Deep Learning for AI/images_OBJ002/OBJ002_047.jpg,OBJ002,False,47,OBJ002,train
IE7615 Deep Learning for AI/images_OBJ002/OBJ002_048.jpg,OBJ002,False,48,OBJ002,train
IE7615 Deep Learning for AI/images_OBJ002/OBJ002_049.jpg,OBJ002,False,49,OBJ002,train
IE7615 Deep Learning for AI/images_OBJ002/OBJ002_050.jpg,OBJ002,False,50,OBJ002,train
IE7615 Deep Learning for AI/images_OBJ002/OBJ002_051.jpg,OBJ002,False,51,OBJ002,train
IE7615 Deep Learning for AI/images_OBJ002/OBJ002_052.jpg,OBJ002,False,52,OBJ002,train
IE7615 Deep Learning for AI/images_OBJ002/OBJ002_053.jpg,OBJ002,False,53,OBJ002,train
IE7615 Deep Learning for AI/images_OBJ002/OBJ002_054.jpg,OBJ002,False,54,OBJ002,train
IE7615 Deep Learning for AI/images_OBJ002/OBJ002_055.jpg,OBJ002,False,55,OBJ002,train
IE7615 Deep Learning for AI/images_OBJ002/OBJ002_056.jpg,OBJ002,False,56,OBJ002,val
IE7615 Deep Learning for AI/images_OBJ002/OBJ002_057.jpg,OBJ002,False,57,OBJ002,val
IE7615 Deep Learning for AI/images_OBJ002/OBJ002_058.jpg,OBJ002,False,58,OBJ002,val
IE7615 Deep Learning for AI/images_OBJ002/OBJ002_059.jpg,OBJ002,False,59,OBJ002,val
IE7615 Deep Learning for AI/images_OBJ002/OBJ002_060.jpg,OBJ002,False,60,OBJ002,val
IE7615 Deep Learning for AI/images_OBJ002/OBJ002_061.jpg,OBJ002,False,61,OBJ002,train
IE7615 Deep Learning for AI/images_OBJ002/OBJ002_062.jpg,OBJ002,False,62,OBJ002,train
IE7615 Deep Learning for AI/images_OBJ002/OBJ002_063.jpg,OBJ002,False,63,OBJ002,train
IE7615 Deep Learning for AI/images_OBJ002/OBJ002_064.jpg,OBJ002,False,64,OBJ002,train
IE7615 Deep Learning for AI/images_OBJ002/OBJ002_065.jpg,OBJ002,False,65,OBJ002,train
IE7615 Deep Learning for AI/images_OBJ002/OBJ002_066.jpg,OBJ002,False,66,OBJ002,test
IE7615 Deep Learning for AI/images_OBJ002/OBJ002_067.jpg,OBJ002,False,67,OBJ002,test
IE7615 Deep Learning for AI/images_OBJ002/OBJ002_068.jpg,OBJ002,False,68,OBJ002,test
IE7615 Deep Learning for AI/images_OBJ002/OBJ002_069.jpg,OBJ002,False,69,OBJ002,test
IE7615 Deep Learning for AI/images_OBJ002/OBJ002_070.jpg,OBJ002,False,70,OBJ002,test
IE7615 Deep Learning for AI/images_OBJ002/OBJ002_071.jpg,OBJ002,False,71,OBJ002,val
IE7615 Deep Learning for AI/images_OBJ002/OBJ002_072.jpg,OBJ002,False,72,OBJ002,val
IE7615 Deep Learning for AI/images_OBJ002/OBJ002_073.jpg,OBJ002,False,73,OBJ002,val
IE7615 Deep Learning for AI/images_OBJ002/OBJ002_074.jpg,OBJ002,False,74,OBJ002,val
IE7615 Deep Learning for AI/images_OBJ002/OBJ002_075.jpg,OBJ002,False,75,OBJ002,val
IE7615 Deep Learning for AI/images_OBJ002/OBJ002_076.jpg,OBJ002,False,76,OBJ002,train
IE7615 Deep Learning for AI/images_OBJ002/OBJ002_077.jpg,OBJ002,False,77,OBJ002,train
IE7615 Deep Learning for AI/images_OBJ002/OBJ002_078.jpg,OBJ002,False,78,OBJ002,train
IE7615 Deep Learning for AI/images_OBJ002/OBJ002_079.jpg,OBJ002,False,79,OBJ002,train
IE7615 Deep Learning for AI/images_OBJ002/OBJ002_080.jpg,OBJ002,False,80,OBJ002,train
IE7615 Deep Learning for AI/images_OBJ002/OBJ002_081.jpg,OBJ002,False,81,OBJ002,train
IE7615 Deep Learning for AI/images_OBJ002/OBJ002_082.jpg,OBJ002,False,82,OBJ002,train
IE7615 Deep Learning for AI/images_OBJ002/OBJ002_083.jpg,OBJ002,False,83,OBJ002,train
IE7615 Deep Learning for AI/images_OBJ002/OBJ002_084.jpg,OBJ002,False,84,OBJ002,train
IE7615 Deep Learning for AI/images_OBJ002/OBJ002_085.jpg,OBJ002,False,85,OBJ002,train
IE7615 Deep Learning for AI/images_OBJ002/OBJ002_086.jpg,OBJ002,False,86,OBJ002,test
IE7615 Deep Learning for AI/images_OBJ002/OBJ002_087.jpg,OBJ002,False,87,OBJ002,test
IE7615 Deep Learning for AI/images_OBJ002/OBJ002_088.jpg,OBJ002,False,88,OBJ002,test
IE7615 Deep Learning for AI/images_OBJ002/OBJ002_089.jpg,OBJ002,False,89,OBJ002,test
IE7615 Deep Learning for AI/images_OBJ002/OBJ002_090.jpg,OBJ002,False,90,OBJ002,test
IE7615 Deep Learning for AI/images_OBJ002/OBJ002_091.jpg,OBJ002,False,91,OBJ002,train
IE7615 Deep Learning for AI/images_OBJ002/OBJ002_092.jpg,OBJ002,False,92,OBJ002,train
IE7615 Deep Learning for AI/images_OBJ002/OBJ002_093.jpg,OBJ002,False,93,OBJ002,train
IE7615 Deep Learning for AI/images_OBJ002/OBJ002_094.jpg,OBJ002,False,94,OBJ002,train
IE7615 Deep Learning for AI/images_OBJ002/OBJ002_095.jpg,OBJ002,False,95,OBJ002,train
IE7615 Deep Learning for AI/images_OBJ002/OBJ002_bg_001.jpg,OBJ002,True,1,no_object,train
IE7615 Deep Learning for AI/images_OBJ002/OBJ002_bg_002.jpg,OBJ002,True,2,no_object,train
IE7615 Deep Learning for AI/images_OBJ002/OBJ002_bg_003.jpg,OBJ002,True,3,no_object,train
IE7615 Deep Learning for AI/images_OBJ002/OBJ002_bg_004.jpg,OBJ002,True,4,no_object,train
IE7615 Deep Learning for AI/images_OBJ002/OBJ002_bg_005.jpg,OBJ002,True,5,no_object,train
IE7615 Deep Learning for AI/images_OBJ003/OBJ003_001.jpg,OBJ003,False,1,OBJ003,train
IE7615 Deep Learning for AI/images_OBJ003/OBJ003_002.jpg,OBJ003,False,2,OBJ003,train
IE7615 Deep Learning for AI/images_OBJ003/OBJ003_003.jpg,OBJ003,False,3,OBJ003,train
IE7615 Deep Learning for AI/images_OBJ003/OBJ003_004.jpg,OBJ003,False,4,OBJ003,train
IE7615 Deep Learning for AI/images_OBJ003/OBJ003_005.jpg,OBJ003,False,5,OBJ003,train
IE7615 Deep Learning for AI/images_OBJ003/OBJ003_006.jpg,OBJ003,False,6,OBJ003,train
IE7615 Deep Learning for AI/images_OBJ003/OBJ003_007.jpg,OBJ003,False,7,OBJ003,train
IE7615 Deep Learning for AI/images_OBJ003/OBJ003_008.jpg,OBJ003,False,8,OBJ003,train
IE7615 Deep Learning for AI/images_OBJ003/OBJ003_009.jpg,OBJ003,False,9,OBJ003,train
IE7615 Deep Learning for AI/images_OBJ003/OBJ003_010.jpg,OBJ003,False,10,OBJ003,train
IE7615 Deep Learning for AI/images_OBJ003/OBJ003_011.jpg,OBJ003,False,11,OBJ003,train
IE7615 Deep Learning for AI/images_OBJ003/OBJ003_012.jpg,OBJ003,False,12,OBJ003,train
IE7615 Deep Learning for AI/images_OBJ003/OBJ003_013.jpg,OBJ003,False,13,OBJ003,train
IE7615 Deep Learning for AI/images_OBJ003/OBJ003_014.jpg,OBJ003,False,14,OBJ003,train
IE7615 Deep Learning for AI/images_OBJ003/OBJ003_015.jpg,OBJ003,False,15,OBJ003,train
IE7615 Deep Learning for AI/images_OBJ003/OBJ003_016.jpg,OBJ003,False,16,OBJ003,test
IE7615 Deep Learning for AI/images_OBJ003/OBJ003_017.jpg,OBJ003,False,17,OBJ003,test
IE7615 Deep Learning for AI/images_OBJ003/OBJ003_018.jpg,OBJ003,False,18,OBJ003,test
IE7615 Deep Learning for AI/images_OBJ003/OBJ003_019.jpg,OBJ003,False,19,OBJ003,test
IE7615 Deep Learning for AI/images_OBJ003/OBJ003_020.jpg,OBJ003,False,20,OBJ003,test
IE7615 Deep Learning for AI/images_OBJ003/OBJ003_021.jpg,OBJ003,False,21,OBJ003,train
IE7615 Deep Learning for AI/images_OBJ003/OBJ003_022.jpg,OBJ003,False,22,OBJ003,train
IE7615 Deep Learning for AI/images_OBJ003/OBJ003_023.jpg,OBJ003,False,23,OBJ003,train
IE7615 Deep Learning for AI/images_OBJ003/OBJ003_024.jpg,OBJ003,False,24,OBJ003,train
IE7615 Deep Learning for AI/images_OBJ003/OBJ003_025.jpg,OBJ003,False,25,OBJ003,train
IE7615 Deep Learning for AI/images_OBJ003/OBJ003_026.jpg,OBJ003,False,26,OBJ003,test
IE7615 Deep Learning for AI/images_OBJ003/OBJ003_027.jpg,OBJ003,False,27,OBJ003,test
IE7615 Deep Learning for AI/images_OBJ003/OBJ003_028.jpg,OBJ003,False,28,OBJ003,test
IE7615 Deep Learning for AI/images_OBJ003/OBJ003_029.jpg,OBJ003,False,29,OBJ003,test
IE7615 Deep Learning for AI/images_OBJ003/OBJ003_030.jpg,OBJ003,False,30,OBJ003,test
IE7615 Deep Learning for AI/images_OBJ003/OBJ003_031.jpg,OBJ003,False,31,OBJ003,val
IE7615 Deep Learning for AI/images_OBJ003/OBJ003_032.jpg,OBJ003,False,32,OBJ003,val
IE7615 Deep Learning for AI/images_OBJ003/OBJ003_033.jpg,OBJ003,False,33,OBJ003,val
IE7615 Deep Learning for AI/images_OBJ003/OBJ003_034.jpg,OBJ003,False,34,OBJ003,val
IE7615 Deep Learning for AI/images_OBJ003/OBJ003_035.jpg,OBJ003,False,35,OBJ003,val
IE7615 Deep Learning for AI/images_OBJ003/OBJ003_036.jpg,OBJ003,False,36,OBJ003,train
IE7615 Deep Learning for AI/images_OBJ003/OBJ003_037.jpg,OBJ003,False,37,OBJ003,train
IE7615 Deep Learning for AI/images_OBJ003/OBJ003_038.jpg,OBJ003,False,38,OBJ003,train
IE7615 Deep Learning for AI/images_OBJ003/OBJ003_039.jpg,OBJ003,False,39,OBJ003,train
IE7615 Deep Learning for AI/images_OBJ003/OBJ003_040.jpg,OBJ003,False,40,OBJ003,train
IE7615 Deep Learning for AI/images_OBJ003/OBJ003_041.jpg,OBJ003,False,41,OBJ003,train
IE7615 Deep Learning for AI/images_OBJ003/OBJ003_042.jpg,OBJ003,False,42,OBJ003,train
IE7615 Deep Learning for AI/images_OBJ003/OBJ003_043.jpg,OBJ003,False,43,OBJ003,train
IE7615 Deep Learning for AI/images_OBJ003/OBJ003_044.jpg,OBJ003,False,44,OBJ003,train
IE7615 Deep Learning for AI/images_OBJ003/OBJ003_045.jpg,OBJ003,False,45,OBJ003,train
IE7615 Deep Learning for AI/images_OBJ003/OBJ003_046.jpg,OBJ003,False,46,OBJ003,train
IE7615 Deep Learning for AI/images_OBJ003/OBJ003_047.jpg,OBJ003,False,47,OBJ003,train
IE7615 Deep Learning for AI/images_OBJ003/OBJ003_048.jpg,OBJ003,False,48,OBJ003,train
IE7615 Deep Learning for AI/images_OBJ003/OBJ003_049.jpg,OBJ003,False,49,OBJ003,train
IE7615 Deep Learning for AI/images_OBJ003/OBJ003_050.jpg,OBJ003,False,50,OBJ003,train
IE7615 Deep Learning for AI/images_OBJ003/OBJ003_051.jpg,OBJ003,False,51,OBJ003,train
IE7615 Deep Learning for AI/images_OBJ003/OBJ003_052.jpg,OBJ003,False,52,OBJ003,train
IE7615 Deep Learning for AI/images_OBJ003/OBJ003_053.jpg,OBJ003,False,53,OBJ003,train
IE7615 Deep Learning for AI/images_OBJ003/OBJ003_054.jpg,OBJ003,False,54,OBJ003,train
IE7615 Deep Learning for AI/images_OBJ003/OBJ003_055.jpg,OBJ003,False,55,OBJ003,train
IE7615 Deep Learning for AI/images_OBJ003/OBJ003_056.jpg,OBJ003,False,56,OBJ003,train
IE7615 Deep Learning for AI/images_OBJ003/OBJ003_057.jpg,OBJ003,False,57,OBJ003,train
IE7615 Deep Learning for AI/images_OBJ003/OBJ003_058.jpg,OBJ003,False,58,OBJ003,train
IE7615 Deep Learning for AI/images_OBJ003/OBJ003_059.jpg,OBJ003,False,59,OBJ003,train
IE7615 Deep Learning for AI/images_OBJ003/OBJ003_060.jpg,OBJ003,False,60,OBJ003,train
IE7615 Deep Learning for AI/images_OBJ003/OBJ003_061.jpg,OBJ003,False,61,OBJ003,train
IE7615 Deep Learning for AI/images_OBJ003/OBJ003_062.jpg,OBJ003,False,62,OBJ003,train
IE7615 Deep Learning for AI/images_OBJ003/OBJ003_063.jpg,OBJ003,False,63,OBJ003,train
IE7615 Deep Learning for AI/images_OBJ003/OBJ003_064.jpg,OBJ003,False,64,OBJ003,train
IE7615 Deep Learning for AI/images_OBJ003/OBJ003_065.jpg,OBJ003,False,65,OBJ003,train
IE7615 Deep Learning for AI/images_OBJ003/OBJ003_066.jpg,OBJ003,False,66,OBJ003,train
IE7615 Deep Learning for AI/images_OBJ003/OBJ003_067.jpg,OBJ003,False,67,OBJ003,train
IE7615 Deep Learning for AI/images_OBJ003/OBJ003_068.jpg,OBJ003,False,68,OBJ003,train
IE7615 Deep Learning for AI/images_OBJ003/OBJ003_069.jpg,OBJ003,False,69,OBJ003,train
IE7615 Deep Learning for AI/images_OBJ003/OBJ003_070.jpg,OBJ003,False,70,OBJ003,train
IE7615 Deep Learning for AI/images_OBJ003/OBJ003_071.jpg,OBJ003,False,71,OBJ003,train
IE7615 Deep Learning for AI/images_OBJ003/OBJ003_072.jpg,OBJ003,False,72,OBJ003,train
IE7615 Deep Learning for AI/images_OBJ003/OBJ003_073.jpg,OBJ003,False,73,OBJ003,train
IE7615 Deep Learning for AI/images_OBJ003/OBJ003_074.jpg,OBJ003,False,74,OBJ003,train
IE7615 Deep Learning for AI/images_OBJ003/OBJ003_075.jpg,OBJ003,False,75,OBJ003,train
IE7615 Deep Learning for AI/images_OBJ003/OBJ003_076.jpg,OBJ003,False,76,OBJ003,val
IE7615 Deep Learning for AI/images_OBJ003/OBJ003_077.jpg,OBJ003,False,77,OBJ003,val
IE7615 Deep Learning for AI/images_OBJ003/OBJ003_078.jpg,OBJ003,False,78,OBJ003,val
IE7615 Deep Learning for AI/images_OBJ003/OBJ003_079.jpg,OBJ003,False,79,OBJ003,val
IE7615 Deep Learning for AI/images_OBJ003/OBJ003_080.jpg,OBJ003,False,80,OBJ003,val
IE7615 Deep Learning for AI/images_OBJ003/OBJ003_081.jpg,OBJ003,False,81,OBJ003,train
IE7615 Deep Learning for AI/images_OBJ003/OBJ003_082.jpg,OBJ003,False,82,OBJ003,train
IE7615 Deep Learning for AI/images_OBJ003/OBJ003_083.jpg,OBJ003,False,83,OBJ003,train
IE7615 Deep Learning for AI/images_OBJ003/OBJ003_084.jpg,OBJ003,False,84,OBJ003,train
IE7615 Deep Learning for AI/images_OBJ003/OBJ003_085.jpg,OBJ003,False,85,OBJ003,train
IE7615 Deep Learning for AI/images_OBJ003/OBJ003_086.jpg,OBJ003,False,86,OBJ003,test
IE7615 Deep Learning for AI/images_OBJ003/OBJ003_087.jpg,OBJ003,False,87,OBJ003,test
IE7615 Deep Learning for AI/images_OBJ003/OBJ003_088.jpg,OBJ003,False,88,OBJ003,test
IE7615 Deep Learning for AI/images_OBJ003/OBJ003_089.jpg,OBJ003,False,89,OBJ003,test
IE7615 Deep Learning for AI/images_OBJ003/OBJ003_090.jpg,OBJ003,False,90,OBJ003,test
IE7615 Deep Learning for AI/images_OBJ003/OBJ003_091.jpg,OBJ003,False,91,OBJ003,val
IE7615 Deep Learning for AI/images_OBJ003/OBJ003_092.jpg,OBJ003,False,92,OBJ003,val
IE7615 Deep Learning for AI/images_OBJ003/OBJ003_093.jpg,OBJ003,False,93,OBJ003,val
IE7615 Deep Learning for AI/images_OBJ003/OBJ003_094.jpg,OBJ003,False,94,OBJ003,val
IE7615 Deep Learning for AI/images_OBJ003/OBJ003_095.jpg,OBJ003,False,95,OBJ003,val
IE7615 Deep Learning for AI/images_OBJ003/OBJ003_bg_001.jpg,OBJ003,True,1,no_object,train
IE7615 Deep Learning for AI/images_OBJ003/OBJ003_bg_002.jpg,OBJ003,True,2,no_object,train
IE7615 Deep Learning for AI/images_OBJ003/OBJ003_bg_003.jpg,OBJ003,True,3,no_object,train
IE7615 Deep Learning for AI/images_OBJ003/OBJ003_bg_004.jpg,OBJ003,True,4,no_object,train
IE7615 Deep Learning for AI/images_OBJ003/OBJ003_bg_005.jpg,OBJ003,True,5,no_object,train
IE7615 Deep Learning for AI/images_OBJ004/OBJ004_001.jpg,OBJ004,False,1,OBJ004,test
IE7615 Deep Learning for AI/images_OBJ004/OBJ004_002.jpg,OBJ004,False,2,OBJ004,test
IE7615 Deep Learning for AI/images_OBJ004/OBJ004_003.jpg,OBJ004,False,3,OBJ004,test
IE7615 Deep Learning for AI/images_OBJ004/OBJ004_004.jpg,OBJ004,False,4,OBJ004,test
IE7615 Deep Learning for AI/images_OBJ004/OBJ004_005.jpg,OBJ004,False,5,OBJ004,test
IE7615 Deep Learning for AI/images_OBJ004/OBJ004_006.jpg,OBJ004,False,6,OBJ004,test
IE7615 Deep Learning for AI/images_OBJ004/OBJ004_007.jpg,OBJ004,False,7,OBJ004,test
IE7615 Deep Learning for AI/images_OBJ004/OBJ004_008.jpg,OBJ004,False,8,OBJ004,test
IE7615 Deep Learning for AI/images_OBJ004/OBJ004_009.jpg,OBJ004,False,9,OBJ004,test
IE7615 Deep Learning for AI/images_OBJ004/OBJ004_010.jpg,OBJ004,False,10,OBJ004,test
IE7615 Deep Learning for AI/images_OBJ004/OBJ004_011.jpg,OBJ004,False,11,OBJ004,train
IE7615 Deep Learning for AI/images_OBJ004/OBJ004_012.jpg,OBJ004,False,12,OBJ004,train
IE7615 Deep Learning for AI/images_OBJ004/OBJ004_013.jpg,OBJ004,False,13,OBJ004,train
IE7615 Deep Learning for AI/images_OBJ004/OBJ004_014.jpg,OBJ004,False,14,OBJ004,train
IE7615 Deep Learning for AI/images_OBJ004/OBJ004_015.jpg,OBJ004,False,15,OBJ004,train
IE7615 Deep Learning for AI/images_OBJ004/OBJ004_016.jpg,OBJ004,False,16,OBJ004,train
IE7615 Deep Learning for AI/images_OBJ004/OBJ004_017.jpg,OBJ004,False,17,OBJ004,train
IE7615 Deep Learning for AI/images_OBJ004/OBJ004_018.jpg,OBJ004,False,18,OBJ004,train
IE7615 Deep Learning for AI/images_OBJ004/OBJ004_019.jpg,OBJ004,False,19,OBJ004,train
IE7615 Deep Learning for AI/images_OBJ004/OBJ004_020.jpg,OBJ004,False,20,OBJ004,train
IE7615 Deep Learning for AI/images_OBJ004/OBJ004_021.jpg,OBJ004,False,21,OBJ004,train
IE7615 Deep Learning for AI/images_OBJ004/OBJ004_022.jpg,OBJ004,False,22,OBJ004,train
IE7615 Deep Learning for AI/images_OBJ004/OBJ004_023.jpg,OBJ004,False,23,OBJ004,train
IE7615 Deep Learning for AI/images_OBJ004/OBJ004_024.jpg,OBJ004,False,24,OBJ004,train
IE7615 Deep Learning for AI/images_OBJ004/OBJ004_025.jpg,OBJ004,False,25,OBJ004,train
IE7615 Deep Learning for AI/images_OBJ004/OBJ004_026.jpg,OBJ004,False,26,OBJ004,val
IE7615 Deep Learning for AI/images_OBJ004/OBJ004_027.jpg,OBJ004,False,27,OBJ004,val
IE7615 Deep Learning for AI/images_OBJ004/OBJ004_028.jpg,OBJ004,False,28,OBJ004,val
IE7615 Deep Learning for AI/images_OBJ004/OBJ004_029.jpg,OBJ004,False,29,OBJ004,val
IE7615 Deep Learning for AI/images_OBJ004/OBJ004_030.jpg,OBJ004,False,30,OBJ004,val
IE7615 Deep Learning for AI/images_OBJ004/OBJ004_031.jpg,OBJ004,False,31,OBJ004,train
IE7615 Deep Learning for AI/images_OBJ004/OBJ004_032.jpg,OBJ004,False,32,OBJ004,train
IE7615 Deep Learning for AI/images_OBJ004/OBJ004_033.jpg,OBJ004,False,33,OBJ004,train
IE7615 Deep Learning for AI/images_OBJ004/OBJ004_034.jpg,OBJ004,False,34,OBJ004,train
IE7615 Deep Learning for AI/images_OBJ004/OBJ004_035.jpg,OBJ004,False,35,OBJ004,train
IE7615 Deep Learning for AI/images_OBJ004/OBJ004_036.jpg,OBJ004,False,36,OBJ004,train
IE7615 Deep Learning for AI/images_OBJ004/OBJ004_037.jpg,OBJ004,False,37,OBJ004,train
IE7615 Deep Learning for AI/images_OBJ004/OBJ004_038.jpg,OBJ004,False,38,OBJ004,train
IE7615 Deep Learning for AI/images_OBJ004/OBJ004_039.jpg,OBJ004,False,39,OBJ004,train
IE7615 Deep Learning for AI/images_OBJ004/OBJ004_040.jpg,OBJ004,False,40,OBJ004,train
IE7615 Deep Learning for AI/images_OBJ004/OBJ004_041.jpg,OBJ004,False,41,OBJ004,train
IE7615 Deep Learning for AI/images_OBJ004/OBJ004_042.jpg,OBJ004,False,42,OBJ004,train
IE7615 Deep Learning for AI/images_OBJ004/OBJ004_043.jpg,OBJ004,False,43,OBJ004,train
IE7615 Deep Learning for AI/images_OBJ004/OBJ004_044.jpg,OBJ004,False,44,OBJ004,train
IE7615 Deep Learning for AI/images_OBJ004/OBJ004_045.jpg,OBJ004,False,45,OBJ004,train
IE7615 Deep Learning for AI/images_OBJ004/OBJ004_046.jpg,OBJ004,False,46,OBJ004,train
IE7615 Deep Learning for AI/images_OBJ004/OBJ004_047.jpg,OBJ004,False,47,OBJ004,train
IE7615 Deep Learning for AI/images_OBJ004/OBJ004_048.jpg,OBJ004,False,48,OBJ004,train
IE7615 Deep Learning for AI/images_OBJ004/OBJ004_049.jpg,OBJ004,False,49,OBJ004,train
IE7615 Deep Learning for AI/images_OBJ004/OBJ004_050.jpg,OBJ004,False,50,OBJ004,train
IE7615 Deep Learning for AI/images_OBJ004/OBJ004_051.jpg,OBJ004,False,51,OBJ004,val
IE7615 Deep Learning for AI/images_OBJ004/OBJ004_052.jpg,OBJ004,False,52,OBJ004,val
IE7615 Deep Learning for AI/images_OBJ004/OBJ004_053.jpg,OBJ004,False,53,OBJ004,val
IE7615 Deep Learning for AI/images_OBJ004/OBJ004_054.jpg,OBJ004,False,54,OBJ004,val
IE7615 Deep Learning for AI/images_OBJ004/OBJ004_055.jpg,OBJ004,False,55,OBJ004,val
IE7615 Deep Learning for AI/images_OBJ004/OBJ004_056.jpg,OBJ004,False,56,OBJ004,train
IE7615 Deep Learning for AI/images_OBJ004/OBJ004_057.jpg,OBJ004,False,57,OBJ004,train
IE7615 Deep Learning for AI/images_OBJ004/OBJ004_058.jpg,OBJ004,False,58,OBJ004,train
IE7615 Deep Learning for AI/images_OBJ004/OBJ004_059.jpg,OBJ004,False,59,OBJ004,train
IE7615 Deep Learning for AI/images_OBJ004/OBJ004_060.jpg,OBJ004,False,60,OBJ004,train
IE7615 Deep Learning for AI/images_OBJ004/OBJ004_061.jpg,OBJ004,False,61,OBJ004,val
IE7615 Deep Learning for AI/images_OBJ004/OBJ004_062.jpg,OBJ004,False,62,OBJ004,val
IE7615 Deep Learning for AI/images_OBJ004/OBJ004_063.jpg,OBJ004,False,63,OBJ004,val
IE7615 Deep Learning for AI/images_OBJ004/OBJ004_064.jpg,OBJ004,False,64,OBJ004,val
IE7615 Deep Learning for AI/images_OBJ004/OBJ004_065.jpg,OBJ004,False,65,OBJ004,val
IE7615 Deep Learning for AI/images_OBJ004/OBJ004_066.jpg,OBJ004,False,66,OBJ004,train
IE7615 Deep Learning for AI/images_OBJ004/OBJ004_067.jpg,OBJ004,False,67,OBJ004,train
IE7615 Deep Learning for AI/images_OBJ004/OBJ004_068.jpg,OBJ004,False,68,OBJ004,train
IE7615 Deep Learning for AI/images_OBJ004/OBJ004_069.jpg,OBJ004,False,69,OBJ004,train
IE7615 Deep Learning for AI/images_OBJ004/OBJ004_070.jpg,OBJ004,False,70,OBJ004,train
IE7615 Deep Learning for AI/images_OBJ004/OBJ004_071.jpg,OBJ004,False,71,OBJ004,train
IE7615 Deep Learning for AI/images_OBJ004/OBJ004_072.jpg,OBJ004,False,72,OBJ004,train
IE7615 Deep Learning for AI/images_OBJ004/OBJ004_073.jpg,OBJ004,False,73,OBJ004,train
IE7615 Deep Learning for AI/images_OBJ004/OBJ004_074.jpg,OBJ004,False,74,OBJ004,train
IE7615 Deep Learning for AI/images_OBJ004/OBJ004_075.jpg,OBJ004,False,75,OBJ004,train
IE7615 Deep Learning for AI/images_OBJ004/OBJ004_076.jpg,OBJ004,False,76,OBJ004,train
IE7615 Deep Learning for AI/images_OBJ004/OBJ004_077.jpg,OBJ004,False,77,OBJ004,train
IE7615 Deep Learning for AI/images_OBJ004/OBJ004_078.jpg,OBJ004,False,78,OBJ004,train
IE7615 Deep Learning for AI/images_OBJ004/OBJ004_079.jpg,OBJ004,False,79,OBJ004,train
IE7615 Deep Learning for AI/images_OBJ004/OBJ004_080.jpg,OBJ004,False,80,OBJ004,train
IE7615 Deep Learning for AI/images_OBJ004/OBJ004_081.jpg,OBJ004,False,81,OBJ004,train
IE7615 Deep Learning for AI/images_OBJ004/OBJ004_082.jpg,OBJ004,False,82,OBJ004,train
IE7615 Deep Learning for AI/images_OBJ004/OBJ004_083.jpg,OBJ004,False,83,OBJ004,train
IE7615 Deep Learning for AI/images_OBJ004/OBJ004_084.jpg,OBJ004,False,84,OBJ004,train
IE7615 Deep Learning for AI/images_OBJ004/OBJ004_085.jpg,OBJ004,False,85,OBJ004,train
IE7615 Deep Learning for AI/images_OBJ004/OBJ004_086.jpg,OBJ004,False,86,OBJ004,train
IE7615 Deep Learning for AI/images_OBJ004/OBJ004_087.jpg,OBJ004,False,87,OBJ004,train
IE7615 Deep Learning for AI/images_OBJ004/OBJ004_088.jpg,OBJ004,False,88,OBJ004,train
IE7615 Deep Learning for AI/images_OBJ004/OBJ004_089.jpg,OBJ004,False,89,OBJ004,train
IE7615 Deep Learning for AI/images_OBJ004/OBJ004_090.jpg,OBJ004,False,90,OBJ004,train
IE7615 Deep Learning for AI/images_OBJ004/OBJ004_091.jpg,OBJ004,False,91,OBJ004,train
IE7615 Deep Learning for AI/images_OBJ004/OBJ004_092.jpg,OBJ004,False,92,OBJ004,train
IE7615 Deep Learning for AI/images_OBJ004/OBJ004_093.jpg,OBJ004,False,93,OBJ004,train
IE7615 Deep Learning for AI/images_OBJ004/OBJ004_094.jpg,OBJ004,False,94,OBJ004,train
IE7615 Deep Learning for AI/images_OBJ004/OBJ004_095.jpg,OBJ004,False,95,OBJ004,train
IE7615 Deep Learning for AI/images_OBJ004/OBJ004_096.jpg,OBJ004,False,96,OBJ004,test
IE7615 Deep Learning for AI/images_OBJ004/OBJ004_097.jpg,OBJ004,False,97,OBJ004,test
IE7615 Deep Learning for AI/images_OBJ004/OBJ004_098.jpg,OBJ004,False,98,OBJ004,test
IE7615 Deep Learning for AI/images_OBJ004/OBJ004_099.jpg,OBJ004,False,99,OBJ004,test
IE7615 Deep Learning for AI/images_OBJ004/OBJ004_100.jpg,OBJ004,False,100,OBJ004,test
IE7615 Deep Learning for AI/images_OBJ005/OBJ005_001.jpg,OBJ005,False,1,OBJ005,train
IE7615 Deep Learning for AI/images_OBJ005/OBJ005_002.jpg,OBJ005,False,2,OBJ005,train
IE7615 Deep Learning for AI/images_OBJ005/OBJ005_003.jpg,OBJ005,False,3,OBJ005,train
IE7615 Deep Learning for AI/images_OBJ005/OBJ005_004.jpg,OBJ005,False,4,OBJ005,train
IE7615 Deep Learning for AI/images_OBJ005/OBJ005_005.jpg,OBJ005,False,5,OBJ005,train
IE7615 Deep Learning for AI/images_OBJ005/OBJ005_006.jpg,OBJ005,False,6,OBJ005,test
IE7615 Deep Learning for AI/images_OBJ005/OBJ005_007.jpg,OBJ005,False,7,OBJ005,test
IE7615 Deep Learning for AI/images_OBJ005/OBJ005_008.jpg,OBJ005,False,8,OBJ005,test
IE7615 Deep Learning for AI/images_OBJ005/OBJ005_009.jpg,OBJ005,False,9,OBJ005,test
IE7615 Deep Learning for AI/images_OBJ005/OBJ005_010.jpg,OBJ005,False,10,OBJ005,test
IE7615 Deep Learning for AI/images_OBJ005/OBJ005_011.jpg,OBJ005,False,11,OBJ005,train
IE7615 Deep Learning for AI/images_OBJ005/OBJ005_012.jpg,OBJ005,False,12,OBJ005,train
IE7615 Deep Learning for AI/images_OBJ005/OBJ005_013.jpg,OBJ005,False,13,OBJ005,train
IE7615 Deep Learning for AI/images_OBJ005/OBJ005_014.jpg,OBJ005,False,14,OBJ005,train
IE7615 Deep Learning for AI/images_OBJ005/OBJ005_015.jpg,OBJ005,False,15,OBJ005,train
IE7615 Deep Learning for AI/images_OBJ005/OBJ005_016.jpg,OBJ005,False,16,OBJ005,train
IE7615 Deep Learning for AI/images_OBJ005/OBJ005_017.jpg,OBJ005,False,17,OBJ005,train
IE7615 Deep Learning for AI/images_OBJ005/OBJ005_018.jpg,OBJ005,False,18,OBJ005,train
IE7615 Deep Learning for AI/images_OBJ005/OBJ005_019.jpg,OBJ005,False,19,OBJ005,train
IE7615 Deep Learning for AI/images_OBJ005/OBJ005_020.jpg,OBJ005,False,20,OBJ005,train
IE7615 Deep Learning for AI/images_OBJ005/OBJ005_021.jpg,OBJ005,False,21,OBJ005,train
IE7615 Deep Learning for AI/images_OBJ005/OBJ005_022.jpg,OBJ005,False,22,OBJ005,train
IE7615 Deep Learning for AI/images_OBJ005/OBJ005_023.jpg,OBJ005,False,23,OBJ005,train
IE7615 Deep Learning for AI/images_OBJ005/OBJ005_024.jpg,OBJ005,False,24,OBJ005,train
IE7615 Deep Learning for AI/images_OBJ005/OBJ005_025.jpg,OBJ005,False,25,OBJ005,train
IE7615 Deep Learning for AI/images_OBJ005/OBJ005_026.jpg,OBJ005,False,26,OBJ005,train
IE7615 Deep Learning for AI/images_OBJ005/OBJ005_027.jpg,OBJ005,False,27,OBJ005,train
IE7615 Deep Learning for AI/images_OBJ005/OBJ005_028.jpg,OBJ005,False,28,OBJ005,train
IE7615 Deep Learning for AI/images_OBJ005/OBJ005_029.jpg,OBJ005,False,29,OBJ005,train
IE7615 Deep Learning for AI/images_OBJ005/OBJ005_030.jpg,OBJ005,False,30,OBJ005,train
IE7615 Deep Learning for AI/images_OBJ005/OBJ005_031.jpg,OBJ005,False,31,OBJ005,train
IE7615 Deep Learning for AI/images_OBJ005/OBJ005_032.jpg,OBJ005,False,32,OBJ005,train
IE7615 Deep Learning for AI/images_OBJ005/OBJ005_033.jpg,OBJ005,False,33,OBJ005,train
IE7615 Deep Learning for AI/images_OBJ005/OBJ005_034.jpg,OBJ005,False,34,OBJ005,train
IE7615 Deep Learning for AI/images_OBJ005/OBJ005_035.jpg,OBJ005,False,35,OBJ005,train
IE7615 Deep Learning for AI/images_OBJ005/OBJ005_036.jpg,OBJ005,False,36,OBJ005,train
IE7615 Deep Learning for AI/images_OBJ005/OBJ005_037.jpg,OBJ005,False,37,OBJ005,train
IE7615 Deep Learning for AI/images_OBJ005/OBJ005_038.jpg,OBJ005,False,38,OBJ005,train
IE7615 Deep Learning for AI/images_OBJ005/OBJ005_039.jpg,OBJ005,False,39,OBJ005,train
IE7615 Deep Learning for AI/images_OBJ005/OBJ005_040.jpg,OBJ005,False,40,OBJ005,train
IE7615 Deep Learning for AI/images_OBJ005/OBJ005_041.jpg,OBJ005,False,41,OBJ005,train
IE7615 Deep Learning for AI/images_OBJ005/OBJ005_042.jpg,OBJ005,False,42,OBJ005,train
IE7615 Deep Learning for AI/images_OBJ005/OBJ005_043.jpg,OBJ005,False,43,OBJ005,train
IE7615 Deep Learning for AI/images_OBJ005/OBJ005_044.jpg,OBJ005,False,44,OBJ005,train
IE7615 Deep Learning for AI/images_OBJ005/OBJ005_045.jpg,OBJ005,False,45,OBJ005,train
IE7615 Deep Learning for AI/images_OBJ005/OBJ005_046.jpg,OBJ005,False,46,OBJ005,train
IE7615 Deep Learning for AI/images_OBJ005/OBJ005_047.jpg,OBJ005,False,47,OBJ005,train
IE7615 Deep Learning for AI/images_OBJ005/OBJ005_048.jpg,OBJ005,False,48,OBJ005,train
IE7615 Deep Learning for AI/images_OBJ005/OBJ005_049.jpg,OBJ005,False,49,OBJ005,train
IE7615 Deep Learning for AI/images_OBJ005/OBJ005_050.jpg,OBJ005,False,50,OBJ005,train
IE7615 Deep Learning for AI/images_OBJ005/OBJ005_051.jpg,OBJ005,False,51,OBJ005,val
IE7615 Deep Learning for AI/images_OBJ005/OBJ005_052.jpg,OBJ005,False,52,OBJ005,val
IE7615 Deep Learning for AI/images_OBJ005/OBJ005_053.jpg,OBJ005,False,53,OBJ005,val
IE7615 Deep Learning for AI/images_OBJ005/OBJ005_054.jpg,OBJ005,False,54,OBJ005,val
IE7615 Deep Learning for AI/images_OBJ005/OBJ005_055.jpg,OBJ005,False,55,OBJ005,val
IE7615 Deep Learning for AI/images_OBJ005/OBJ005_056.jpg,OBJ005,False,56,OBJ005,train
IE7615 Deep Learning for AI/images_OBJ005/OBJ005_057.jpg,OBJ005,False,57,OBJ005,train
IE7615 Deep Learning for AI/images_OBJ005/OBJ005_058.jpg,OBJ005,False,58,OBJ005,train
IE7615 Deep Learning for AI/images_OBJ005/OBJ005_059.jpg,OBJ005,False,59,OBJ005,train
IE7615 Deep Learning for AI/images_OBJ005/OBJ005_060.jpg,OBJ005,False,60,OBJ005,train
IE7615 Deep Learning for AI/images_OBJ005/OBJ005_061.jpg,OBJ005,False,61,OBJ005,test
IE7615 Deep Learning for AI/images_OBJ005/OBJ005_062.jpg,OBJ005,False,62,OBJ005,test
IE7615 Deep Learning for AI/images_OBJ005/OBJ005_063.jpg,OBJ005,False,63,OBJ005,test
IE7615 Deep Learning for AI/images_OBJ005/OBJ005_064.jpg,OBJ005,False,64,OBJ005,test
IE7615 Deep Learning for AI/images_OBJ005/OBJ005_065.jpg,OBJ005,False,65,OBJ005,test
IE7615 Deep Learning for AI/images_OBJ005/OBJ005_066.jpg,OBJ005,False,66,OBJ005,train
IE7615 Deep Learning for AI/images_OBJ005/OBJ005_067.jpg,OBJ005,False,67,OBJ005,train
IE7615 Deep Learning for AI/images_OBJ005/OBJ005_068.jpg,OBJ005,False,68,OBJ005,train
IE7615 Deep Learning for AI/images_OBJ005/OBJ005_069.jpg,OBJ005,False,69,OBJ005,train
IE7615 Deep Learning for AI/images_OBJ005/OBJ005_070.jpg,OBJ005,False,70,OBJ005,train
IE7615 Deep Learning for AI/images_OBJ005/OBJ005_071.jpg,OBJ005,False,71,OBJ005,train
IE7615 Deep Learning for AI/images_OBJ005/OBJ005_072.jpg,OBJ005,False,72,OBJ005,train
IE7615 Deep Learning for AI/images_OBJ005/OBJ005_073.jpg,OBJ005,False,73,OBJ005,train
IE7615 Deep Learning for AI/images_OBJ005/OBJ005_074.jpg,OBJ005,False,74,OBJ005,train
IE7615 Deep Learning for AI/images_OBJ005/OBJ005_075.jpg,OBJ005,False,75,OBJ005,train
IE7615 Deep Learning for AI/images_OBJ005/OBJ005_076.jpg,OBJ005,False,76,OBJ005,test
IE7615 Deep Learning for AI/images_OBJ005/OBJ005_077.jpg,OBJ005,False,77,OBJ005,test
IE7615 Deep Learning for AI/images_OBJ005/OBJ005_078.jpg,OBJ005,False,78,OBJ005,test
IE7615 Deep Learning for AI/images_OBJ005/OBJ005_079.jpg,OBJ005,False,79,OBJ005,test
IE7615 Deep Learning for AI/images_OBJ005/OBJ005_080.jpg,OBJ005,False,80,OBJ005,test
IE7615 Deep Learning for AI/images_OBJ005/OBJ005_081.jpg,OBJ005,False,81,OBJ005,train
IE7615 Deep Learning for AI/images_OBJ005/OBJ005_082.jpg,OBJ005,False,82,OBJ005,train
IE7615 Deep Learning for AI/images_OBJ005/OBJ005_083.jpg,OBJ005,False,83,OBJ005,train
IE7615 Deep Learning for AI/images_OBJ005/OBJ005_084.jpg,OBJ005,False,84,OBJ005,train
IE7615 Deep Learning for AI/images_OBJ005/OBJ005_085.jpg,OBJ005,False,85,OBJ005,train
IE7615 Deep Learning for AI/images_OBJ005/OBJ005_086.jpg,OBJ005,False,86,OBJ005,train
IE7615 Deep Learning for AI/images_OBJ005/OBJ005_087.jpg,OBJ005,False,87,OBJ005,train
IE7615 Deep Learning for AI/images_OBJ005/OBJ005_088.jpg,OBJ005,False,88,OBJ005,train
IE7615 Deep Learning for AI/images_OBJ005/OBJ005_089.jpg,OBJ005,False,89,OBJ005,train
IE7615 Deep Learning for AI/images_OBJ005/OBJ005_090.jpg,OBJ005,False,90,OBJ005,train
IE7615 Deep Learning for AI/images_OBJ005/OBJ005_091.jpg,OBJ005,False,91,OBJ005,val
IE7615 Deep Learning for AI/images_OBJ005/OBJ005_092.jpg,OBJ005,False,92,OBJ005,val
IE7615 Deep Learning for AI/images_OBJ005/OBJ005_093.jpg,OBJ005,False,93,OBJ005,val
IE7615 Deep Learning for AI/images_OBJ005/OBJ005_094.jpg,OBJ005,False,94,OBJ005,val
IE7615 Deep Learning for AI/images_OBJ005/OBJ005_095.jpg,OBJ005,False,95,OBJ005,val
IE7615 Deep Learning for AI/images_OBJ005/OBJ005_096.jpg,OBJ005,False,96,OBJ005,val
IE7615 Deep Learning for AI/images_OBJ005/OBJ005_097.jpg,OBJ005,False,97,OBJ005,val
IE7615 Deep Learning for AI/images_OBJ005/OBJ005_098.jpg,OBJ005,False,98,OBJ005,val
IE7615 Deep Learning for AI/images_OBJ005/OBJ005_099.jpg,OBJ005,False,99,OBJ005,val
IE7615 Deep Learning for AI/images_OBJ005/OBJ005_bg_001.jpg,OBJ005,True,1,no_object,train
IE7615 Deep Learning for AI/images_OBJ005/OBJ005_bg_002.jpg,OBJ005,True,2,no_object,train
IE7615 Deep Learning for AI/images_OBJ005/OBJ005_bg_003.jpg,OBJ005,True,3,no_object,train
IE7615 Deep Learning for AI/images_OBJ005/OBJ005_bg_004.jpg,OBJ005,True,4,no_object,train
IE7615 Deep Learning for AI/images_OBJ005/OBJ005_bg_005.jpg,OBJ005,True,5,no_object,train
IE7615 Deep Learning for AI/images_OBJ005/OBJ005_bg_006.jpg,OBJ005,True,6,no_object,train
IE7615 Deep Learning for AI/images_OBJ005/OBJ005_bg_007.jpg,OBJ005,True,7,no_object,train
IE7615 Deep Learning for AI/images_OBJ005/OBJ005_bg_008.jpg,OBJ005,True,8,no_object,train
IE7615 Deep Learning for AI/images_OBJ005/OBJ005_bg_009.jpg,OBJ005,True,9,no_object,train
IE7615 Deep Learning for AI/images_OBJ006/OBJ006_001.jpg,OBJ006,False,1,OBJ006,train
IE7615 Deep Learning for AI/images_OBJ006/OBJ006_002.jpg,OBJ006,False,2,OBJ006,train
IE7615 Deep Learning for AI/images_OBJ006/OBJ006_003.jpg,OBJ006,False,3,OBJ006,train
IE7615 Deep Learning for AI/images_OBJ006/OBJ006_004.jpg,OBJ006,False,4,OBJ006,train
IE7615 Deep Learning for AI/images_OBJ006/OBJ006_005.jpg,OBJ006,False,5,OBJ006,train
IE7615 Deep Learning for AI/images_OBJ006/OBJ006_006.jpg,OBJ006,False,6,OBJ006,test
IE7615 Deep Learning for AI/images_OBJ006/OBJ006_007.jpg,OBJ006,False,7,OBJ006,test
IE7615 Deep Learning for AI/images_OBJ006/OBJ006_008.jpg,OBJ006,False,8,OBJ006,test
IE7615 Deep Learning for AI/images_OBJ006/OBJ006_009.jpg,OBJ006,False,9,OBJ006,test
IE7615 Deep Learning for AI/images_OBJ006/OBJ006_010.jpg,OBJ006,False,10,OBJ006,test
IE7615 Deep Learning for AI/images_OBJ006/OBJ006_011.jpg,OBJ006,False,11,OBJ006,train
IE7615 Deep Learning for AI/images_OBJ006/OBJ006_012.jpg,OBJ006,False,12,OBJ006,train
IE7615 Deep Learning for AI/images_OBJ006/OBJ006_013.jpg,OBJ006,False,13,OBJ006,train
IE7615 Deep Learning for AI/images_OBJ006/OBJ006_014.jpg,OBJ006,False,14,OBJ006,train
IE7615 Deep Learning for AI/images_OBJ006/OBJ006_015.jpg,OBJ006,False,15,OBJ006,train
IE7615 Deep Learning for AI/images_OBJ006/OBJ006_016.jpg,OBJ006,False,16,OBJ006,train
IE7615 Deep Learning for AI/images_OBJ006/OBJ006_017.jpg,OBJ006,False,17,OBJ006,train
IE7615 Deep Learning for AI/images_OBJ006/OBJ006_018.jpg,OBJ006,False,18,OBJ006,train
IE7615 Deep Learning for AI/images_OBJ006/OBJ006_019.jpg,OBJ006,False,19,OBJ006,train
IE7615 Deep Learning for AI/images_OBJ006/OBJ006_020.jpg,OBJ006,False,20,OBJ006,train
IE7615 Deep Learning for AI/images_OBJ006/OBJ006_021.jpg,OBJ006,False,21,OBJ006,val
IE7615 Deep Learning for AI/images_OBJ006/OBJ006_022.jpg,OBJ006,False,22,OBJ006,val
IE7615 Deep Learning for AI/images_OBJ006/OBJ006_023.jpg,OBJ006,False,23,OBJ006,val
IE7615 Deep Learning for AI/images_OBJ006/OBJ006_024.jpg,OBJ006,False,24,OBJ006,val
IE7615 Deep Learning for AI/images_OBJ006/OBJ006_025.jpg,OBJ006,False,25,OBJ006,val
IE7615 Deep Learning for AI/images_OBJ006/OBJ006_026.jpg,OBJ006,False,26,OBJ006,train
IE7615 Deep Learning for AI/images_OBJ006/OBJ006_027.jpg,OBJ006,False,27,OBJ006,train
IE7615 Deep Learning for AI/images_OBJ006/OBJ006_028.jpg,OBJ006,False,28,OBJ006,train
IE7615 Deep Learning for AI/images_OBJ006/OBJ006_029.jpg,OBJ006,False,29,OBJ006,train
IE7615 Deep Learning for AI/images_OBJ006/OBJ006_030.jpg,OBJ006,False,30,OBJ006,train
IE7615 Deep Learning for AI/images_OBJ006/OBJ006_031.jpg,OBJ006,False,31,OBJ006,train
IE7615 Deep Learning for AI/images_OBJ006/OBJ006_032.jpg,OBJ006,False,32,OBJ006,train
IE7615 Deep Learning for AI/images_OBJ006/OBJ006_033.jpg,OBJ006,False,33,OBJ006,train
IE7615 Deep Learning for AI/images_OBJ006/OBJ006_034.jpg,OBJ006,False,34,OBJ006,train
IE7615 Deep Learning for AI/images_OBJ006/OBJ006_035.jpg,OBJ006,False,35,OBJ006,train
IE7615 Deep Learning for AI/images_OBJ006/OBJ006_036.jpg,OBJ006,False,36,OBJ006,train
IE7615 Deep Learning for AI/images_OBJ006/OBJ006_037.jpg,OBJ006,False,37,OBJ006,train
IE7615 Deep Learning for AI/images_OBJ006/OBJ006_038.jpg,OBJ006,False,38,OBJ006,train
IE7615 Deep Learning for AI/images_OBJ006/OBJ006_039.jpg,OBJ006,False,39,OBJ006,train
IE7615 Deep Learning for AI/images_OBJ006/OBJ006_040.jpg,OBJ006,False,40,OBJ006,train
IE7615 Deep Learning for AI/images_OBJ006/OBJ006_041.jpg,OBJ006,False,41,OBJ006,val
IE7615 Deep Learning for AI/images_OBJ006/OBJ006_042.jpg,OBJ006,False,42,OBJ006,val
IE7615 Deep Learning for AI/images_OBJ006/OBJ006_043.jpg,OBJ006,False,43,OBJ006,val
IE7615 Deep Learning for AI/images_OBJ006/OBJ006_044.jpg,OBJ006,False,44,OBJ006,val
IE7615 Deep Learning for AI/images_OBJ006/OBJ006_045.jpg,OBJ006,False,45,OBJ006,val
IE7615 Deep Learning for AI/images_OBJ006/OBJ006_046.jpg,OBJ006,False,46,OBJ006,train
IE7615 Deep Learning for AI/images_OBJ006/OBJ006_047.jpg,OBJ006,False,47,OBJ006,train
IE7615 Deep Learning for AI/images_OBJ006/OBJ006_048.jpg,OBJ006,False,48,OBJ006,train
IE7615 Deep Learning for AI/images_OBJ006/OBJ006_049.jpg,OBJ006,False,49,OBJ006,train
IE7615 Deep Learning for AI/images_OBJ006/OBJ006_050.jpg,OBJ006,False,50,OBJ006,train
IE7615 Deep Learning for AI/images_OBJ006/OBJ006_051.jpg,OBJ006,False,51,OBJ006,test
IE7615 Deep Learning for AI/images_OBJ006/OBJ006_052.jpg,OBJ006,False,52,OBJ006,test
IE7615 Deep Learning for AI/images_OBJ006/OBJ006_053.jpg,OBJ006,False,53,OBJ006,test
IE7615 Deep Learning for AI/images_OBJ006/OBJ006_054.jpg,OBJ006,False,54,OBJ006,test
IE7615 Deep Learning for AI/images_OBJ006/OBJ006_055.jpg,OBJ006,False,55,OBJ006,test
IE7615 Deep Learning for AI/images_OBJ006/OBJ006_056.jpg,OBJ006,False,56,OBJ006,train
IE7615 Deep Learning for AI/images_OBJ006/OBJ006_057.jpg,OBJ006,False,57,OBJ006,train
IE7615 Deep Learning for AI/images_OBJ006/OBJ006_058.jpg,OBJ006,False,58,OBJ006,train
IE7615 Deep Learning for AI/images_OBJ006/OBJ006_059.jpg,OBJ006,False,59,OBJ006,train
IE7615 Deep Learning for AI/images_OBJ006/OBJ006_060.jpg,OBJ006,False,60,OBJ006,train
IE7615 Deep Learning for AI/images_OBJ006/OBJ006_061.jpg,OBJ006,False,61,OBJ006,train
IE7615 Deep Learning for AI/images_OBJ006/OBJ006_062.jpg,OBJ006,False,62,OBJ006,train
IE7615 Deep Learning for AI/images_OBJ006/OBJ006_063.jpg,OBJ006,False,63,OBJ006,train
IE7615 Deep Learning for AI/images_OBJ006/OBJ006_064.jpg,OBJ006,False,64,OBJ006,train
IE7615 Deep Learning for AI/images_OBJ006/OBJ006_065.jpg,OBJ006,False,65,OBJ006,train
IE7615 Deep Learning for AI/images_OBJ006/OBJ006_066.jpg,OBJ006,False,66,OBJ006,test
IE7615 Deep Learning for AI/images_OBJ006/OBJ006_067.jpg,OBJ006,False,67,OBJ006,test
IE7615 Deep Learning for AI/images_OBJ006/OBJ006_068.jpg,OBJ006,False,68,OBJ006,test
IE7615 Deep Learning for AI/images_OBJ006/OBJ006_069.jpg,OBJ006,False,69,OBJ006,test
IE7615 Deep Learning for AI/images_OBJ006/OBJ006_070.jpg,OBJ006,False,70,OBJ006,test
IE7615 Deep Learning for AI/images_OBJ006/OBJ006_071.jpg,OBJ006,False,71,OBJ006,val
IE7615 Deep Learning for AI/images_OBJ006/OBJ006_072.jpg,OBJ006,False,72,OBJ006,val
IE7615 Deep Learning for AI/images_OBJ006/OBJ006_073.jpg,OBJ006,False,73,OBJ006,val
IE7615 Deep Learning for AI/images_OBJ006/OBJ006_074.jpg,OBJ006,False,74,OBJ006,val
IE7615 Deep Learning for AI/images_OBJ006/OBJ006_075.jpg,OBJ006,False,75,OBJ006,val
IE7615 Deep Learning for AI/images_OBJ006/OBJ006_076.jpg,OBJ006,False,76,OBJ006,train
IE7615 Deep Learning for AI/images_OBJ006/OBJ006_077.jpg,OBJ006,False,77,OBJ006,train
IE7615 Deep Learning for AI/images_OBJ006/OBJ006_078.jpg,OBJ006,False,78,OBJ006,train
IE7615 Deep Learning for AI/images_OBJ006/OBJ006_079.jpg,OBJ006,False,79,OBJ006,train
IE7615 Deep Learning for AI/images_OBJ006/OBJ006_080.jpg,OBJ006,False,80,OBJ006,train
IE7615 Deep Learning for AI/images_OBJ006/OBJ006_081.jpg,OBJ006,False,81,OBJ006,train
IE7615 Deep Learning for AI/images_OBJ006/OBJ006_082.jpg,OBJ006,False,82,OBJ006,train
IE7615 Deep Learning for AI/images_OBJ006/OBJ006_083.jpg,OBJ006,False,83,OBJ006,train
IE7615 Deep Learning for AI/images_OBJ006/OBJ006_084.jpg,OBJ006,False,84,OBJ006,train
IE7615 Deep Learning for AI/images_OBJ006/OBJ006_085.jpg,OBJ006,False,85,OBJ006,train
IE7615 Deep Learning for AI/images_OBJ006/OBJ006_086.jpg,OBJ006,False,86,OBJ006,train
IE7615 Deep Learning for AI/images_OBJ006/OBJ006_087.jpg,OBJ006,False,87,OBJ006,train
IE7615 Deep Learning for AI/images_OBJ006/OBJ006_088.jpg,OBJ006,False,88,OBJ006,train
IE7615 Deep Learning for AI/images_OBJ006/OBJ006_089.jpg,OBJ006,False,89,OBJ006,train
IE7615 Deep Learning for AI/images_OBJ006/OBJ006_090.jpg,OBJ006,False,90,OBJ006,train
IE7615 Deep Learning for AI/images_OBJ006/OBJ006_091.jpg,OBJ006,False,91,OBJ006,train
IE7615 Deep Learning for AI/images_OBJ006/OBJ006_092.jpg,OBJ006,False,92,OBJ006,train
IE7615 Deep Learning for AI/images_OBJ006/OBJ006_093.jpg,OBJ006,False,93,OBJ006,train
IE7615 Deep Learning for AI/images_OBJ006/OBJ006_094.jpg,OBJ006,False,94,OBJ006,train
IE7615 Deep Learning for AI/images_OBJ006/OBJ006_095.jpg,OBJ006,False,95,OBJ006,train
IE7615 Deep Learning for AI/images_OBJ006/OBJ006_bg_001.jpg,OBJ006,True,1,no_object,train
IE7615 Deep Learning for AI/images_OBJ006/OBJ006_bg_002.jpg,OBJ006,True,2,no_object,train
IE7615 Deep Learning for AI/images_OBJ006/OBJ006_bg_003.jpg,OBJ006,True,3,no_object,train
IE7615 Deep Learning for AI/images_OBJ006/OBJ006_bg_004.jpg,OBJ006,True,4,no_object,train
IE7615 Deep Learning for AI/images_OBJ006/OBJ006_bg_005.jpg,OBJ006,True,5,no_object,train
IE7615 Deep Learning for AI/images_OBJ007/OBJ007_001.jpg,OBJ007,False,1,OBJ007,train
IE7615 Deep Learning for AI/images_OBJ007/OBJ007_002.jpg,OBJ007,False,2,OBJ007,train
IE7615 Deep Learning for AI/images_OBJ007/OBJ007_003.jpg,OBJ007,False,3,OBJ007,train
IE7615 Deep Learning for AI/images_OBJ007/OBJ007_004.jpg,OBJ007,False,4,OBJ007,train
IE7615 Deep Learning for AI/images_OBJ007/OBJ007_005.jpg,OBJ007,False,5,OBJ007,train
IE7615 Deep Learning for AI/images_OBJ007/OBJ007_006.jpg,OBJ007,False,6,OBJ007,train
IE7615 Deep Learning for AI/images_OBJ007/OBJ007_007.jpg,OBJ007,False,7,OBJ007,train
IE7615 Deep Learning for AI/images_OBJ007/OBJ007_008.jpg,OBJ007,False,8,OBJ007,train
IE7615 Deep Learning for AI/images_OBJ007/OBJ007_009.jpg,OBJ007,False,9,OBJ007,train
IE7615 Deep Learning for AI/images_OBJ007/OBJ007_010.jpg,OBJ007,False,10,OBJ007,train
IE7615 Deep Learning for AI/images_OBJ007/OBJ007_011.jpg,OBJ007,False,11,OBJ007,train
IE7615 Deep Learning for AI/images_OBJ007/OBJ007_012.jpg,OBJ007,False,12,OBJ007,train
IE7615 Deep Learning for AI/images_OBJ007/OBJ007_013.jpg,OBJ007,False,13,OBJ007,train
IE7615 Deep Learning for AI/images_OBJ007/OBJ007_014.jpg,OBJ007,False,14,OBJ007,train
IE7615 Deep Learning for AI/images_OBJ007/OBJ007_015.jpg,OBJ007,False,15,OBJ007,train
IE7615 Deep Learning for AI/images_OBJ007/OBJ007_016.jpg,OBJ007,False,16,OBJ007,test
IE7615 Deep Learning for AI/images_OBJ007/OBJ007_017.jpg,OBJ007,False,17,OBJ007,test
IE7615 Deep Learning for AI/images_OBJ007/OBJ007_018.jpg,OBJ007,False,18,OBJ007,test
IE7615 Deep Learning for AI/images_OBJ007/OBJ007_019.jpg,OBJ007,False,19,OBJ007,test
IE7615 Deep Learning for AI/images_OBJ007/OBJ007_020.jpg,OBJ007,False,20,OBJ007,test
IE7615 Deep Learning for AI/images_OBJ007/OBJ007_021.jpg,OBJ007,False,21,OBJ007,train
IE7615 Deep Learning for AI/images_OBJ007/OBJ007_022.jpg,OBJ007,False,22,OBJ007,train
IE7615 Deep Learning for AI/images_OBJ007/OBJ007_023.jpg,OBJ007,False,23,OBJ007,train
IE7615 Deep Learning for AI/images_OBJ007/OBJ007_024.jpg,OBJ007,False,24,OBJ007,train
IE7615 Deep Learning for AI/images_OBJ007/OBJ007_025.jpg,OBJ007,False,25,OBJ007,train
IE7615 Deep Learning for AI/images_OBJ007/OBJ007_026.jpg,OBJ007,False,26,OBJ007,train
IE7615 Deep Learning for AI/images_OBJ007/OBJ007_027.jpg,OBJ007,False,27,OBJ007,train
IE7615 Deep Learning for AI/images_OBJ007/OBJ007_028.jpg,OBJ007,False,28,OBJ007,train
IE7615 Deep Learning for AI/images_OBJ007/OBJ007_029.jpg,OBJ007,False,29,OBJ007,train
IE7615 Deep Learning for AI/images_OBJ007/OBJ007_030.jpg,OBJ007,False,30,OBJ007,train
IE7615 Deep Learning for AI/images_OBJ007/OBJ007_031.jpg,OBJ007,False,31,OBJ007,val
IE7615 Deep Learning for AI/images_OBJ007/OBJ007_032.jpg,OBJ007,False,32,OBJ007,val
IE7615 Deep Learning for AI/images_OBJ007/OBJ007_034.jpg,OBJ007,False,34,OBJ007,val
IE7615 Deep Learning for AI/images_OBJ007/OBJ007_035.jpg,OBJ007,False,35,OBJ007,val
IE7615 Deep Learning for AI/images_OBJ007/OBJ007_036.jpg,OBJ007,False,36,OBJ007,train
IE7615 Deep Learning for AI/images_OBJ007/OBJ007_037.jpg,OBJ007,False,37,OBJ007,train
IE7615 Deep Learning for AI/images_OBJ007/OBJ007_038.jpg,OBJ007,False,38,OBJ007,train
IE7615 Deep Learning for AI/images_OBJ007/OBJ007_039.jpg,OBJ007,False,39,OBJ007,train
IE7615 Deep Learning for AI/images_OBJ007/OBJ007_040.jpg,OBJ007,False,40,OBJ007,train
IE7615 Deep Learning for AI/images_OBJ007/OBJ007_041.jpg,OBJ007,False,41,OBJ007,val
IE7615 Deep Learning for AI/images_OBJ007/OBJ007_042.jpg,OBJ007,False,42,OBJ007,val
IE7615 Deep Learning for AI/images_OBJ007/OBJ007_043.jpg,OBJ007,False,43,OBJ007,val
IE7615 Deep Learning for AI/images_OBJ007/OBJ007_044.jpg,OBJ007,False,44,OBJ007,val
IE7615 Deep Learning for AI/images_OBJ007/OBJ007_045.jpg,OBJ007,False,45,OBJ007,val
IE7615 Deep Learning for AI/images_OBJ007/OBJ007_046.jpg,OBJ007,False,46,OBJ007,train
IE7615 Deep Learning for AI/images_OBJ007/OBJ007_047.jpg,OBJ007,False,47,OBJ007,train
IE7615 Deep Learning for AI/images_OBJ007/OBJ007_048.jpg,OBJ007,False,48,OBJ007,train
IE7615 Deep Learning for AI/images_OBJ007/OBJ007_049.jpg,OBJ007,False,49,OBJ007,train
IE7615 Deep Learning for AI/images_OBJ007/OBJ007_050.jpg,OBJ007,False,50,OBJ007,train
IE7615 Deep Learning for AI/images_OBJ007/OBJ007_051.jpg,OBJ007,False,51,OBJ007,val
IE7615 Deep Learning for AI/images_OBJ007/OBJ007_052.jpg,OBJ007,False,52,OBJ007,val
IE7615 Deep Learning for AI/images_OBJ007/OBJ007_053.jpg,OBJ007,False,53,OBJ007,val
IE7615 Deep Learning for AI/images_OBJ007/OBJ007_054.jpg,OBJ007,False,54,OBJ007,val
IE7615 Deep Learning for AI/images_OBJ007/OBJ007_055.jpg,OBJ007,False,55,OBJ007,val
IE7615 Deep Learning for AI/images_OBJ007/OBJ007_056.jpg,OBJ007,False,56,OBJ007,train
IE7615 Deep Learning for AI/images_OBJ007/OBJ007_057.jpg,OBJ007,False,57,OBJ007,train
IE7615 Deep Learning for AI/images_OBJ007/OBJ007_058.jpg,OBJ007,False,58,OBJ007,train
IE7615 Deep Learning for AI/images_OBJ007/OBJ007_059.jpg,OBJ007,False,59,OBJ007,train
IE7615 Deep Learning for AI/images_OBJ007/OBJ007_060.jpg,OBJ007,False,60,OBJ007,train
IE7615 Deep Learning for AI/images_OBJ007/OBJ007_061.jpg,OBJ007,False,61,OBJ007,test
IE7615 Deep Learning for AI/images_OBJ007/OBJ007_062.jpg,OBJ007,False,62,OBJ007,test
IE7615 Deep Learning for AI/images_OBJ007/OBJ007_063.jpg,OBJ007,False,63,OBJ007,test
IE7615 Deep Learning for AI/images_OBJ007/OBJ007_064.jpg,OBJ007,False,64,OBJ007,test
IE7615 Deep Learning for AI/images_OBJ007/OBJ007_065.jpg,OBJ007,False,65,OBJ007,test
IE7615 Deep Learning for AI/images_OBJ007/OBJ007_066.jpg,OBJ007,False,66,OBJ007,train
IE7615 Deep Learning for AI/images_OBJ007/OBJ007_067.jpg,OBJ007,False,67,OBJ007,train
IE7615 Deep Learning for AI/images_OBJ007/OBJ007_068.jpg,OBJ007,False,68,OBJ007,train
IE7615 Deep Learning for AI/images_OBJ007/OBJ007_069.jpg,OBJ007,False,69,OBJ007,train
IE7615 Deep Learning for AI/images_OBJ007/OBJ007_070.jpg,OBJ007,False,70,OBJ007,train
IE7615 Deep Learning for AI/images_OBJ007/OBJ007_071.jpg,OBJ007,False,71,OBJ007,train
IE7615 Deep Learning for AI/images_OBJ007/OBJ007_072.jpg,OBJ007,False,72,OBJ007,train
IE7615 Deep Learning for AI/images_OBJ007/OBJ007_073.jpg,OBJ007,False,73,OBJ007,train
IE7615 Deep Learning for AI/images_OBJ007/OBJ007_074.jpg,OBJ007,False,74,OBJ007,train
IE7615 Deep Learning for AI/images_OBJ007/OBJ007_075.jpg,OBJ007,False,75,OBJ007,train
IE7615 Deep Learning for AI/images_OBJ007/OBJ007_076.jpg,OBJ007,False,76,OBJ007,train
IE7615 Deep Learning for AI/images_OBJ007/OBJ007_077.jpg,OBJ007,False,77,OBJ007,train
IE7615 Deep Learning for AI/images_OBJ007/OBJ007_078.jpg,OBJ007,False,78,OBJ007,train
IE7615 Deep Learning for AI/images_OBJ007/OBJ007_079.jpg,OBJ007,False,79,OBJ007,train
IE7615 Deep Learning for AI/images_OBJ007/OBJ007_080.jpg,OBJ007,False,80,OBJ007,train
IE7615 Deep Learning for AI/images_OBJ007/OBJ007_081.jpg,OBJ007,False,81,OBJ007,train
IE7615 Deep Learning for AI/images_OBJ007/OBJ007_082.jpg,OBJ007,False,82,OBJ007,train
IE7615 Deep Learning for AI/images_OBJ007/OBJ007_083.jpg,OBJ007,False,83,OBJ007,train
IE7615 Deep Learning for AI/images_OBJ007/OBJ007_084.jpg,OBJ007,False,84,OBJ007,train
IE7615 Deep Learning for AI/images_OBJ007/OBJ007_085.jpg,OBJ007,False,85,OBJ007,train
IE7615 Deep Learning for AI/images_OBJ007/OBJ007_086.jpg,OBJ007,False,86,OBJ007,test
IE7615 Deep Learning for AI/images_OBJ007/OBJ007_087.jpg,OBJ007,False,87,OBJ007,test
IE7615 Deep Learning for AI/images_OBJ007/OBJ007_088.jpg,OBJ007,False,88,OBJ007,test
IE7615 Deep Learning for AI/images_OBJ007/OBJ007_089.jpg,OBJ007,False,89,OBJ007,test
IE7615 Deep Learning for AI/images_OBJ007/OBJ007_090.jpg,OBJ007,False,90,OBJ007,test
IE7615 Deep Learning for AI/images_OBJ007/OBJ007_091.jpg,OBJ007,False,91,OBJ007,train
IE7615 Deep Learning for AI/images_OBJ007/OBJ007_092.jpg,OBJ007,False,92,OBJ007,train
IE7615 Deep Learning for AI/images_OBJ007/OBJ007_093.jpg,OBJ007,False,93,OBJ007,train
IE7615 Deep Learning for AI/images_OBJ007/OBJ007_094.jpg,OBJ007,False,94,OBJ007,train
IE7615 Deep Learning for AI/images_OBJ007/OBJ007_095.jpg,OBJ007,False,95,OBJ007,train
IE7615 Deep Learning for AI/images_OBJ007/OBJ007_bg_001.jpg,OBJ007,True,1,no_object,val
IE7615 Deep Learning for AI/images_OBJ007/OBJ007_bg_002.jpg,OBJ007,True,2,no_object,val
IE7615 Deep Learning for AI/images_OBJ007/OBJ007_bg_003.jpg,OBJ007,True,3,no_object,val
IE7615 Deep Learning for AI/images_OBJ007/OBJ007_bg_004.jpg,OBJ007,True,4,no_object,val
IE7615 Deep Learning for AI/images_OBJ007/OBJ007_bg_005.jpg,OBJ007,True,5,no_object,val
IE7615 Deep Learning for AI/images_OBJ007/OBJ07_033.jpg,OBJ007,False,33,OBJ007,val
IE7615 Deep Learning for AI/images_OBJ008/OBJ008_001.jpg,OBJ008,False,1,OBJ008,train
IE7615 Deep Learning for AI/images_OBJ008/OBJ008_002.jpg,OBJ008,False,2,OBJ008,train
IE7615 Deep Learning for AI/images_OBJ008/OBJ008_003.jpg,OBJ008,False,3,OBJ008,train
IE7615 Deep Learning for AI/images_OBJ008/OBJ008_004.jpg,OBJ008,False,4,OBJ008,train
IE7615 Deep Learning for AI/images_OBJ008/OBJ008_005.jpg,OBJ008,False,5,OBJ008,train
IE7615 Deep Learning for AI/images_OBJ008/OBJ008_006.jpg,OBJ008,False,6,OBJ008,test
IE7615 Deep Learning for AI/images_OBJ008/OBJ008_007.jpg,OBJ008,False,7,OBJ008,test
IE7615 Deep Learning for AI/images_OBJ008/OBJ008_008.jpg,OBJ008,False,8,OBJ008,test
IE7615 Deep Learning for AI/images_OBJ008/OBJ008_009.jpg,OBJ008,False,9,OBJ008,test
IE7615 Deep Learning for AI/images_OBJ008/OBJ008_010.jpg,OBJ008,False,10,OBJ008,test
IE7615 Deep Learning for AI/images_OBJ008/OBJ008_011.jpg,OBJ008,False,11,OBJ008,train
IE7615 Deep Learning for AI/images_OBJ008/OBJ008_012.jpg,OBJ008,False,12,OBJ008,train
IE7615 Deep Learning for AI/images_OBJ008/OBJ008_013.jpg,OBJ008,False,13,OBJ008,train
IE7615 Deep Learning for AI/images_OBJ008/OBJ008_014.jpg,OBJ008,False,14,OBJ008,train
IE7615 Deep Learning for AI/images_OBJ008/OBJ008_015.jpg,OBJ008,False,15,OBJ008,train
IE7615 Deep Learning for AI/images_OBJ008/OBJ008_016.jpg,OBJ008,False,16,OBJ008,train
IE7615 Deep Learning for AI/images_OBJ008/OBJ008_017.jpg,OBJ008,False,17,OBJ008,train
IE7615 Deep Learning for AI/images_OBJ008/OBJ008_018.jpg,OBJ008,False,18,OBJ008,train
IE7615 Deep Learning for AI/images_OBJ008/OBJ008_019.jpg,OBJ008,False,19,OBJ008,train
IE7615 Deep Learning for AI/images_OBJ008/OBJ008_020.jpg,OBJ008,False,20,OBJ008,train
IE7615 Deep Learning for AI/images_OBJ008/OBJ008_021.jpg,OBJ008,False,21,OBJ008,test
IE7615 Deep Learning for AI/images_OBJ008/OBJ008_022.jpg,OBJ008,False,22,OBJ008,test
IE7615 Deep Learning for AI/images_OBJ008/OBJ008_023.jpg,OBJ008,False,23,OBJ008,test
IE7615 Deep Learning for AI/images_OBJ008/OBJ008_024.jpg,OBJ008,False,24,OBJ008,test
IE7615 Deep Learning for AI/images_OBJ008/OBJ008_025.jpg,OBJ008,False,25,OBJ008,test
IE7615 Deep Learning for AI/images_OBJ008/OBJ008_026.jpg,OBJ008,False,26,OBJ008,train
IE7615 Deep Learning for AI/images_OBJ008/OBJ008_027.jpg,OBJ008,False,27,OBJ008,train
IE7615 Deep Learning for AI/images_OBJ008/OBJ008_028.jpg,OBJ008,False,28,OBJ008,train
IE7615 Deep Learning for AI/images_OBJ008/OBJ008_029.jpg,OBJ008,False,29,OBJ008,train
IE7615 Deep Learning for AI/images_OBJ008/OBJ008_030.jpg,OBJ008,False,30,OBJ008,train
IE7615 Deep Learning for AI/images_OBJ008/OBJ008_031.jpg,OBJ008,False,31,OBJ008,train
IE7615 Deep Learning for AI/images_OBJ008/OBJ008_032.jpg,OBJ008,False,32,OBJ008,train
IE7615 Deep Learning for AI/images_OBJ008/OBJ008_033.jpg,OBJ008,False,33,OBJ008,train
IE7615 Deep Learning for AI/images_OBJ008/OBJ008_034.jpg,OBJ008,False,34,OBJ008,train
IE7615 Deep Learning for AI/images_OBJ008/OBJ008_035.jpg,OBJ008,False,35,OBJ008,train
IE7615 Deep Learning for AI/images_OBJ008/OBJ008_036.jpg,OBJ008,False,36,OBJ008,train
IE7615 Deep Learning for AI/images_OBJ008/OBJ008_037.jpg,OBJ008,False,37,OBJ008,train
IE7615 Deep Learning for AI/images_OBJ008/OBJ008_038.jpg,OBJ008,False,38,OBJ008,train
IE7615 Deep Learning for AI/images_OBJ008/OBJ008_039.jpg,OBJ008,False,39,OBJ008,train
IE7615 Deep Learning for AI/images_OBJ008/OBJ008_040.jpg,OBJ008,False,40,OBJ008,train
IE7615 Deep Learning for AI/images_OBJ008/OBJ008_041.jpg,OBJ008,False,41,OBJ008,train
IE7615 Deep Learning for AI/images_OBJ008/OBJ008_042.jpg,OBJ008,False,42,OBJ008,train
IE7615 Deep Learning for AI/images_OBJ008/OBJ008_043.jpg,OBJ008,False,43,OBJ008,train
IE7615 Deep Learning for AI/images_OBJ008/OBJ008_044.jpg,OBJ008,False,44,OBJ008,train
IE7615 Deep Learning for AI/images_OBJ008/OBJ008_045.jpg,OBJ008,False,45,OBJ008,train
IE7615 Deep Learning for AI/images_OBJ008/OBJ008_046.jpg,OBJ008,False,46,OBJ008,val
IE7615 Deep Learning for AI/images_OBJ008/OBJ008_047.jpg,OBJ008,False,47,OBJ008,val
IE7615 Deep Learning for AI/images_OBJ008/OBJ008_048.jpg,OBJ008,False,48,OBJ008,val
IE7615 Deep Learning for AI/images_OBJ008/OBJ008_049.jpg,OBJ008,False,49,OBJ008,val
IE7615 Deep Learning for AI/images_OBJ008/OBJ008_050.jpg,OBJ008,False,50,OBJ008,val
IE7615 Deep Learning for AI/images_OBJ008/OBJ008_051.jpg,OBJ008,False,51,OBJ008,train
IE7615 Deep Learning for AI/images_OBJ008/OBJ008_052.jpg,OBJ008,False,52,OBJ008,train
IE7615 Deep Learning for AI/images_OBJ008/OBJ008_053.jpg,OBJ008,False,53,OBJ008,train
IE7615 Deep Learning for AI/images_OBJ008/OBJ008_054.jpg,OBJ008,False,54,OBJ008,train
IE7615 Deep Learning for AI/images_OBJ008/OBJ008_055.jpg,OBJ008,False,55,OBJ008,train
IE7615 Deep Learning for AI/images_OBJ008/OBJ008_056.jpg,OBJ008,False,56,OBJ008,train
IE7615 Deep Learning for AI/images_OBJ008/OBJ008_057.jpg,OBJ008,False,57,OBJ008,train
IE7615 Deep Learning for AI/images_OBJ008/OBJ008_058.jpg,OBJ008,False,58,OBJ008,train
IE7615 Deep Learning for AI/images_OBJ008/OBJ008_059.jpg,OBJ008,False,59,OBJ008,train
IE7615 Deep Learning for AI/images_OBJ008/OBJ008_060.jpg,OBJ008,False,60,OBJ008,train
IE7615 Deep Learning for AI/images_OBJ008/OBJ008_061.jpg,OBJ008,False,61,OBJ008,train
IE7615 Deep Learning for AI/images_OBJ008/OBJ008_062.jpg,OBJ008,False,62,OBJ008,train
IE7615 Deep Learning for AI/images_OBJ008/OBJ008_063.jpg,OBJ008,False,63,OBJ008,train
IE7615 Deep Learning for AI/images_OBJ008/OBJ008_064.jpg,OBJ008,False,64,OBJ008,train
IE7615 Deep Learning for AI/images_OBJ008/OBJ008_065.jpg,OBJ008,False,65,OBJ008,train
IE7615 Deep Learning for AI/images_OBJ008/OBJ008_066.jpg,OBJ008,False,66,OBJ008,train
IE7615 Deep Learning for AI/images_OBJ008/OBJ008_067.jpg,OBJ008,False,67,OBJ008,train
IE7615 Deep Learning for AI/images_OBJ008/OBJ008_068.jpg,OBJ008,False,68,OBJ008,train
IE7615 Deep Learning for AI/images_OBJ008/OBJ008_069.jpg,OBJ008,False,69,OBJ008,train
IE7615 Deep Learning for AI/images_OBJ008/OBJ008_070.jpg,OBJ008,False,70,OBJ008,train
IE7615 Deep Learning for AI/images_OBJ008/OBJ008_071.jpg,OBJ008,False,71,OBJ008,test
IE7615 Deep Learning for AI/images_OBJ008/OBJ008_072.jpg,OBJ008,False,72,OBJ008,test
IE7615 Deep Learning for AI/images_OBJ008/OBJ008_073.jpg,OBJ008,False,73,OBJ008,test
IE7615 Deep Learning for AI/images_OBJ008/OBJ008_074.jpg,OBJ008,False,74,OBJ008,test
IE7615 Deep Learning for AI/images_OBJ008/OBJ008_075.jpg,OBJ008,False,75,OBJ008,test
IE7615 Deep Learning for AI/images_OBJ008/OBJ008_076.jpg,OBJ008,False,76,OBJ008,val
IE7615 Deep Learning for AI/images_OBJ008/OBJ008_077.jpg,OBJ008,False,77,OBJ008,val
IE7615 Deep Learning for AI/images_OBJ008/OBJ008_078.jpg,OBJ008,False,78,OBJ008,val
IE7615 Deep Learning for AI/images_OBJ008/OBJ008_079.jpg,OBJ008,False,79,OBJ008,val
IE7615 Deep Learning for AI/images_OBJ008/OBJ008_080.jpg,OBJ008,False,80,OBJ008,val
IE7615 Deep Learning for AI/images_OBJ008/OBJ008_081.jpg,OBJ008,False,81,OBJ008,train
IE7615 Deep Learning for AI/images_OBJ008/OBJ008_082.jpg,OBJ008,False,82,OBJ008,train
IE7615 Deep Learning for AI/images_OBJ008/OBJ008_083.jpg,OBJ008,False,83,OBJ008,train
IE7615 Deep Learning for AI/images_OBJ008/OBJ008_084.jpg,OBJ008,False,84,OBJ008,train
IE7615 Deep Learning for AI/images_OBJ008/OBJ008_085.jpg,OBJ008,False,85,OBJ008,train
IE7615 Deep Learning for AI/images_OBJ008/OBJ008_086.jpg,OBJ008,False,86,OBJ008,train
IE7615 Deep Learning for AI/images_OBJ008/OBJ008_087.jpg,OBJ008,False,87,OBJ008,train
IE7615 Deep Learning for AI/images_OBJ008/OBJ008_088.jpg,OBJ008,False,88,OBJ008,train
IE7615 Deep Learning for AI/images_OBJ008/OBJ008_089.jpg,OBJ008,False,89,OBJ008,train
IE7615 Deep Learning for AI/images_OBJ008/OBJ008_090.jpg,OBJ008,False,90,OBJ008,train
IE7615 Deep Learning for AI/images_OBJ008/OBJ008_091.jpg,OBJ008,False,91,OBJ008,val
IE7615 Deep Learning for AI/images_OBJ008/OBJ008_092.jpg,OBJ008,False,92,OBJ008,val
IE7615 Deep Learning for AI/images_OBJ008/OBJ008_093.jpg,OBJ008,False,93,OBJ008,val
IE7615 Deep Learning for AI/images_OBJ008/OBJ008_094.jpg,OBJ008,False,94,OBJ008,val
IE7615 Deep Learning for AI/images_OBJ008/OBJ008_095.jpg,OBJ008,False,95,OBJ008,val
IE7615 Deep Learning for AI/images_OBJ008/OBJ008_bg_001.jpg,OBJ008,True,1,no_object,test
IE7615 Deep Learning for AI/images_OBJ008/OBJ008_bg_002.jpg,OBJ008,True,2,no_object,test
IE7615 Deep Learning for AI/images_OBJ008/OBJ008_bg_003.jpg,OBJ008,True,3,no_object,test
IE7615 Deep Learning for AI/images_OBJ008/OBJ008_bg_004.jpg,OBJ008,True,4,no_object,test
IE7615 Deep Learning for AI/images_OBJ008/OBJ008_bg_005.jpg,OBJ008,True,5,no_object,test
IE7615 Deep Learning for AI/images_OBJ009/OBJ009_001.jpg,OBJ009,False,1,OBJ009,train
IE7615 Deep Learning for AI/images_OBJ009/OBJ009_002.jpg,OBJ009,False,2,OBJ009,train
IE7615 Deep Learning for AI/images_OBJ009/OBJ009_003.jpg,OBJ009,False,3,OBJ009,train
IE7615 Deep Learning for AI/images_OBJ009/OBJ009_004.jpg,OBJ009,False,4,OBJ009,train
IE7615 Deep Learning for AI/images_OBJ009/OBJ009_005.jpg,OBJ009,False,5,OBJ009,train
IE7615 Deep Learning for AI/images_OBJ009/OBJ009_006.jpg,OBJ009,False,6,OBJ009,train
IE7615 Deep Learning for AI/images_OBJ009/OBJ009_007.jpg,OBJ009,False,7,OBJ009,train
IE7615 Deep Learning for AI/images_OBJ009/OBJ009_008.jpg,OBJ009,False,8,OBJ009,train
IE7615 Deep Learning for AI/images_OBJ009/OBJ009_009.jpg,OBJ009,False,9,OBJ009,train
IE7615 Deep Learning for AI/images_OBJ009/OBJ009_010.jpg,OBJ009,False,10,OBJ009,train
IE7615 Deep Learning for AI/images_OBJ009/OBJ009_011.jpg,OBJ009,False,11,OBJ009,train
IE7615 Deep Learning for AI/images_OBJ009/OBJ009_012.jpg,OBJ009,False,12,OBJ009,train
IE7615 Deep Learning for AI/images_OBJ009/OBJ009_013.jpg,OBJ009,False,13,OBJ009,train
IE7615 Deep Learning for AI/images_OBJ009/OBJ009_014.jpg,OBJ009,False,14,OBJ009,train
IE7615 Deep Learning for AI/images_OBJ009/OBJ009_015.jpg,OBJ009,False,15,OBJ009,train
IE7615 Deep Learning for AI/images_OBJ009/OBJ009_016.jpg,OBJ009,False,16,OBJ009,val
IE7615 Deep Learning for AI/images_OBJ009/OBJ009_017.jpg,OBJ009,False,17,OBJ009,val
IE7615 Deep Learning for AI/images_OBJ009/OBJ009_018.jpg,OBJ009,False,18,OBJ009,val
IE7615 Deep Learning for AI/images_OBJ009/OBJ009_019.jpg,OBJ009,False,19,OBJ009,val
IE7615 Deep Learning for AI/images_OBJ009/OBJ009_020.jpg,OBJ009,False,20,OBJ009,val
IE7615 Deep Learning for AI/images_OBJ009/OBJ009_021.jpg,OBJ009,False,21,OBJ009,train
IE7615 Deep Learning for AI/images_OBJ009/OBJ009_022.jpg,OBJ009,False,22,OBJ009,train
IE7615 Deep Learning for AI/images_OBJ009/OBJ009_023.jpg,OBJ009,False,23,OBJ009,train
IE7615 Deep Learning for AI/images_OBJ009/OBJ009_024.jpg,OBJ009,False,24,OBJ009,train
IE7615 Deep Learning for AI/images_OBJ009/OBJ009_025.jpg,OBJ009,False,25,OBJ009,train
IE7615 Deep Learning for AI/images_OBJ009/OBJ009_026.jpg,OBJ009,False,26,OBJ009,train
IE7615 Deep Learning for AI/images_OBJ009/OBJ009_027.jpg,OBJ009,False,27,OBJ009,train
IE7615 Deep Learning for AI/images_OBJ009/OBJ009_028.jpg,OBJ009,False,28,OBJ009,train
IE7615 Deep Learning for AI/images_OBJ009/OBJ009_029.jpg,OBJ009,False,29,OBJ009,train
IE7615 Deep Learning for AI/images_OBJ009/OBJ009_030.jpg,OBJ009,False,30,OBJ009,train
IE7615 Deep Learning for AI/images_OBJ009/OBJ009_031.jpg,OBJ009,False,31,OBJ009,train
IE7615 Deep Learning for AI/images_OBJ009/OBJ009_032.jpg,OBJ009,False,32,OBJ009,train
IE7615 Deep Learning for AI/images_OBJ009/OBJ009_033.jpg,OBJ009,False,33,OBJ009,train
IE7615 Deep Learning for AI/images_OBJ009/OBJ009_034.jpg,OBJ009,False,34,OBJ009,train
IE7615 Deep Learning for AI/images_OBJ009/OBJ009_035.jpg,OBJ009,False,35,OBJ009,train
IE7615 Deep Learning for AI/images_OBJ009/OBJ009_036.jpg,OBJ009,False,36,OBJ009,train
IE7615 Deep Learning for AI/images_OBJ009/OBJ009_037.jpg,OBJ009,False,37,OBJ009,train
IE7615 Deep Learning for AI/images_OBJ009/OBJ009_038.jpg,OBJ009,False,38,OBJ009,train
IE7615 Deep Learning for AI/images_OBJ009/OBJ009_039.jpg,OBJ009,False,39,OBJ009,train
IE7615 Deep Learning for AI/images_OBJ009/OBJ009_040.jpg,OBJ009,False,40,OBJ009,train
IE7615 Deep Learning for AI/images_OBJ009/OBJ009_041.jpg,OBJ009,False,41,OBJ009,test
IE7615 Deep Learning for AI/images_OBJ009/OBJ009_042.jpg,OBJ009,False,42,OBJ009,test
IE7615 Deep Learning for AI/images_OBJ009/OBJ009_043.jpg,OBJ009,False,43,OBJ009,test
IE7615 Deep Learning for AI/images_OBJ009/OBJ009_044.jpg,OBJ009,False,44,OBJ009,test
IE7615 Deep Learning for AI/images_OBJ009/OBJ009_045.jpg,OBJ009,False,45,OBJ009,test
IE7615 Deep Learning for AI/images_OBJ009/OBJ009_046.jpg,OBJ009,False,46,OBJ009,test
IE7615 Deep Learning for AI/images_OBJ009/OBJ009_047.jpg,OBJ009,False,47,OBJ009,test
IE7615 Deep Learning for AI/images_OBJ009/OBJ009_048.jpg,OBJ009,False,48,OBJ009,test
IE7615 Deep Learning for AI/images_OBJ009/OBJ009_049.jpg,OBJ009,False,49,OBJ009,test
IE7615 Deep Learning for AI/images_OBJ009/OBJ009_050.jpg,OBJ009,False,50,OBJ009,test
IE7615 Deep Learning for AI/images_OBJ009/OBJ009_051.jpg,OBJ009,False,51,OBJ009,train
IE7615 Deep Learning for AI/images_OBJ009/OBJ009_052.jpg,OBJ009,False,52,OBJ009,train
IE7615 Deep Learning for AI/images_OBJ009/OBJ009_053.jpg,OBJ009,False,53,OBJ009,train
IE7615 Deep Learning for AI/images_OBJ009/OBJ009_054.jpg,OBJ009,False,54,OBJ009,train
IE7615 Deep Learning for AI/images_OBJ009/OBJ009_055.jpg,OBJ009,False,55,OBJ009,train
IE7615 Deep Learning for AI/images_OBJ009/OBJ009_056.jpg,OBJ009,False,56,OBJ009,train
IE7615 Deep Learning for AI/images_OBJ009/OBJ009_057.jpg,OBJ009,False,57,OBJ009,train
IE7615 Deep Learning for AI/images_OBJ009/OBJ009_058.jpg,OBJ009,False,58,OBJ009,train
IE7615 Deep Learning for AI/images_OBJ009/OBJ009_059.jpg,OBJ009,False,59,OBJ009,train
IE7615 Deep Learning for AI/images_OBJ009/OBJ009_060.jpg,OBJ009,False,60,OBJ009,train
IE7615 Deep Learning for AI/images_OBJ009/OBJ009_061.jpg,OBJ009,False,61,OBJ009,val
IE7615 Deep Learning for AI/images_OBJ009/OBJ009_062.jpg,OBJ009,False,62,OBJ009,val
IE7615 Deep Learning for AI/images_OBJ009/OBJ009_063.jpg,OBJ009,False,63,OBJ009,val
IE7615 Deep Learning for AI/images_OBJ009/OBJ009_064.jpg,OBJ009,False,64,OBJ009,val
IE7615 Deep Learning for AI/images_OBJ009/OBJ009_065.jpg,OBJ009,False,65,OBJ009,val
IE7615 Deep Learning for AI/images_OBJ009/OBJ009_066.jpg,OBJ009,False,66,OBJ009,val
IE7615 Deep Learning for AI/images_OBJ009/OBJ009_067.jpg,OBJ009,False,67,OBJ009,val
IE7615 Deep Learning for AI/images_OBJ009/OBJ009_068.jpg,OBJ009,False,68,OBJ009,val
IE7615 Deep Learning for AI/images_OBJ009/OBJ009_069.jpg,OBJ009,False,69,OBJ009,val
IE7615 Deep Learning for AI/images_OBJ009/OBJ009_070.jpg,OBJ009,False,70,OBJ009,val
IE7615 Deep Learning for AI/images_OBJ009/OBJ009_071.jpg,OBJ009,False,71,OBJ009,train
IE7615 Deep Learning for AI/images_OBJ009/OBJ009_072.jpg,OBJ009,False,72,OBJ009,train
IE7615 Deep Learning for AI/images_OBJ009/OBJ009_073.jpg,OBJ009,False,73,OBJ009,train
IE7615 Deep Learning for AI/images_OBJ009/OBJ009_074.jpg,OBJ009,False,74,OBJ009,train
IE7615 Deep Learning for AI/images_OBJ009/OBJ009_075.jpg,OBJ009,False,75,OBJ009,train
IE7615 Deep Learning for AI/images_OBJ009/OBJ009_076.jpg,OBJ009,False,76,OBJ009,test
IE7615 Deep Learning for AI/images_OBJ009/OBJ009_077.jpg,OBJ009,False,77,OBJ009,test
IE7615 Deep Learning for AI/images_OBJ009/OBJ009_078.jpg,OBJ009,False,78,OBJ009,test
IE7615 Deep Learning for AI/images_OBJ009/OBJ009_079.jpg,OBJ009,False,79,OBJ009,test
IE7615 Deep Learning for AI/images_OBJ009/OBJ009_080.jpg,OBJ009,False,80,OBJ009,test
IE7615 Deep Learning for AI/images_OBJ009/OBJ009_081.jpg,OBJ009,False,81,OBJ009,train
IE7615 Deep Learning for AI/images_OBJ009/OBJ009_082.jpg,OBJ009,False,82,OBJ009,train
IE7615 Deep Learning for AI/images_OBJ009/OBJ009_083.jpg,OBJ009,False,83,OBJ009,train
IE7615 Deep Learning for AI/images_OBJ009/OBJ009_084.jpg,OBJ009,False,84,OBJ009,train
IE7615 Deep Learning for AI/images_OBJ009/OBJ009_085.jpg,OBJ009,False,85,OBJ009,train
IE7615 Deep Learning for AI/images_OBJ009/OBJ009_086.jpg,OBJ009,False,86,OBJ009,train
IE7615 Deep Learning for AI/images_OBJ009/OBJ009_087.jpg,OBJ009,False,87,OBJ009,train
IE7615 Deep Learning for AI/images_OBJ009/OBJ009_088.jpg,OBJ009,False,88,OBJ009,train
IE7615 Deep Learning for AI/images_OBJ009/OBJ009_089.jpg,OBJ009,False,89,OBJ009,train
IE7615 Deep Learning for AI/images_OBJ009/OBJ009_090.jpg,OBJ009,False,90,OBJ009,train
IE7615 Deep Learning for AI/images_OBJ009/OBJ009_091.jpg,OBJ009,False,91,OBJ009,train
IE7615 Deep Learning for AI/images_OBJ009/OBJ009_092.jpg,OBJ009,False,92,OBJ009,train
IE7615 Deep Learning for AI/images_OBJ009/OBJ009_093.jpg,OBJ009,False,93,OBJ009,train
IE7615 Deep Learning for AI/images_OBJ009/OBJ009_094.jpg,OBJ009,False,94,OBJ009,train
IE7615 Deep Learning for AI/images_OBJ009/OBJ009_095.jpg,OBJ009,False,95,OBJ009,train
IE7615 Deep Learning for AI/images_OBJ009/OBJ009_bg_001.jpg,OBJ009,True,1,no_object,train
IE7615 Deep Learning for AI/images_OBJ009/OBJ009_bg_002.jpg,OBJ009,True,2,no_object,train
IE7615 Deep Learning for AI/images_OBJ009/OBJ009_bg_003.jpg,OBJ009,True,3,no_object,train
IE7615 Deep Learning for AI/images_OBJ009/OBJ009_bg_004.jpg,OBJ009,True,4,no_object,train
IE7615 Deep Learning for AI/images_OBJ009/OBJ009_bg_005.jpg,OBJ009,True,5,no_object,train
IE7615 Deep Learning for AI/images_OBJ009/OBJ009_bg_006.jpg,OBJ009,True,6,no_object,train
IE7615 Deep Learning for AI/images_OBJ009/OBJ009_bg_007.jpg,OBJ009,True,7,no_object,train
IE7615 Deep Learning for AI/images_OBJ009/OBJ009_bg_008.jpg,OBJ009,True,8,no_object,train
IE7615 Deep Learning for AI/images_OBJ009/OBJ009_bg_009.jpg,OBJ009,True,9,no_object,train
IE7615 Deep Learning for AI/images_OBJ009/OBJ009_bg_010.jpg,OBJ009,True,10,no_object,train
IE7615 Deep Learning for AI/images_OBJ009/OBJ009_bg_011.jpg,OBJ009,True,11,no_object,train
IE7615 Deep Learning for AI/images_OBJ010/OBJ010_001.jpg,OBJ010,False,1,OBJ010,train
IE7615 Deep Learning for AI/images_OBJ010/OBJ010_002.jpg,OBJ010,False,2,OBJ010,train
IE7615 Deep Learning for AI/images_OBJ010/OBJ010_003.jpg,OBJ010,False,3,OBJ010,train
IE7615 Deep Learning for AI/images_OBJ010/OBJ010_004.jpg,OBJ010,False,4,OBJ010,train
IE7615 Deep Learning for AI/images_OBJ010/OBJ010_005.jpg,OBJ010,False,5,OBJ010,train
IE7615 Deep Learning for AI/images_OBJ010/OBJ010_006.jpg,OBJ010,False,6,OBJ010,train
IE7615 Deep Learning for AI/images_OBJ010/OBJ010_007.jpg,OBJ010,False,7,OBJ010,train
IE7615 Deep Learning for AI/images_OBJ010/OBJ010_008.jpg,OBJ010,False,8,OBJ010,train
IE7615 Deep Learning for AI/images_OBJ010/OBJ010_009.jpg,OBJ010,False,9,OBJ010,train
IE7615 Deep Learning for AI/images_OBJ010/OBJ010_010.jpg,OBJ010,False,10,OBJ010,train
IE7615 Deep Learning for AI/images_OBJ010/OBJ010_011.jpg,OBJ010,False,11,OBJ010,train
IE7615 Deep Learning for AI/images_OBJ010/OBJ010_012.jpg,OBJ010,False,12,OBJ010,train
IE7615 Deep Learning for AI/images_OBJ010/OBJ010_013.jpg,OBJ010,False,13,OBJ010,train
IE7615 Deep Learning for AI/images_OBJ010/OBJ010_014.jpg,OBJ010,False,14,OBJ010,train
IE7615 Deep Learning for AI/images_OBJ010/OBJ010_015.jpg,OBJ010,False,15,OBJ010,train
IE7615 Deep Learning for AI/images_OBJ010/OBJ010_016.jpg,OBJ010,False,16,OBJ010,test
IE7615 Deep Learning for AI/images_OBJ010/OBJ010_017.jpg,OBJ010,False,17,OBJ010,test
IE7615 Deep Learning for AI/images_OBJ010/OBJ010_018.jpg,OBJ010,False,18,OBJ010,test
IE7615 Deep Learning for AI/images_OBJ010/OBJ010_019.jpg,OBJ010,False,19,OBJ010,test
IE7615 Deep Learning for AI/images_OBJ010/OBJ010_020.jpg,OBJ010,False,20,OBJ010,test
IE7615 Deep Learning for AI/images_OBJ010/OBJ010_021.jpg,OBJ010,False,21,OBJ010,train
IE7615 Deep Learning for AI/images_OBJ010/OBJ010_022.jpg,OBJ010,False,22,OBJ010,train
IE7615 Deep Learning for AI/images_OBJ010/OBJ010_023.jpg,OBJ010,False,23,OBJ010,train
IE7615 Deep Learning for AI/images_OBJ010/OBJ010_024.jpg,OBJ010,False,24,OBJ010,train
IE7615 Deep Learning for AI/images_OBJ010/OBJ010_025.jpg,OBJ010,False,25,OBJ010,train
IE7615 Deep Learning for AI/images_OBJ010/OBJ010_026.jpg,OBJ010,False,26,OBJ010,val
IE7615 Deep Learning for AI/images_OBJ010/OBJ010_027.jpg,OBJ010,False,27,OBJ010,val
IE7615 Deep Learning for AI/images_OBJ010/OBJ010_028.jpg,OBJ010,False,28,OBJ010,val
IE7615 Deep Learning for AI/images_OBJ010/OBJ010_029.jpg,OBJ010,False,29,OBJ010,val
IE7615 Deep Learning for AI/images_OBJ010/OBJ010_030.jpg,OBJ010,False,30,OBJ010,val
IE7615 Deep Learning for AI/images_OBJ010/OBJ010_031.jpg,OBJ010,False,31,OBJ010,val
IE7615 Deep Learning for AI/images_OBJ010/OBJ010_032.jpg,OBJ010,False,32,OBJ010,val
IE7615 Deep Learning for AI/images_OBJ010/OBJ010_033.jpg,OBJ010,False,33,OBJ010,val
IE7615 Deep Learning for AI/images_OBJ010/OBJ010_034.jpg,OBJ010,False,34,OBJ010,val
IE7615 Deep Learning for AI/images_OBJ010/OBJ010_035.jpg,OBJ010,False,35,OBJ010,val
IE7615 Deep Learning for AI/images_OBJ010/OBJ010_036.jpg,OBJ010,False,36,OBJ010,train
IE7615 Deep Learning for AI/images_OBJ010/OBJ010_037.jpg,OBJ010,False,37,OBJ010,train
IE7615 Deep Learning for AI/images_OBJ010/OBJ010_038.jpg,OBJ010,False,38,OBJ010,train
IE7615 Deep Learning for AI/images_OBJ010/OBJ010_039.jpg,OBJ010,False,39,OBJ010,train
IE7615 Deep Learning for AI/images_OBJ010/OBJ010_040.jpg,OBJ010,False,40,OBJ010,train
IE7615 Deep Learning for AI/images_OBJ010/OBJ010_041.jpg,OBJ010,False,41,OBJ010,train
IE7615 Deep Learning for AI/images_OBJ010/OBJ010_042.jpg,OBJ010,False,42,OBJ010,train
IE7615 Deep Learning for AI/images_OBJ010/OBJ010_043.jpg,OBJ010,False,43,OBJ010,train
IE7615 Deep Learning for AI/images_OBJ010/OBJ010_044.jpg,OBJ010,False,44,OBJ010,train
IE7615 Deep Learning for AI/images_OBJ010/OBJ010_045.jpg,OBJ010,False,45,OBJ010,train
IE7615 Deep Learning for AI/images_OBJ010/OBJ010_046.jpg,OBJ010,False,46,OBJ010,train
IE7615 Deep Learning for AI/images_OBJ010/OBJ010_047.jpg,OBJ010,False,47,OBJ010,train
IE7615 Deep Learning for AI/images_OBJ010/OBJ010_048.jpg,OBJ010,False,48,OBJ010,train
IE7615 Deep Learning for AI/images_OBJ010/OBJ010_049.jpg,OBJ010,False,49,OBJ010,train
IE7615 Deep Learning for AI/images_OBJ010/OBJ010_050.jpg,OBJ010,False,50,OBJ010,train
IE7615 Deep Learning for AI/images_OBJ010/OBJ010_051.jpg,OBJ010,False,51,OBJ010,test
IE7615 Deep Learning for AI/images_OBJ010/OBJ010_052.jpg,OBJ010,False,52,OBJ010,test
IE7615 Deep Learning for AI/images_OBJ010/OBJ010_053.jpg,OBJ010,False,53,OBJ010,test
IE7615 Deep Learning for AI/images_OBJ010/OBJ010_054.jpg,OBJ010,False,54,OBJ010,test
IE7615 Deep Learning for AI/images_OBJ010/OBJ010_055.jpg,OBJ010,False,55,OBJ010,test
IE7615 Deep Learning for AI/images_OBJ010/OBJ010_056.jpg,OBJ010,False,56,OBJ010,train
IE7615 Deep Learning for AI/images_OBJ010/OBJ010_057.jpg,OBJ010,False,57,OBJ010,train
IE7615 Deep Learning for AI/images_OBJ010/OBJ010_058.jpg,OBJ010,False,58,OBJ010,train
IE7615 Deep Learning for AI/images_OBJ010/OBJ010_059.jpg,OBJ010,False,59,OBJ010,train
IE7615 Deep Learning for AI/images_OBJ010/OBJ010_060.jpg,OBJ010,False,60,OBJ010,train
IE7615 Deep Learning for AI/images_OBJ010/OBJ010_061.jpg,OBJ010,False,61,OBJ010,val
IE7615 Deep Learning for AI/images_OBJ010/OBJ010_062.jpg,OBJ010,False,62,OBJ010,val
IE7615 Deep Learning for AI/images_OBJ010/OBJ010_063.jpg,OBJ010,False,63,OBJ010,val
IE7615 Deep Learning for AI/images_OBJ010/OBJ010_064.jpg,OBJ010,False,64,OBJ010,val
IE7615 Deep Learning for AI/images_OBJ010/OBJ010_065.jpg,OBJ010,False,65,OBJ010,val
IE7615 Deep Learning for AI/images_OBJ010/OBJ010_066.jpg,OBJ010,False,66,OBJ010,train
IE7615 Deep Learning for AI/images_OBJ010/OBJ010_067.jpg,OBJ010,False,67,OBJ010,train
IE7615 Deep Learning for AI/images_OBJ010/OBJ010_068.jpg,OBJ010,False,68,OBJ010,train
IE7615 Deep Learning for AI/images_OBJ010/OBJ010_069.jpg,OBJ010,False,69,OBJ010,train
IE7615 Deep Learning for AI/images_OBJ010/OBJ010_070.jpg,OBJ010,False,70,OBJ010,train
IE7615 Deep Learning for AI/images_OBJ010/OBJ010_071.jpg,OBJ010,False,71,OBJ010,train
IE7615 Deep Learning for AI/images_OBJ010/OBJ010_072.jpg,OBJ010,False,72,OBJ010,train
IE7615 Deep Learning for AI/images_OBJ010/OBJ010_073.jpg,OBJ010,False,73,OBJ010,train
IE7615 Deep Learning for AI/images_OBJ010/OBJ010_074.jpg,OBJ010,False,74,OBJ010,train
IE7615 Deep Learning for AI/images_OBJ010/OBJ010_075.jpg,OBJ010,False,75,OBJ010,train
IE7615 Deep Learning for AI/images_OBJ010/OBJ010_076.jpg,OBJ010,False,76,OBJ010,train
IE7615 Deep Learning for AI/images_OBJ010/OBJ010_077.jpg,OBJ010,False,77,OBJ010,train
IE7615 Deep Learning for AI/images_OBJ010/OBJ010_078.jpg,OBJ010,False,78,OBJ010,train
IE7615 Deep Learning for AI/images_OBJ010/OBJ010_079.jpg,OBJ010,False,79,OBJ010,train
IE7615 Deep Learning for AI/images_OBJ010/OBJ010_080.jpg,OBJ010,False,80,OBJ010,train
IE7615 Deep Learning for AI/images_OBJ010/OBJ010_081.jpg,OBJ010,False,81,OBJ010,train
IE7615 Deep Learning for AI/images_OBJ010/OBJ010_082.jpg,OBJ010,False,82,OBJ010,train
IE7615 Deep Learning for AI/images_OBJ010/OBJ010_083.jpg,OBJ010,False,83,OBJ010,train
IE7615 Deep Learning for AI/images_OBJ010/OBJ010_084.jpg,OBJ010,False,84,OBJ010,train
IE7615 Deep Learning for AI/images_OBJ010/OBJ010_085.jpg,OBJ010,False,85,OBJ010,train
IE7615 Deep Learning for AI/images_OBJ010/OBJ010_086.jpg,OBJ010,False,86,OBJ010,train
IE7615 Deep Learning for AI/images_OBJ010/OBJ010_087.jpg,OBJ010,False,87,OBJ010,train
IE7615 Deep Learning for AI/images_OBJ010/OBJ010_088.jpg,OBJ010,False,88,OBJ010,train
IE7615 Deep Learning for AI/images_OBJ010/OBJ010_089.jpg,OBJ010,False,89,OBJ010,train
IE7615 Deep Learning for AI/images_OBJ010/OBJ010_090.jpg,OBJ010,False,90,OBJ010,train
IE7615 Deep Learning for AI/images_OBJ010/OBJ010_091.jpg,OBJ010,False,91,OBJ010,test
IE7615 Deep Learning for AI/images_OBJ010/OBJ010_092.jpg,OBJ010,False,92,OBJ010,test
IE7615 Deep Learning for AI/images_OBJ010/OBJ010_093.jpg,OBJ010,False,93,OBJ010,test
IE7615 Deep Learning for AI/images_OBJ010/OBJ010_094.jpg,OBJ010,False,94,OBJ010,test
IE7615 Deep Learning for AI/images_OBJ010/OBJ010_095.jpg,OBJ010,False,95,OBJ010,test
IE7615 Deep Learning for AI/images_OBJ010/OBJ010_bg_001.jpg,OBJ010,True,1,no_object,train
IE7615 Deep Learning for AI/images_OBJ010/OBJ010_bg_002.jpg,OBJ010,True,2,no_object,train
IE7615 Deep Learning for AI/images_OBJ010/OBJ010_bg_003.jpg,OBJ010,True,3,no_object,train
IE7615 Deep Learning for AI/images_OBJ010/OBJ010_bg_004.jpg,OBJ010,True,4,no_object,train
IE7615 Deep Learning for AI/images_OBJ010/OBJ010_bg_005.jpg,OBJ010,True,5,no_object,train
IE7615 Deep Learning for AI/images_OBJ011/OBJ011_001.jpg,OBJ011,False,1,OBJ011,test
IE7615 Deep Learning for AI/images_OBJ011/OBJ011_002.jpg,OBJ011,False,2,OBJ011,test
IE7615 Deep Learning for AI/images_OBJ011/OBJ011_003.jpg,OBJ011,False,3,OBJ011,test
IE7615 Deep Learning for AI/images_OBJ011/OBJ011_004.jpg,OBJ011,False,4,OBJ011,test
IE7615 Deep Learning for AI/images_OBJ011/OBJ011_005.jpg,OBJ011,False,5,OBJ011,test
IE7615 Deep Learning for AI/images_OBJ011/OBJ011_006.jpg,OBJ011,False,6,OBJ011,test
IE7615 Deep Learning for AI/images_OBJ011/OBJ011_007.jpg,OBJ011,False,7,OBJ011,test
IE7615 Deep Learning for AI/images_OBJ011/OBJ011_008.jpg,OBJ011,False,8,OBJ011,test
IE7615 Deep Learning for AI/images_OBJ011/OBJ011_009.jpg,OBJ011,False,9,OBJ011,test
IE7615 Deep Learning for AI/images_OBJ011/OBJ011_010.jpg,OBJ011,False,10,OBJ011,test
IE7615 Deep Learning for AI/images_OBJ011/OBJ011_011.jpg,OBJ011,False,11,OBJ011,train
IE7615 Deep Learning for AI/images_OBJ011/OBJ011_012.jpg,OBJ011,False,12,OBJ011,train
IE7615 Deep Learning for AI/images_OBJ011/OBJ011_013.jpg,OBJ011,False,13,OBJ011,train
IE7615 Deep Learning for AI/images_OBJ011/OBJ011_014.jpg,OBJ011,False,14,OBJ011,train
IE7615 Deep Learning for AI/images_OBJ011/OBJ011_015.jpg,OBJ011,False,15,OBJ011,train
IE7615 Deep Learning for AI/images_OBJ011/OBJ011_016.jpg,OBJ011,False,16,OBJ011,val
IE7615 Deep Learning for AI/images_OBJ011/OBJ011_017.jpg,OBJ011,False,17,OBJ011,val
IE7615 Deep Learning for AI/images_OBJ011/OBJ011_018.jpg,OBJ011,False,18,OBJ011,val
IE7615 Deep Learning for AI/images_OBJ011/OBJ011_019.jpg,OBJ011,False,19,OBJ011,val
IE7615 Deep Learning for AI/images_OBJ011/OBJ011_020.jpg,OBJ011,False,20,OBJ011,val
IE7615 Deep Learning for AI/images_OBJ011/OBJ011_021.jpg,OBJ011,False,21,OBJ011,train
IE7615 Deep Learning for AI/images_OBJ011/OBJ011_022.jpg,OBJ011,False,22,OBJ011,train
IE7615 Deep Learning for AI/images_OBJ011/OBJ011_023.jpg,OBJ011,False,23,OBJ011,train
IE7615 Deep Learning for AI/images_OBJ011/OBJ011_024.jpg,OBJ011,False,24,OBJ011,train
IE7615 Deep Learning for AI/images_OBJ011/OBJ011_025.jpg,OBJ011,False,25,OBJ011,train
IE7615 Deep Learning for AI/images_OBJ011/OBJ011_026.jpg,OBJ011,False,26,OBJ011,train
IE7615 Deep Learning for AI/images_OBJ011/OBJ011_027.jpg,OBJ011,False,27,OBJ011,train
IE7615 Deep Learning for AI/images_OBJ011/OBJ011_028.jpg,OBJ011,False,28,OBJ011,train
IE7615 Deep Learning for AI/images_OBJ011/OBJ011_029.jpg,OBJ011,False,29,OBJ011,train
IE7615 Deep Learning for AI/images_OBJ011/OBJ011_030.jpg,OBJ011,False,30,OBJ011,train
IE7615 Deep Learning for AI/images_OBJ011/OBJ011_031.jpg,OBJ011,False,31,OBJ011,test
IE7615 Deep Learning for AI/images_OBJ011/OBJ011_032.jpg,OBJ011,False,32,OBJ011,test
IE7615 Deep Learning for AI/images_OBJ011/OBJ011_033.jpg,OBJ011,False,33,OBJ011,test
IE7615 Deep Learning for AI/images_OBJ011/OBJ011_034.jpg,OBJ011,False,34,OBJ011,test
IE7615 Deep Learning for AI/images_OBJ011/OBJ011_035.jpg,OBJ011,False,35,OBJ011,test
IE7615 Deep Learning for AI/images_OBJ011/OBJ011_036.jpg,OBJ011,False,36,OBJ011,train
IE7615 Deep Learning for AI/images_OBJ011/OBJ011_037.jpg,OBJ011,False,37,OBJ011,train
IE7615 Deep Learning for AI/images_OBJ011/OBJ011_038.jpg,OBJ011,False,38,OBJ011,train
IE7615 Deep Learning for AI/images_OBJ011/OBJ011_039.jpg,OBJ011,False,39,OBJ011,train
IE7615 Deep Learning for AI/images_OBJ011/OBJ011_040.jpg,OBJ011,False,40,OBJ011,train
IE7615 Deep Learning for AI/images_OBJ011/OBJ011_041.jpg,OBJ011,False,41,OBJ011,train
IE7615 Deep Learning for AI/images_OBJ011/OBJ011_042.jpg,OBJ011,False,42,OBJ011,train
IE7615 Deep Learning for AI/images_OBJ011/OBJ011_043.jpg,OBJ011,False,43,OBJ011,train
IE7615 Deep Learning for AI/images_OBJ011/OBJ011_044.jpg,OBJ011,False,44,OBJ011,train
IE7615 Deep Learning for AI/images_OBJ011/OBJ011_045.jpg,OBJ011,False,45,OBJ011,train
IE7615 Deep Learning for AI/images_OBJ011/OBJ011_046.jpg,OBJ011,False,46,OBJ011,train
IE7615 Deep Learning for AI/images_OBJ011/OBJ011_047.jpg,OBJ011,False,47,OBJ011,train
IE7615 Deep Learning for AI/images_OBJ011/OBJ011_048.jpg,OBJ011,False,48,OBJ011,train
IE7615 Deep Learning for AI/images_OBJ011/OBJ011_049.jpg,OBJ011,False,49,OBJ011,train
IE7615 Deep Learning for AI/images_OBJ011/OBJ011_050.jpg,OBJ011,False,50,OBJ011,train
IE7615 Deep Learning for AI/images_OBJ011/OBJ011_051.jpg,OBJ011,False,51,OBJ011,train
IE7615 Deep Learning for AI/images_OBJ011/OBJ011_052.jpg,OBJ011,False,52,OBJ011,train
IE7615 Deep Learning for AI/images_OBJ011/OBJ011_053.jpg,OBJ011,False,53,OBJ011,train
IE7615 Deep Learning for AI/images_OBJ011/OBJ011_054.jpg,OBJ011,False,54,OBJ011,train
IE7615 Deep Learning for AI/images_OBJ011/OBJ011_055.jpg,OBJ011,False,55,OBJ011,train
IE7615 Deep Learning for AI/images_OBJ011/OBJ011_056.jpg,OBJ011,False,56,OBJ011,train
IE7615 Deep Learning for AI/images_OBJ011/OBJ011_057.jpg,OBJ011,False,57,OBJ011,train
IE7615 Deep Learning for AI/images_OBJ011/OBJ011_058.jpg,OBJ011,False,58,OBJ011,train
IE7615 Deep Learning for AI/images_OBJ011/OBJ011_059.jpg,OBJ011,False,59,OBJ011,train
IE7615 Deep Learning for AI/images_OBJ011/OBJ011_060.jpg,OBJ011,False,60,OBJ011,train
IE7615 Deep Learning for AI/images_OBJ011/OBJ011_061.jpg,OBJ011,False,61,OBJ011,train
IE7615 Deep Learning for AI/images_OBJ011/OBJ011_062.jpg,OBJ011,False,62,OBJ011,train
IE7615 Deep Learning for AI/images_OBJ011/OBJ011_063.jpg,OBJ011,False,63,OBJ011,train
IE7615 Deep Learning for AI/images_OBJ011/OBJ011_064.jpg,OBJ011,False,64,OBJ011,train
IE7615 Deep Learning for AI/images_OBJ011/OBJ011_065.jpg,OBJ011,False,65,OBJ011,train
IE7615 Deep Learning for AI/images_OBJ011/OBJ011_066.jpg,OBJ011,False,66,OBJ011,train
IE7615 Deep Learning for AI/images_OBJ011/OBJ011_067.jpg,OBJ011,False,67,OBJ011,train
IE7615 Deep Learning for AI/images_OBJ011/OBJ011_068.jpg,OBJ011,False,68,OBJ011,train
IE7615 Deep Learning for AI/images_OBJ011/OBJ011_069.jpg,OBJ011,False,69,OBJ011,train
IE7615 Deep Learning for AI/images_OBJ011/OBJ011_070.jpg,OBJ011,False,70,OBJ011,train
IE7615 Deep Learning for AI/images_OBJ011/OBJ011_071.jpg,OBJ011,False,71,OBJ011,train
IE7615 Deep Learning for AI/images_OBJ011/OBJ011_072.jpg,OBJ011,False,72,OBJ011,train
IE7615 Deep Learning for AI/images_OBJ011/OBJ011_073.jpg,OBJ011,False,73,OBJ011,train
IE7615 Deep Learning for AI/images_OBJ011/OBJ011_074.jpg,OBJ011,False,74,OBJ011,train
IE7615 Deep Learning for AI/images_OBJ011/OBJ011_075.jpg,OBJ011,False,75,OBJ011,train
IE7615 Deep Learning for AI/images_OBJ011/OBJ011_076.jpg,OBJ011,False,76,OBJ011,val
IE7615 Deep Learning for AI/images_OBJ011/OBJ011_077.jpg,OBJ011,False,77,OBJ011,val
IE7615 Deep Learning for AI/images_OBJ011/OBJ011_078.jpg,OBJ011,False,78,OBJ011,val
IE7615 Deep Learning for AI/images_OBJ011/OBJ011_079.jpg,OBJ011,False,79,OBJ011,val
IE7615 Deep Learning for AI/images_OBJ011/OBJ011_080.jpg,OBJ011,False,80,OBJ011,val
IE7615 Deep Learning for AI/images_OBJ011/OBJ011_081.jpg,OBJ011,False,81,OBJ011,train
IE7615 Deep Learning for AI/images_OBJ011/OBJ011_082.jpg,OBJ011,False,82,OBJ011,train
IE7615 Deep Learning for AI/images_OBJ011/OBJ011_083.jpg,OBJ011,False,83,OBJ011,train
IE7615 Deep Learning for AI/images_OBJ011/OBJ011_084.jpg,OBJ011,False,84,OBJ011,train
IE7615 Deep Learning for AI/images_OBJ011/OBJ011_085.jpg,OBJ011,False,85,OBJ011,train
IE7615 Deep Learning for AI/images_OBJ011/OBJ011_086.jpg,OBJ011,False,86,OBJ011,train
IE7615 Deep Learning for AI/images_OBJ011/OBJ011_087.jpg,OBJ011,False,87,OBJ011,train
IE7615 Deep Learning for AI/images_OBJ011/OBJ011_088.jpg,OBJ011,False,88,OBJ011,train
IE7615 Deep Learning for AI/images_OBJ011/OBJ011_089.jpg,OBJ011,False,89,OBJ011,train
IE7615 Deep Learning for AI/images_OBJ011/OBJ011_090.jpg,OBJ011,False,90,OBJ011,train
IE7615 Deep Learning for AI/images_OBJ011/OBJ011_091.jpg,OBJ011,False,91,OBJ011,val
IE7615 Deep Learning for AI/images_OBJ011/OBJ011_092.jpg,OBJ011,False,92,OBJ011,val
IE7615 Deep Learning for AI/images_OBJ011/OBJ011_093.jpg,OBJ011,False,93,OBJ011,val
IE7615 Deep Learning for AI/images_OBJ011/OBJ011_094.jpg,OBJ011,False,94,OBJ011,val
IE7615 Deep Learning for AI/images_OBJ011/OBJ011_95.jpg,OBJ011,False,95,OBJ011,val
IE7615 Deep Learning for AI/images_OBJ011/OBJ011_bg_001.jpg,OBJ011,True,1,no_object,train
IE7615 Deep Learning for AI/images_OBJ011/OBJ011_bg_002.jpg,OBJ011,True,2,no_object,train
IE7615 Deep Learning for AI/images_OBJ011/OBJ011_bg_003.jpg,OBJ011,True,3,no_object,train
IE7615 Deep Learning for AI/images_OBJ011/OBJ011_bg_004.jpg,OBJ011,True,4,no_object,train
IE7615 Deep Learning for AI/images_OBJ011/OBJ011_bg_005.jpg,OBJ011,True,5,no_object,train
IE7615 Deep Learning for AI/images_OBJ012/OBJ012_001.jpg,OBJ012,False,1,OBJ012,train
IE7615 Deep Learning for AI/images_OBJ012/OBJ012_002.jpg,OBJ012,False,2,OBJ012,train
IE7615 Deep Learning for AI/images_OBJ012/OBJ012_003.jpg,OBJ012,False,3,OBJ012,train
IE7615 Deep Learning for AI/images_OBJ012/OBJ012_004.jpg,OBJ012,False,4,OBJ012,train
IE7615 Deep Learning for AI/images_OBJ012/OBJ012_005.jpg,OBJ012,False,5,OBJ012,train
IE7615 Deep Learning for AI/images_OBJ012/OBJ012_006.jpg,OBJ012,False,6,OBJ012,train
IE7615 Deep Learning for AI/images_OBJ012/OBJ012_007.jpg,OBJ012,False,7,OBJ012,train
IE7615 Deep Learning for AI/images_OBJ012/OBJ012_008.jpg,OBJ012,False,8,OBJ012,train
IE7615 Deep Learning for AI/images_OBJ012/OBJ012_009.jpg,OBJ012,False,9,OBJ012,train
IE7615 Deep Learning for AI/images_OBJ012/OBJ012_010.jpg,OBJ012,False,10,OBJ012,train
IE7615 Deep Learning for AI/images_OBJ012/OBJ012_011.jpg,OBJ012,False,11,OBJ012,train
IE7615 Deep Learning for AI/images_OBJ012/OBJ012_012.jpg,OBJ012,False,12,OBJ012,train
IE7615 Deep Learning for AI/images_OBJ012/OBJ012_013.jpg,OBJ012,False,13,OBJ012,train
IE7615 Deep Learning for AI/images_OBJ012/OBJ012_014.jpg,OBJ012,False,14,OBJ012,train
IE7615 Deep Learning for AI/images_OBJ012/OBJ012_015.jpg,OBJ012,False,15,OBJ012,train
IE7615 Deep Learning for AI/images_OBJ012/OBJ012_016.jpg,OBJ012,False,16,OBJ012,val
IE7615 Deep Learning for AI/images_OBJ012/OBJ012_017.jpg,OBJ012,False,17,OBJ012,val
IE7615 Deep Learning for AI/images_OBJ012/OBJ012_018.jpg,OBJ012,False,18,OBJ012,val
IE7615 Deep Learning for AI/images_OBJ012/OBJ012_019.jpg,OBJ012,False,19,OBJ012,val
IE7615 Deep Learning for AI/images_OBJ012/OBJ012_020.jpg,OBJ012,False,20,OBJ012,val
IE7615 Deep Learning for AI/images_OBJ012/OBJ012_021.jpg,OBJ012,False,21,OBJ012,train
IE7615 Deep Learning for AI/images_OBJ012/OBJ012_022.jpg,OBJ012,False,22,OBJ012,train
IE7615 Deep Learning for AI/images_OBJ012/OBJ012_023.jpg,OBJ012,False,23,OBJ012,train
IE7615 Deep Learning for AI/images_OBJ012/OBJ012_024.jpg,OBJ012,False,24,OBJ012,train
IE7615 Deep Learning for AI/images_OBJ012/OBJ012_025.jpg,OBJ012,False,25,OBJ012,train
IE7615 Deep Learning for AI/images_OBJ012/OBJ012_026.jpg,OBJ012,False,26,OBJ012,train
IE7615 Deep Learning for AI/images_OBJ012/OBJ012_027.jpg,OBJ012,False,27,OBJ012,train
IE7615 Deep Learning for AI/images_OBJ012/OBJ012_028.jpg,OBJ012,False,28,OBJ012,train
IE7615 Deep Learning for AI/images_OBJ012/OBJ012_029.jpg,OBJ012,False,29,OBJ012,train
IE7615 Deep Learning for AI/images_OBJ012/OBJ012_030.jpg,OBJ012,False,30,OBJ012,train
IE7615 Deep Learning for AI/images_OBJ012/OBJ012_031.jpg,OBJ012,False,31,OBJ012,test
IE7615 Deep Learning for AI/images_OBJ012/OBJ012_032.jpg,OBJ012,False,32,OBJ012,test
IE7615 Deep Learning for AI/images_OBJ012/OBJ012_033.jpg,OBJ012,False,33,OBJ012,test
IE7615 Deep Learning for AI/images_OBJ012/OBJ012_034.jpg,OBJ012,False,34,OBJ012,test
IE7615 Deep Learning for AI/images_OBJ012/OBJ012_035.jpg,OBJ012,False,35,OBJ012,test
IE7615 Deep Learning for AI/images_OBJ012/OBJ012_036.jpg,OBJ012,False,36,OBJ012,train
IE7615 Deep Learning for AI/images_OBJ012/OBJ012_037.jpg,OBJ012,False,37,OBJ012,train
IE7615 Deep Learning for AI/images_OBJ012/OBJ012_038.jpg,OBJ012,False,38,OBJ012,train
IE7615 Deep Learning for AI/images_OBJ012/OBJ012_039.jpg,OBJ012,False,39,OBJ012,train
IE7615 Deep Learning for AI/images_OBJ012/OBJ012_040.jpg,OBJ012,False,40,OBJ012,train
IE7615 Deep Learning for AI/images_OBJ012/OBJ012_041.jpg,OBJ012,False,41,OBJ012,train
IE7615 Deep Learning for AI/images_OBJ012/OBJ012_042.jpg,OBJ012,False,42,OBJ012,train
IE7615 Deep Learning for AI/images_OBJ012/OBJ012_043.jpg,OBJ012,False,43,OBJ012,train
IE7615 Deep Learning for AI/images_OBJ012/OBJ012_044.jpg,OBJ012,False,44,OBJ012,train
IE7615 Deep Learning for AI/images_OBJ012/OBJ012_045.jpg,OBJ012,False,45,OBJ012,train
IE7615 Deep Learning for AI/images_OBJ012/OBJ012_046.jpg,OBJ012,False,46,OBJ012,val
IE7615 Deep Learning for AI/images_OBJ012/OBJ012_047.jpg,OBJ012,False,47,OBJ012,val
IE7615 Deep Learning for AI/images_OBJ012/OBJ012_048.jpg,OBJ012,False,48,OBJ012,val
IE7615 Deep Learning for AI/images_OBJ012/OBJ012_049.jpg,OBJ012,False,49,OBJ012,val
IE7615 Deep Learning for AI/images_OBJ012/OBJ012_050.jpg,OBJ012,False,50,OBJ012,val
IE7615 Deep Learning for AI/images_OBJ012/OBJ012_051.jpg,OBJ012,False,51,OBJ012,train
IE7615 Deep Learning for AI/images_OBJ012/OBJ012_052.jpg,OBJ012,False,52,OBJ012,train
IE7615 Deep Learning for AI/images_OBJ012/OBJ012_053.jpg,OBJ012,False,53,OBJ012,train
IE7615 Deep Learning for AI/images_OBJ012/OBJ012_054.jpg,OBJ012,False,54,OBJ012,train
IE7615 Deep Learning for AI/images_OBJ012/OBJ012_055.jpg,OBJ012,False,55,OBJ012,train
IE7615 Deep Learning for AI/images_OBJ012/OBJ012_056.jpg,OBJ012,False,56,OBJ012,train
IE7615 Deep Learning for AI/images_OBJ012/OBJ012_057.jpg,OBJ012,False,57,OBJ012,train
IE7615 Deep Learning for AI/images_OBJ012/OBJ012_058.jpg,OBJ012,False,58,OBJ012,train
IE7615 Deep Learning for AI/images_OBJ012/OBJ012_059.jpg,OBJ012,False,59,OBJ012,train
IE7615 Deep Learning for AI/images_OBJ012/OBJ012_060.jpg,OBJ012,False,60,OBJ012,train
IE7615 Deep Learning for AI/images_OBJ012/OBJ012_061.jpg,OBJ012,False,61,OBJ012,val
IE7615 Deep Learning for AI/images_OBJ012/OBJ012_062.jpg,OBJ012,False,62,OBJ012,val
IE7615 Deep Learning for AI/images_OBJ012/OBJ012_063.jpg,OBJ012,False,63,OBJ012,val
IE7615 Deep Learning for AI/images_OBJ012/OBJ012_064.jpg,OBJ012,False,64,OBJ012,val
IE7615 Deep Learning for AI/images_OBJ012/OBJ012_065.jpg,OBJ012,False,65,OBJ012,val
IE7615 Deep Learning for AI/images_OBJ012/OBJ012_066.jpg,OBJ012,False,66,OBJ012,test
IE7615 Deep Learning for AI/images_OBJ012/OBJ012_067.jpg,OBJ012,False,67,OBJ012,test
IE7615 Deep Learning for AI/images_OBJ012/OBJ012_068.jpg,OBJ012,False,68,OBJ012,test
IE7615 Deep Learning for AI/images_OBJ012/OBJ012_069.jpg,OBJ012,False,69,OBJ012,test
IE7615 Deep Learning for AI/images_OBJ012/OBJ012_070.jpg,OBJ012,False,70,OBJ012,test
IE7615 Deep Learning for AI/images_OBJ012/OBJ012_071.jpg,OBJ012,False,71,OBJ012,train
IE7615 Deep Learning for AI/images_OBJ012/OBJ012_072.jpg,OBJ012,False,72,OBJ012,train
IE7615 Deep Learning for AI/images_OBJ012/OBJ012_073.jpg,OBJ012,False,73,OBJ012,train
IE7615 Deep Learning for AI/images_OBJ012/OBJ012_074.jpg,OBJ012,False,74,OBJ012,train
IE7615 Deep Learning for AI/images_OBJ012/OBJ012_075.jpg,OBJ012,False,75,OBJ012,train
IE7615 Deep Learning for AI/images_OBJ012/OBJ012_076.jpg,OBJ012,False,76,OBJ012,train
IE7615 Deep Learning for AI/images_OBJ012/OBJ012_077.jpg,OBJ012,False,77,OBJ012,train
IE7615 Deep Learning for AI/images_OBJ012/OBJ012_078.jpg,OBJ012,False,78,OBJ012,train
IE7615 Deep Learning for AI/images_OBJ012/OBJ012_079.jpg,OBJ012,False,79,OBJ012,train
IE7615 Deep Learning for AI/images_OBJ012/OBJ012_080.jpg,OBJ012,False,80,OBJ012,train
IE7615 Deep Learning for AI/images_OBJ012/OBJ012_081.jpg,OBJ012,False,81,OBJ012,test
IE7615 Deep Learning for AI/images_OBJ012/OBJ012_082.jpg,OBJ012,False,82,OBJ012,test
IE7615 Deep Learning for AI/images_OBJ012/OBJ012_083.jpg,OBJ012,False,83,OBJ012,test
IE7615 Deep Learning for AI/images_OBJ012/OBJ012_084.jpg,OBJ012,False,84,OBJ012,test
IE7615 Deep Learning for AI/images_OBJ012/OBJ012_085.jpg,OBJ012,False,85,OBJ012,test
IE7615 Deep Learning for AI/images_OBJ012/OBJ012_086.jpg,OBJ012,False,86,OBJ012,train
IE7615 Deep Learning for AI/images_OBJ012/OBJ012_087.jpg,OBJ012,False,87,OBJ012,train
IE7615 Deep Learning for AI/images_OBJ012/OBJ012_088.jpg,OBJ012,False,88,OBJ012,train
IE7615 Deep Learning for AI/images_OBJ012/OBJ012_089.jpg,OBJ012,False,89,OBJ012,train
IE7615 Deep Learning for AI/images_OBJ012/OBJ012_090.jpg,OBJ012,False,90,OBJ012,train
IE7615 Deep Learning for AI/images_OBJ012/OBJ012_091.jpeg,OBJ012,False,91,OBJ012,train
IE7615 Deep Learning for AI/images_OBJ012/OBJ012_092.jpg,OBJ012,False,92,OBJ012,train
IE7615 Deep Learning for AI/images_OBJ012/OBJ012_093.jpg,OBJ012,False,93,OBJ012,train
IE7615 Deep Learning for AI/images_OBJ012/OBJ012_094.jpg,OBJ012,False,94,OBJ012,train
IE7615 Deep Learning for AI/images_OBJ012/OBJ012_095.jpg,OBJ012,False,95,OBJ012,train
IE7615 Deep Learning for AI/images_OBJ012/OBJ012_bg_001.jpg,OBJ012,True,1,no_object,train
IE7615 Deep Learning for AI/images_OBJ012/OBJ012_bg_002.jpg,OBJ012,True,2,no_object,train
IE7615 Deep Learning for AI/images_OBJ012/OBJ012_bg_003.jpg,OBJ012,True,3,no_object,train
IE7615 Deep Learning for AI/images_OBJ012/OBJ012_bg_004.jpg,OBJ012,True,4,no_object,train
IE7615 Deep Learning for AI/images_OBJ012/OBJ012_bg_005.jpeg,OBJ012,True,5,no_object,train
IE7615 Deep Learning for AI/images_OBJ013/OBJ013_001.jpg,OBJ013,False,1,OBJ013,train
IE7615 Deep Learning for AI/images_OBJ013/OBJ013_002.jpg,OBJ013,False,2,OBJ013,train
IE7615 Deep Learning for AI/images_OBJ013/OBJ013_003.jpg,OBJ013,False,3,OBJ013,train
IE7615 Deep Learning for AI/images_OBJ013/OBJ013_004.jpg,OBJ013,False,4,OBJ013,train
IE7615 Deep Learning for AI/images_OBJ013/OBJ013_005.jpg,OBJ013,False,5,OBJ013,train
IE7615 Deep Learning for AI/images_OBJ013/OBJ013_006.jpg,OBJ013,False,6,OBJ013,train
IE7615 Deep Learning for AI/images_OBJ013/OBJ013_007.jpg,OBJ013,False,7,OBJ013,train
IE7615 Deep Learning for AI/images_OBJ013/OBJ013_008.jpg,OBJ013,False,8,OBJ013,train
IE7615 Deep Learning for AI/images_OBJ013/OBJ013_009.jpg,OBJ013,False,9,OBJ013,train
IE7615 Deep Learning for AI/images_OBJ013/OBJ013_010.jpg,OBJ013,False,10,OBJ013,train
IE7615 Deep Learning for AI/images_OBJ013/OBJ013_011.jpg,OBJ013,False,11,OBJ013,train
IE7615 Deep Learning for AI/images_OBJ013/OBJ013_012.jpg,OBJ013,False,12,OBJ013,train
IE7615 Deep Learning for AI/images_OBJ013/OBJ013_013.jpg,OBJ013,False,13,OBJ013,train
IE7615 Deep Learning for AI/images_OBJ013/OBJ013_014.jpg,OBJ013,False,14,OBJ013,train
IE7615 Deep Learning for AI/images_OBJ013/OBJ013_015.jpg,OBJ013,False,15,OBJ013,train
IE7615 Deep Learning for AI/images_OBJ013/OBJ013_016.jpg,OBJ013,False,16,OBJ013,train
IE7615 Deep Learning for AI/images_OBJ013/OBJ013_017.jpg,OBJ013,False,17,OBJ013,train
IE7615 Deep Learning for AI/images_OBJ013/OBJ013_018.jpg,OBJ013,False,18,OBJ013,train
IE7615 Deep Learning for AI/images_OBJ013/OBJ013_019.jpg,OBJ013,False,19,OBJ013,train
IE7615 Deep Learning for AI/images_OBJ013/OBJ013_020.jpg,OBJ013,False,20,OBJ013,train
IE7615 Deep Learning for AI/images_OBJ013/OBJ013_021.jpg,OBJ013,False,21,OBJ013,train
IE7615 Deep Learning for AI/images_OBJ013/OBJ013_022.jpg,OBJ013,False,22,OBJ013,train
IE7615 Deep Learning for AI/images_OBJ013/OBJ013_023.jpg,OBJ013,False,23,OBJ013,train
IE7615 Deep Learning for AI/images_OBJ013/OBJ013_024.jpg,OBJ013,False,24,OBJ013,train
IE7615 Deep Learning for AI/images_OBJ013/OBJ013_025.jpg,OBJ013,False,25,OBJ013,train
IE7615 Deep Learning for AI/images_OBJ013/OBJ013_026.jpg,OBJ013,False,26,OBJ013,train
IE7615 Deep Learning for AI/images_OBJ013/OBJ013_027.jpg,OBJ013,False,27,OBJ013,train
IE7615 Deep Learning for AI/images_OBJ013/OBJ013_028.jpg,OBJ013,False,28,OBJ013,train
IE7615 Deep Learning for AI/images_OBJ013/OBJ013_029.jpg,OBJ013,False,29,OBJ013,train
IE7615 Deep Learning for AI/images_OBJ013/OBJ013_030.jpg,OBJ013,False,30,OBJ013,train
IE7615 Deep Learning for AI/images_OBJ013/OBJ013_031.jpg,OBJ013,False,31,OBJ013,train
IE7615 Deep Learning for AI/images_OBJ013/OBJ013_032.jpg,OBJ013,False,32,OBJ013,train
IE7615 Deep Learning for AI/images_OBJ013/OBJ013_033.jpg,OBJ013,False,33,OBJ013,train
IE7615 Deep Learning for AI/images_OBJ013/OBJ013_034.jpg,OBJ013,False,34,OBJ013,train
IE7615 Deep Learning for AI/images_OBJ013/OBJ013_035.jpg,OBJ013,False,35,OBJ013,train
IE7615 Deep Learning for AI/images_OBJ013/OBJ013_036.jpg,OBJ013,False,36,OBJ013,val
IE7615 Deep Learning for AI/images_OBJ013/OBJ013_037.jpg,OBJ013,False,37,OBJ013,val
IE7615 Deep Learning for AI/images_OBJ013/OBJ013_038.jpg,OBJ013,False,38,OBJ013,val
IE7615 Deep Learning for AI/images_OBJ013/OBJ013_039.jpg,OBJ013,False,39,OBJ013,val
IE7615 Deep Learning for AI/images_OBJ013/OBJ013_040.jpg,OBJ013,False,40,OBJ013,val
IE7615 Deep Learning for AI/images_OBJ013/OBJ013_041.jpg,OBJ013,False,41,OBJ013,train
IE7615 Deep Learning for AI/images_OBJ013/OBJ013_042.jpg,OBJ013,False,42,OBJ013,train
IE7615 Deep Learning for AI/images_OBJ013/OBJ013_043.jpg,OBJ013,False,43,OBJ013,train
IE7615 Deep Learning for AI/images_OBJ013/OBJ013_044.jpg,OBJ013,False,44,OBJ013,train
IE7615 Deep Learning for AI/images_OBJ013/OBJ013_045.jpg,OBJ013,False,45,OBJ013,train
IE7615 Deep Learning for AI/images_OBJ013/OBJ013_046.jpg,OBJ013,False,46,OBJ013,train
IE7615 Deep Learning for AI/images_OBJ013/OBJ013_047.jpg,OBJ013,False,47,OBJ013,train
IE7615 Deep Learning for AI/images_OBJ013/OBJ013_048.jpg,OBJ013,False,48,OBJ013,train
IE7615 Deep Learning for AI/images_OBJ013/OBJ013_049.jpg,OBJ013,False,49,OBJ013,train
IE7615 Deep Learning for AI/images_OBJ013/OBJ013_050.jpg,OBJ013,False,50,OBJ013,train
IE7615 Deep Learning for AI/images_OBJ013/OBJ013_051.jpg,OBJ013,False,51,OBJ013,test
IE7615 Deep Learning for AI/images_OBJ013/OBJ013_052.jpg,OBJ013,False,52,OBJ013,test
IE7615 Deep Learning for AI/images_OBJ013/OBJ013_053.jpg,OBJ013,False,53,OBJ013,test
IE7615 Deep Learning for AI/images_OBJ013/OBJ013_054.jpg,OBJ013,False,54,OBJ013,test
IE7615 Deep Learning for AI/images_OBJ013/OBJ013_055.jpg,OBJ013,False,55,OBJ013,test
IE7615 Deep Learning for AI/images_OBJ013/OBJ013_056.jpg,OBJ013,False,56,OBJ013,train
IE7615 Deep Learning for AI/images_OBJ013/OBJ013_057.jpg,OBJ013,False,57,OBJ013,train
IE7615 Deep Learning for AI/images_OBJ013/OBJ013_058.jpg,OBJ013,False,58,OBJ013,train
IE7615 Deep Learning for AI/images_OBJ013/OBJ013_059.jpg,OBJ013,False,59,OBJ013,train
IE7615 Deep Learning for AI/images_OBJ013/OBJ013_060.jpg,OBJ013,False,60,OBJ013,train
IE7615 Deep Learning for AI/images_OBJ013/OBJ013_061.jpg,OBJ013,False,61,OBJ013,train
IE7615 Deep Learning for AI/images_OBJ013/OBJ013_062.jpg,OBJ013,False,62,OBJ013,train
IE7615 Deep Learning for AI/images_OBJ013/OBJ013_063.jpg,OBJ013,False,63,OBJ013,train
IE7615 Deep Learning for AI/images_OBJ013/OBJ013_064.jpg,OBJ013,False,64,OBJ013,train
IE7615 Deep Learning for AI/images_OBJ013/OBJ013_065.jpg,OBJ013,False,65,OBJ013,train
IE7615 Deep Learning for AI/images_OBJ013/OBJ013_066.jpg,OBJ013,False,66,OBJ013,test
IE7615 Deep Learning for AI/images_OBJ013/OBJ013_067.jpg,OBJ013,False,67,OBJ013,test
IE7615 Deep Learning for AI/images_OBJ013/OBJ013_068.jpg,OBJ013,False,68,OBJ013,test
IE7615 Deep Learning for AI/images_OBJ013/OBJ013_069.jpg,OBJ013,False,69,OBJ013,test
IE7615 Deep Learning for AI/images_OBJ013/OBJ013_070.jpg,OBJ013,False,70,OBJ013,test
IE7615 Deep Learning for AI/images_OBJ013/OBJ013_071.jpg,OBJ013,False,71,OBJ013,val
IE7615 Deep Learning for AI/images_OBJ013/OBJ013_072.jpg,OBJ013,False,72,OBJ013,val
IE7615 Deep Learning for AI/images_OBJ013/OBJ013_073.jpg,OBJ013,False,73,OBJ013,val
IE7615 Deep Learning for AI/images_OBJ013/OBJ013_074.jpg,OBJ013,False,74,OBJ013,val
IE7615 Deep Learning for AI/images_OBJ013/OBJ013_075.jpg,OBJ013,False,75,OBJ013,val
IE7615 Deep Learning for AI/images_OBJ013/OBJ013_076.jpg,OBJ013,False,76,OBJ013,test
IE7615 Deep Learning for AI/images_OBJ013/OBJ013_077.jpg,OBJ013,False,77,OBJ013,test
IE7615 Deep Learning for AI/images_OBJ013/OBJ013_078.jpg,OBJ013,False,78,OBJ013,test
IE7615 Deep Learning for AI/images_OBJ013/OBJ013_079.jpg,OBJ013,False,79,OBJ013,test
IE7615 Deep Learning for AI/images_OBJ013/OBJ013_080.jpg,OBJ013,False,80,OBJ013,test
IE7615 Deep Learning for AI/images_OBJ013/OBJ013_081.jpg,OBJ013,False,81,OBJ013,train
IE7615 Deep Learning for AI/images_OBJ013/OBJ013_082.jpg,OBJ013,False,82,OBJ013,train
IE7615 Deep Learning for AI/images_OBJ013/OBJ013_083.jpg,OBJ013,False,83,OBJ013,train
IE7615 Deep Learning for AI/images_OBJ013/OBJ013_084.jpg,OBJ013,False,84,OBJ013,train
IE7615 Deep Learning for AI/images_OBJ013/OBJ013_085.jpg,OBJ013,False,85,OBJ013,train
IE7615 Deep Learning for AI/images_OBJ013/OBJ013_086.jpg,OBJ013,False,86,OBJ013,val
IE7615 Deep Learning for AI/images_OBJ013/OBJ013_087.jpg,OBJ013,False,87,OBJ013,val
IE7615 Deep Learning for AI/images_OBJ013/OBJ013_088.jpg,OBJ013,False,88,OBJ013,val
IE7615 Deep Learning for AI/images_OBJ013/OBJ013_089.jpg,OBJ013,False,89,OBJ013,val
IE7615 Deep Learning for AI/images_OBJ013/OBJ013_090.jpg,OBJ013,False,90,OBJ013,val
IE7615 Deep Learning for AI/images_OBJ013/OBJ013_091.jpg,OBJ013,False,91,OBJ013,train
IE7615 Deep Learning for AI/images_OBJ013/OBJ013_092.jpg,OBJ013,False,92,OBJ013,train
IE7615 Deep Learning for AI/images_OBJ013/OBJ013_093.jpg,OBJ013,False,93,OBJ013,train
IE7615 Deep Learning for AI/images_OBJ013/OBJ013_094.jpg,OBJ013,False,94,OBJ013,train
IE7615 Deep Learning for AI/images_OBJ013/OBJ013_BG001.jpg,OBJ013,True,1,no_object,train
IE7615 Deep Learning for AI/images_OBJ013/OBJ013_BG002.jpg,OBJ013,True,2,no_object,train
IE7615 Deep Learning for AI/images_OBJ013/OBJ013_BG003.jpg,OBJ013,True,3,no_object,train
IE7615 Deep Learning for AI/images_OBJ013/OBJ013_BG004.jpg,OBJ013,True,4,no_object,train
IE7615 Deep Learning for AI/images_OBJ013/OBJ013_BG005.jpg,OBJ013,True,5,no_object,train
IE7615 Deep Learning for AI/images_OBJ013/OBJ013_BG006.jpg,OBJ013,True,6,no_object,train
IE7615 Deep Learning for AI/images_OBJ014/OBJ014_001.jpeg,OBJ014,False,1,OBJ014,test
IE7615 Deep Learning for AI/images_OBJ014/OBJ014_002.jpeg,OBJ014,False,2,OBJ014,test
IE7615 Deep Learning for AI/images_OBJ014/OBJ014_003.jpeg,OBJ014,False,3,OBJ014,test
IE7615 Deep Learning for AI/images_OBJ014/OBJ014_004.jpeg,OBJ014,False,4,OBJ014,test
IE7615 Deep Learning for AI/images_OBJ014/OBJ014_005.jpeg,OBJ014,False,5,OBJ014,test
IE7615 Deep Learning for AI/images_OBJ014/OBJ014_006.jpeg,OBJ014,False,6,OBJ014,train
IE7615 Deep Learning for AI/images_OBJ014/OBJ014_007.jpeg,OBJ014,False,7,OBJ014,train
IE7615 Deep Learning for AI/images_OBJ014/OBJ014_008.jpeg,OBJ014,False,8,OBJ014,train
IE7615 Deep Learning for AI/images_OBJ014/OBJ014_009.jpeg,OBJ014,False,9,OBJ014,train
IE7615 Deep Learning for AI/images_OBJ014/OBJ014_010.jpeg,OBJ014,False,10,OBJ014,train
IE7615 Deep Learning for AI/images_OBJ014/OBJ014_011.jpeg,OBJ014,False,11,OBJ014,val
IE7615 Deep Learning for AI/images_OBJ014/OBJ014_012.jpeg,OBJ014,False,12,OBJ014,val
IE7615 Deep Learning for AI/images_OBJ014/OBJ014_013.jpeg,OBJ014,False,13,OBJ014,val
IE7615 Deep Learning for AI/images_OBJ014/OBJ014_014.jpeg,OBJ014,False,14,OBJ014,val
IE7615 Deep Learning for AI/images_OBJ014/OBJ014_015.jpeg,OBJ014,False,15,OBJ014,val
IE7615 Deep Learning for AI/images_OBJ014/OBJ014_016.jpeg,OBJ014,False,16,OBJ014,train
IE7615 Deep Learning for AI/images_OBJ014/OBJ014_017.jpeg,OBJ014,False,17,OBJ014,train
IE7615 Deep Learning for AI/images_OBJ014/OBJ014_018.jpeg,OBJ014,False,18,OBJ014,train
IE7615 Deep Learning for AI/images_OBJ014/OBJ014_019.jpeg,OBJ014,False,19,OBJ014,train
IE7615 Deep Learning for AI/images_OBJ014/OBJ014_020.jpeg,OBJ014,False,20,OBJ014,train
IE7615 Deep Learning for AI/images_OBJ014/OBJ014_021.jpeg,OBJ014,False,21,OBJ014,train
IE7615 Deep Learning for AI/images_OBJ014/OBJ014_022.jpeg,OBJ014,False,22,OBJ014,train
IE7615 Deep Learning for AI/images_OBJ014/OBJ014_023.jpeg,OBJ014,False,23,OBJ014,train
IE7615 Deep Learning for AI/images_OBJ014/OBJ014_024.jpeg,OBJ014,False,24,OBJ014,train
IE7615 Deep Learning for AI/images_OBJ014/OBJ014_025.jpeg,OBJ014,False,25,OBJ014,train
IE7615 Deep Learning for AI/images_OBJ014/OBJ014_026.jpeg,OBJ014,False,26,OBJ014,val
IE7615 Deep Learning for AI/images_OBJ014/OBJ014_027.jpeg,OBJ014,False,27,OBJ014,val
IE7615 Deep Learning for AI/images_OBJ014/OBJ014_028.jpeg,OBJ014,False,28,OBJ014,val
IE7615 Deep Learning for AI/images_OBJ014/OBJ014_029.jpeg,OBJ014,False,29,OBJ014,val
IE7615 Deep Learning for AI/images_OBJ014/OBJ014_030.jpeg,OBJ014,False,30,OBJ014,val
IE7615 Deep Learning for AI/images_OBJ014/OBJ014_031.jpeg,OBJ014,False,31,OBJ014,train
IE7615 Deep Learning for AI/images_OBJ014/OBJ014_032.jpeg,OBJ014,False,32,OBJ014,train
IE7615 Deep Learning for AI/images_OBJ014/OBJ014_033.jpeg,OBJ014,False,33,OBJ014,train
IE7615 Deep Learning for AI/images_OBJ014/OBJ014_034.jpeg,OBJ014,False,34,OBJ014,train
IE7615 Deep Learning for AI/images_OBJ014/OBJ014_035.jpeg,OBJ014,False,35,OBJ014,train
IE7615 Deep Learning for AI/images_OBJ014/OBJ014_036.jpeg,OBJ014,False,36,OBJ014,train
IE7615 Deep Learning for AI/images_OBJ014/OBJ014_037.jpeg,OBJ014,False,37,OBJ014,train
IE7615 Deep Learning for AI/images_OBJ014/OBJ014_038.jpeg,OBJ014,False,38,OBJ014,train
IE7615 Deep Learning for AI/images_OBJ014/OBJ014_039.jpeg,OBJ014,False,39,OBJ014,train
IE7615 Deep Learning for AI/images_OBJ014/OBJ014_040.jpeg,OBJ014,False,40,OBJ014,train
IE7615 Deep Learning for AI/images_OBJ014/OBJ014_041.jpeg,OBJ014,False,41,OBJ014,train
IE7615 Deep Learning for AI/images_OBJ014/OBJ014_042.jpeg,OBJ014,False,42,OBJ014,train
IE7615 Deep Learning for AI/images_OBJ014/OBJ014_043.jpeg,OBJ014,False,43,OBJ014,train
IE7615 Deep Learning for AI/images_OBJ014/OBJ014_044.jpeg,OBJ014,False,44,OBJ014,train
IE7615 Deep Learning for AI/images_OBJ014/OBJ014_045.jpeg,OBJ014,False,45,OBJ014,train
IE7615 Deep Learning for AI/images_OBJ014/OBJ014_046.jpeg,OBJ014,False,46,OBJ014,val
IE7615 Deep Learning for AI/images_OBJ014/OBJ014_047.jpeg,OBJ014,False,47,OBJ014,val
IE7615 Deep Learning for AI/images_OBJ014/OBJ014_048.jpeg,OBJ014,False,48,OBJ014,val
IE7615 Deep Learning for AI/images_OBJ014/OBJ014_049.jpeg,OBJ014,False,49,OBJ014,val
IE7615 Deep Learning for AI/images_OBJ014/OBJ014_050.jpeg,OBJ014,False,50,OBJ014,val
IE7615 Deep Learning for AI/images_OBJ014/OBJ014_051.jpeg,OBJ014,False,51,OBJ014,train
IE7615 Deep Learning for AI/images_OBJ014/OBJ014_052.jpeg,OBJ014,False,52,OBJ014,train
IE7615 Deep Learning for AI/images_OBJ014/OBJ014_053.jpeg,OBJ014,False,53,OBJ014,train
IE7615 Deep Learning for AI/images_OBJ014/OBJ014_054.jpeg,OBJ014,False,54,OBJ014,train
IE7615 Deep Learning for AI/images_OBJ014/OBJ014_055.jpeg,OBJ014,False,55,OBJ014,train
IE7615 Deep Learning for AI/images_OBJ014/OBJ014_056.jpeg,OBJ014,False,56,OBJ014,train
IE7615 Deep Learning for AI/images_OBJ014/OBJ014_057.jpeg,OBJ014,False,57,OBJ014,train
IE7615 Deep Learning for AI/images_OBJ014/OBJ014_058.jpeg,OBJ014,False,58,OBJ014,train
IE7615 Deep Learning for AI/images_OBJ014/OBJ014_059.jpeg,OBJ014,False,59,OBJ014,train
IE7615 Deep Learning for AI/images_OBJ014/OBJ014_060.jpeg,OBJ014,False,60,OBJ014,train
IE7615 Deep Learning for AI/images_OBJ014/OBJ014_061.jpeg,OBJ014,False,61,OBJ014,train
IE7615 Deep Learning for AI/images_OBJ014/OBJ014_062.jpeg,OBJ014,False,62,OBJ014,train
IE7615 Deep Learning for AI/images_OBJ014/OBJ014_063.jpeg,OBJ014,False,63,OBJ014,train
IE7615 Deep Learning for AI/images_OBJ014/OBJ014_064.jpeg,OBJ014,False,64,OBJ014,train
IE7615 Deep Learning for AI/images_OBJ014/OBJ014_065.jpeg,OBJ014,False,65,OBJ014,train
IE7615 Deep Learning for AI/images_OBJ014/OBJ014_066.jpeg,OBJ014,False,66,OBJ014,test
IE7615 Deep Learning for AI/images_OBJ014/OBJ014_067.jpeg,OBJ014,False,67,OBJ014,test
IE7615 Deep Learning for AI/images_OBJ014/OBJ014_068.jpeg,OBJ014,False,68,OBJ014,test
IE7615 Deep Learning for AI/images_OBJ014/OBJ014_069.jpeg,OBJ014,False,69,OBJ014,test
IE7615 Deep Learning for AI/images_OBJ014/OBJ014_070.jpeg,OBJ014,False,70,OBJ014,test
IE7615 Deep Learning for AI/images_OBJ014/OBJ014_071.jpeg,OBJ014,False,71,OBJ014,train
IE7615 Deep Learning for AI/images_OBJ014/OBJ014_072.jpeg,OBJ014,False,72,OBJ014,train
IE7615 Deep Learning for AI/images_OBJ014/OBJ014_073.jpeg,OBJ014,False,73,OBJ014,train
IE7615 Deep Learning for AI/images_OBJ014/OBJ014_074.jpeg,OBJ014,False,74,OBJ014,train
IE7615 Deep Learning for AI/images_OBJ014/OBJ014_075.jpeg,OBJ014,False,75,OBJ014,train
IE7615 Deep Learning for AI/images_OBJ014/OBJ014_076.jpeg,OBJ014,False,76,OBJ014,train
IE7615 Deep Learning for AI/images_OBJ014/OBJ014_077.jpeg,OBJ014,False,77,OBJ014,train
IE7615 Deep Learning for AI/images_OBJ014/OBJ014_078.jpeg,OBJ014,False,78,OBJ014,train
IE7615 Deep Learning for AI/images_OBJ014/OBJ014_079.jpeg,OBJ014,False,79,OBJ014,train
IE7615 Deep Learning for AI/images_OBJ014/OBJ014_080.jpeg,OBJ014,False,80,OBJ014,train
IE7615 Deep Learning for AI/images_OBJ014/OBJ014_081.jpeg,OBJ014,False,81,OBJ014,train
IE7615 Deep Learning for AI/images_OBJ014/OBJ014_082.jpeg,OBJ014,False,82,OBJ014,train
IE7615 Deep Learning for AI/images_OBJ014/OBJ014_083.jpeg,OBJ014,False,83,OBJ014,train
IE7615 Deep Learning for AI/images_OBJ014/OBJ014_084.jpeg,OBJ014,False,84,OBJ014,train
IE7615 Deep Learning for AI/images_OBJ014/OBJ014_085.jpeg,OBJ014,False,85,OBJ014,train
IE7615 Deep Learning for AI/images_OBJ014/OBJ014_086.jpeg,OBJ014,False,86,OBJ014,test
IE7615 Deep Learning for AI/images_OBJ014/OBJ014_087.jpeg,OBJ014,False,87,OBJ014,test
IE7615 Deep Learning for AI/images_OBJ014/OBJ014_088.jpeg,OBJ014,False,88,OBJ014,test
IE7615 Deep Learning for AI/images_OBJ014/OBJ014_089.jpeg,OBJ014,False,89,OBJ014,test
IE7615 Deep Learning for AI/images_OBJ014/OBJ014_090.jpeg,OBJ014,False,90,OBJ014,test
IE7615 Deep Learning for AI/images_OBJ014/OBJ014_091.jpeg,OBJ014,False,91,OBJ014,train
IE7615 Deep Learning for AI/images_OBJ014/OBJ014_092.jpeg,OBJ014,False,92,OBJ014,train
IE7615 Deep Learning for AI/images_OBJ014/OBJ014_093.jpeg,OBJ014,False,93,OBJ014,train
IE7615 Deep Learning for AI/images_OBJ014/OBJ014_bg_001.jpeg,OBJ014,True,1,no_object,train
IE7615 Deep Learning for AI/images_OBJ014/OBJ014_bg_002.jpeg,OBJ014,True,2,no_object,train
IE7615 Deep Learning for AI/images_OBJ014/OBJ014_bg_003.jpeg,OBJ014,True,3,no_object,train
IE7615 Deep Learning for AI/images_OBJ014/OBJ014_bg_004.jpeg,OBJ014,True,4,no_object,train
IE7615 Deep Learning for AI/images_OBJ014/OBJ014_bg_005.jpeg,OBJ014,True,5,no_object,train
IE7615 Deep Learning for AI/images_OBJ014/OBJ014_bg_006.jpeg,OBJ014,True,6,no_object,train
IE7615 Deep Learning for AI/images_OBJ014/OBJ014_bg_007.jpeg,OBJ014,True,7,no_object,train
IE7615 Deep Learning for AI/images_OBJ015/OBJ015_001.jpg,OBJ015,False,1,OBJ015,test
IE7615 Deep Learning for AI/images_OBJ015/OBJ015_002.jpg,OBJ015,False,2,OBJ015,test
IE7615 Deep Learning for AI/images_OBJ015/OBJ015_003.jpg,OBJ015,False,3,OBJ015,test
IE7615 Deep Learning for AI/images_OBJ015/OBJ015_004.jpg,OBJ015,False,4,OBJ015,test
IE7615 Deep Learning for AI/images_OBJ015/OBJ015_005.jpg,OBJ015,False,5,OBJ015,test
IE7615 Deep Learning for AI/images_OBJ015/OBJ015_006.jpg,OBJ015,False,6,OBJ015,test
IE7615 Deep Learning for AI/images_OBJ015/OBJ015_007.jpg,OBJ015,False,7,OBJ015,test
IE7615 Deep Learning for AI/images_OBJ015/OBJ015_008.jpg,OBJ015,False,8,OBJ015,test
IE7615 Deep Learning for AI/images_OBJ015/OBJ015_009.jpg,OBJ015,False,9,OBJ015,test
IE7615 Deep Learning for AI/images_OBJ015/OBJ015_010.jpg,OBJ015,False,10,OBJ015,test
IE7615 Deep Learning for AI/images_OBJ015/OBJ015_011.jpg,OBJ015,False,11,OBJ015,test
IE7615 Deep Learning for AI/images_OBJ015/OBJ015_012.jpg,OBJ015,False,12,OBJ015,test
IE7615 Deep Learning for AI/images_OBJ015/OBJ015_013.jpg,OBJ015,False,13,OBJ015,test
IE7615 Deep Learning for AI/images_OBJ015/OBJ015_014.jpg,OBJ015,False,14,OBJ015,test
IE7615 Deep Learning for AI/images_OBJ015/OBJ015_015.jpg,OBJ015,False,15,OBJ015,test
IE7615 Deep Learning for AI/images_OBJ015/OBJ015_016.jpg,OBJ015,False,16,OBJ015,train
IE7615 Deep Learning for AI/images_OBJ015/OBJ015_017.jpg,OBJ015,False,17,OBJ015,train
IE7615 Deep Learning for AI/images_OBJ015/OBJ015_018.jpg,OBJ015,False,18,OBJ015,train
IE7615 Deep Learning for AI/images_OBJ015/OBJ015_019.jpg,OBJ015,False,19,OBJ015,train
IE7615 Deep Learning for AI/images_OBJ015/OBJ015_020.jpg,OBJ015,False,20,OBJ015,train
IE7615 Deep Learning for AI/images_OBJ015/OBJ015_021.jpg,OBJ015,False,21,OBJ015,train
IE7615 Deep Learning for AI/images_OBJ015/OBJ015_022.jpg,OBJ015,False,22,OBJ015,train
IE7615 Deep Learning for AI/images_OBJ015/OBJ015_023.jpg,OBJ015,False,23,OBJ015,train
IE7615 Deep Learning for AI/images_OBJ015/OBJ015_024.jpg,OBJ015,False,24,OBJ015,train
IE7615 Deep Learning for AI/images_OBJ015/OBJ015_025.jpg,OBJ015,False,25,OBJ015,train
IE7615 Deep Learning for AI/images_OBJ015/OBJ015_026.jpg,OBJ015,False,26,OBJ015,train
IE7615 Deep Learning for AI/images_OBJ015/OBJ015_027.jpg,OBJ015,False,27,OBJ015,train
IE7615 Deep Learning for AI/images_OBJ015/OBJ015_028.jpg,OBJ015,False,28,OBJ015,train
IE7615 Deep Learning for AI/images_OBJ015/OBJ015_029.jpg,OBJ015,False,29,OBJ015,train
IE7615 Deep Learning for AI/images_OBJ015/OBJ015_030.jpg,OBJ015,False,30,OBJ015,train
IE7615 Deep Learning for AI/images_OBJ015/OBJ015_031.jpg,OBJ015,False,31,OBJ015,train
IE7615 Deep Learning for AI/images_OBJ015/OBJ015_032.jpg,OBJ015,False,32,OBJ015,train
IE7615 Deep Learning for AI/images_OBJ015/OBJ015_033.jpg,OBJ015,False,33,OBJ015,train
IE7615 Deep Learning for AI/images_OBJ015/OBJ015_034.jpg,OBJ015,False,34,OBJ015,train
IE7615 Deep Learning for AI/images_OBJ015/OBJ015_035.jpg,OBJ015,False,35,OBJ015,train
IE7615 Deep Learning for AI/images_OBJ015/OBJ015_036.jpg,OBJ015,False,36,OBJ015,train
IE7615 Deep Learning for AI/images_OBJ015/OBJ015_037.jpg,OBJ015,False,37,OBJ015,train
IE7615 Deep Learning for AI/images_OBJ015/OBJ015_038.jpg,OBJ015,False,38,OBJ015,train
IE7615 Deep Learning for AI/images_OBJ015/OBJ015_039.jpg,OBJ015,False,39,OBJ015,train
IE7615 Deep Learning for AI/images_OBJ015/OBJ015_040.jpg,OBJ015,False,40,OBJ015,train
IE7615 Deep Learning for AI/images_OBJ015/OBJ015_041.jpg,OBJ015,False,41,OBJ015,train
IE7615 Deep Learning for AI/images_OBJ015/OBJ015_042.jpg,OBJ015,False,42,OBJ015,train
IE7615 Deep Learning for AI/images_OBJ015/OBJ015_043.jpg,OBJ015,False,43,OBJ015,train
IE7615 Deep Learning for AI/images_OBJ015/OBJ015_044.jpg,OBJ015,False,44,OBJ015,train
IE7615 Deep Learning for AI/images_OBJ015/OBJ015_045.jpg,OBJ015,False,45,OBJ015,train
IE7615 Deep Learning for AI/images_OBJ015/OBJ015_046.jpg,OBJ015,False,46,OBJ015,val
IE7615 Deep Learning for AI/images_OBJ015/OBJ015_047.jpg,OBJ015,False,47,OBJ015,val
IE7615 Deep Learning for AI/images_OBJ015/OBJ015_048.jpg,OBJ015,False,48,OBJ015,val
IE7615 Deep Learning for AI/images_OBJ015/OBJ015_049.jpg,OBJ015,False,49,OBJ015,val
IE7615 Deep Learning for AI/images_OBJ015/OBJ015_050.jpg,OBJ015,False,50,OBJ015,val
IE7615 Deep Learning for AI/images_OBJ015/OBJ015_051.jpg,OBJ015,False,51,OBJ015,val
IE7615 Deep Learning for AI/images_OBJ015/OBJ015_052.jpg,OBJ015,False,52,OBJ015,val
IE7615 Deep Learning for AI/images_OBJ015/OBJ015_053.jpg,OBJ015,False,53,OBJ015,val
IE7615 Deep Learning for AI/images_OBJ015/OBJ015_054.jpg,OBJ015,False,54,OBJ015,val
IE7615 Deep Learning for AI/images_OBJ015/OBJ015_055.jpg,OBJ015,False,55,OBJ015,val
IE7615 Deep Learning for AI/images_OBJ015/OBJ015_056.jpg,OBJ015,False,56,OBJ015,train
IE7615 Deep Learning for AI/images_OBJ015/OBJ015_057.jpg,OBJ015,False,57,OBJ015,train
IE7615 Deep Learning for AI/images_OBJ015/OBJ015_058.jpg,OBJ015,False,58,OBJ015,train
IE7615 Deep Learning for AI/images_OBJ015/OBJ015_059.jpg,OBJ015,False,59,OBJ015,train
IE7615 Deep Learning for AI/images_OBJ015/OBJ015_060.jpg,OBJ015,False,60,OBJ015,train
IE7615 Deep Learning for AI/images_OBJ015/OBJ015_061.jpg,OBJ015,False,61,OBJ015,train
IE7615 Deep Learning for AI/images_OBJ015/OBJ015_062.jpg,OBJ015,False,62,OBJ015,train
IE7615 Deep Learning for AI/images_OBJ015/OBJ015_063.jpg,OBJ015,False,63,OBJ015,train
IE7615 Deep Learning for AI/images_OBJ015/OBJ015_064.jpg,OBJ015,False,64,OBJ015,train
IE7615 Deep Learning for AI/images_OBJ015/OBJ015_065.jpg,OBJ015,False,65,OBJ015,train
IE7615 Deep Learning for AI/images_OBJ015/OBJ015_066.jpg,OBJ015,False,66,OBJ015,train
IE7615 Deep Learning for AI/images_OBJ015/OBJ015_067.jpg,OBJ015,False,67,OBJ015,train
IE7615 Deep Learning for AI/images_OBJ015/OBJ015_068.jpg,OBJ015,False,68,OBJ015,train
IE7615 Deep Learning for AI/images_OBJ015/OBJ015_069.jpg,OBJ015,False,69,OBJ015,train
IE7615 Deep Learning for AI/images_OBJ015/OBJ015_070.jpg,OBJ015,False,70,OBJ015,train
IE7615 Deep Learning for AI/images_OBJ015/OBJ015_071.jpg,OBJ015,False,71,OBJ015,train
IE7615 Deep Learning for AI/images_OBJ015/OBJ015_072.jpg,OBJ015,False,72,OBJ015,train
IE7615 Deep Learning for AI/images_OBJ015/OBJ015_073.jpg,OBJ015,False,73,OBJ015,train
IE7615 Deep Learning for AI/images_OBJ015/OBJ015_074.jpg,OBJ015,False,74,OBJ015,train
IE7615 Deep Learning for AI/images_OBJ015/OBJ015_075.jpg,OBJ015,False,75,OBJ015,train
IE7615 Deep Learning for AI/images_OBJ015/OBJ015_076.jpg,OBJ015,False,76,OBJ015,train
IE7615 Deep Learning for AI/images_OBJ015/OBJ015_077.jpg,OBJ015,False,77,OBJ015,train
IE7615 Deep Learning for AI/images_OBJ015/OBJ015_078.jpg,OBJ015,False,78,OBJ015,train
IE7615 Deep Learning for AI/images_OBJ015/OBJ015_079.jpg,OBJ015,False,79,OBJ015,train
IE7615 Deep Learning for AI/images_OBJ015/OBJ015_080.jpg,OBJ015,False,80,OBJ015,train
IE7615 Deep Learning for AI/images_OBJ015/OBJ015_081.jpg,OBJ015,False,81,OBJ015,val
IE7615 Deep Learning for AI/images_OBJ015/OBJ015_082.jpg,OBJ015,False,82,OBJ015,val
IE7615 Deep Learning for AI/images_OBJ015/OBJ015_083.jpg,OBJ015,False,83,OBJ015,val
IE7615 Deep Learning for AI/images_OBJ015/OBJ015_084.jpg,OBJ015,False,84,OBJ015,val
IE7615 Deep Learning for AI/images_OBJ015/OBJ015_085.jpg,OBJ015,False,85,OBJ015,val
IE7615 Deep Learning for AI/images_OBJ015/OBJ015_086.jpg,OBJ015,False,86,OBJ015,train
IE7615 Deep Learning for AI/images_OBJ015/OBJ015_087.jpg,OBJ015,False,87,OBJ015,train
IE7615 Deep Learning for AI/images_OBJ015/OBJ015_088.jpg,OBJ015,False,88,OBJ015,train
IE7615 Deep Learning for AI/images_OBJ015/OBJ015_089.jpg,OBJ015,False,89,OBJ015,train
IE7615 Deep Learning for AI/images_OBJ015/OBJ015_090.jpg,OBJ015,False,90,OBJ015,train
IE7615 Deep Learning for AI/images_OBJ015/OBJ015_091.jpg,OBJ015,False,91,OBJ015,train
IE7615 Deep Learning for AI/images_OBJ015/OBJ015_092.jpg,OBJ015,False,92,OBJ015,train
IE7615 Deep Learning for AI/images_OBJ015/OBJ015_093.jpg,OBJ015,False,93,OBJ015,train
IE7615 Deep Learning for AI/images_OBJ015/OBJ015_094.jpg,OBJ015,False,94,OBJ015,train
IE7615 Deep Learning for AI/images_OBJ015/OBJ015_095.jpg,OBJ015,False,95,OBJ015,train
IE7615 Deep Learning for AI/images_OBJ015/OBJ015_bg_001.jpg,OBJ015,True,1,no_object,val
IE7615 Deep Learning for AI/images_OBJ015/OBJ015_bg_002.jpg,OBJ015,True,2,no_object,val
IE7615 Deep Learning for AI/images_OBJ015/OBJ015_bg_003.jpg,OBJ015,True,3,no_object,val
IE7615 Deep Learning for AI/images_OBJ015/OBJ015_bg_004.jpg,OBJ015,True,4,no_object,val
IE7615 Deep Learning for AI/images_OBJ015/OBJ015_bg_005.jpg,OBJ015,True,5,no_object,val
IE7615 Deep Learning for AI/images_OBJ016/OBJ016_001.jpg,OBJ016,False,1,OBJ016,train
IE7615 Deep Learning for AI/images_OBJ016/OBJ016_002.jpg,OBJ016,False,2,OBJ016,train
IE7615 Deep Learning for AI/images_OBJ016/OBJ016_003.jpg,OBJ016,False,3,OBJ016,train
IE7615 Deep Learning for AI/images_OBJ016/OBJ016_004.jpg,OBJ016,False,4,OBJ016,train
IE7615 Deep Learning for AI/images_OBJ016/OBJ016_005.jpg,OBJ016,False,5,OBJ016,train
IE7615 Deep Learning for AI/images_OBJ016/OBJ016_006.jpg,OBJ016,False,6,OBJ016,train
IE7615 Deep Learning for AI/images_OBJ016/OBJ016_007.jpg,OBJ016,False,7,OBJ016,train
IE7615 Deep Learning for AI/images_OBJ016/OBJ016_008.jpg,OBJ016,False,8,OBJ016,train
IE7615 Deep Learning for AI/images_OBJ016/OBJ016_009.jpg,OBJ016,False,9,OBJ016,train
IE7615 Deep Learning for AI/images_OBJ016/OBJ016_010.jpg,OBJ016,False,10,OBJ016,train
IE7615 Deep Learning for AI/images_OBJ016/OBJ016_011.jpg,OBJ016,False,11,OBJ016,train
IE7615 Deep Learning for AI/images_OBJ016/OBJ016_012.jpg,OBJ016,False,12,OBJ016,train
IE7615 Deep Learning for AI/images_OBJ016/OBJ016_013.jpg,OBJ016,False,13,OBJ016,train
IE7615 Deep Learning for AI/images_OBJ016/OBJ016_014.jpg,OBJ016,False,14,OBJ016,train
IE7615 Deep Learning for AI/images_OBJ016/OBJ016_015.jpg,OBJ016,False,15,OBJ016,train
IE7615 Deep Learning for AI/images_OBJ016/OBJ016_016.jpg,OBJ016,False,16,OBJ016,train
IE7615 Deep Learning for AI/images_OBJ016/OBJ016_017.jpg,OBJ016,False,17,OBJ016,train
IE7615 Deep Learning for AI/images_OBJ016/OBJ016_018.jpg,OBJ016,False,18,OBJ016,train
IE7615 Deep Learning for AI/images_OBJ016/OBJ016_019.jpg,OBJ016,False,19,OBJ016,train
IE7615 Deep Learning for AI/images_OBJ016/OBJ016_020.jpg,OBJ016,False,20,OBJ016,train
IE7615 Deep Learning for AI/images_OBJ016/OBJ016_021.jpg,OBJ016,False,21,OBJ016,train
IE7615 Deep Learning for AI/images_OBJ016/OBJ016_022.jpg,OBJ016,False,22,OBJ016,train
IE7615 Deep Learning for AI/images_OBJ016/OBJ016_023.jpg,OBJ016,False,23,OBJ016,train
IE7615 Deep Learning for AI/images_OBJ016/OBJ016_024.jpg,OBJ016,False,24,OBJ016,train
IE7615 Deep Learning for AI/images_OBJ016/OBJ016_025.jpg,OBJ016,False,25,OBJ016,train
IE7615 Deep Learning for AI/images_OBJ016/OBJ016_026.jpg,OBJ016,False,26,OBJ016,test
IE7615 Deep Learning for AI/images_OBJ016/OBJ016_027.jpg,OBJ016,False,27,OBJ016,test
IE7615 Deep Learning for AI/images_OBJ016/OBJ016_028.jpg,OBJ016,False,28,OBJ016,test
IE7615 Deep Learning for AI/images_OBJ016/OBJ016_029.jpg,OBJ016,False,29,OBJ016,test
IE7615 Deep Learning for AI/images_OBJ016/OBJ016_030.jpg,OBJ016,False,30,OBJ016,test
IE7615 Deep Learning for AI/images_OBJ016/OBJ016_031.jpg,OBJ016,False,31,OBJ016,train
IE7615 Deep Learning for AI/images_OBJ016/OBJ016_032.jpg,OBJ016,False,32,OBJ016,train
IE7615 Deep Learning for AI/images_OBJ016/OBJ016_033.jpg,OBJ016,False,33,OBJ016,train
IE7615 Deep Learning for AI/images_OBJ016/OBJ016_034.jpg,OBJ016,False,34,OBJ016,train
IE7615 Deep Learning for AI/images_OBJ016/OBJ016_035.jpg,OBJ016,False,35,OBJ016,train
IE7615 Deep Learning for AI/images_OBJ016/OBJ016_036.jpg,OBJ016,False,36,OBJ016,train
IE7615 Deep Learning for AI/images_OBJ016/OBJ016_037.jpg,OBJ016,False,37,OBJ016,train
IE7615 Deep Learning for AI/images_OBJ016/OBJ016_038.jpg,OBJ016,False,38,OBJ016,train
IE7615 Deep Learning for AI/images_OBJ016/OBJ016_039.jpg,OBJ016,False,39,OBJ016,train
IE7615 Deep Learning for AI/images_OBJ016/OBJ016_040.jpg,OBJ016,False,40,OBJ016,train
IE7615 Deep Learning for AI/images_OBJ016/OBJ016_041.jpg,OBJ016,False,41,OBJ016,train
IE7615 Deep Learning for AI/images_OBJ016/OBJ016_042.jpg,OBJ016,False,42,OBJ016,train
IE7615 Deep Learning for AI/images_OBJ016/OBJ016_043.jpg,OBJ016,False,43,OBJ016,train
IE7615 Deep Learning for AI/images_OBJ016/OBJ016_044.jpg,OBJ016,False,44,OBJ016,train
IE7615 Deep Learning for AI/images_OBJ016/OBJ016_045.jpg,OBJ016,False,45,OBJ016,train
IE7615 Deep Learning for AI/images_OBJ016/OBJ016_046.jpg,OBJ016,False,46,OBJ016,train
IE7615 Deep Learning for AI/images_OBJ016/OBJ016_047.jpg,OBJ016,False,47,OBJ016,train
IE7615 Deep Learning for AI/images_OBJ016/OBJ016_048.jpg,OBJ016,False,48,OBJ016,train
IE7615 Deep Learning for AI/images_OBJ016/OBJ016_049.jpg,OBJ016,False,49,OBJ016,train
IE7615 Deep Learning for AI/images_OBJ016/OBJ016_050.jpg,OBJ016,False,50,OBJ016,train
IE7615 Deep Learning for AI/images_OBJ016/OBJ016_051.jpg,OBJ016,False,51,OBJ016,train
IE7615 Deep Learning for AI/images_OBJ016/OBJ016_052.jpg,OBJ016,False,52,OBJ016,train
IE7615 Deep Learning for AI/images_OBJ016/OBJ016_053.jpg,OBJ016,False,53,OBJ016,train
IE7615 Deep Learning for AI/images_OBJ016/OBJ016_054.jpg,OBJ016,False,54,OBJ016,train
IE7615 Deep Learning for AI/images_OBJ016/OBJ016_055.jpg,OBJ016,False,55,OBJ016,train
IE7615 Deep Learning for AI/images_OBJ016/OBJ016_056.jpg,OBJ016,False,56,OBJ016,val
IE7615 Deep Learning for AI/images_OBJ016/OBJ016_057.jpg,OBJ016,False,57,OBJ016,val
IE7615 Deep Learning for AI/images_OBJ016/OBJ016_058.jpg,OBJ016,False,58,OBJ016,val
IE7615 Deep Learning for AI/images_OBJ016/OBJ016_059.jpg,OBJ016,False,59,OBJ016,val
IE7615 Deep Learning for AI/images_OBJ016/OBJ016_060.jpg,OBJ016,False,60,OBJ016,val
IE7615 Deep Learning for AI/images_OBJ016/OBJ016_061.jpg,OBJ016,False,61,OBJ016,test
IE7615 Deep Learning for AI/images_OBJ016/OBJ016_062.jpg,OBJ016,False,62,OBJ016,test
IE7615 Deep Learning for AI/images_OBJ016/OBJ016_063.jpg,OBJ016,False,63,OBJ016,test
IE7615 Deep Learning for AI/images_OBJ016/OBJ016_064.jpg,OBJ016,False,64,OBJ016,test
IE7615 Deep Learning for AI/images_OBJ016/OBJ016_065.jpg,OBJ016,False,65,OBJ016,test
IE7615 Deep Learning for AI/images_OBJ016/OBJ016_066.jpg,OBJ016,False,66,OBJ016,train
IE7615 Deep Learning for AI/images_OBJ016/OBJ016_067.jpg,OBJ016,False,67,OBJ016,train
IE7615 Deep Learning for AI/images_OBJ016/OBJ016_068.jpg,OBJ016,False,68,OBJ016,train
IE7615 Deep Learning for AI/images_OBJ016/OBJ016_069.jpg,OBJ016,False,69,OBJ016,train
IE7615 Deep Learning for AI/images_OBJ016/OBJ016_070.jpg,OBJ016,False,70,OBJ016,train
IE7615 Deep Learning for AI/images_OBJ016/OBJ016_071.jpg,OBJ016,False,71,OBJ016,test
IE7615 Deep Learning for AI/images_OBJ016/OBJ016_072.jpg,OBJ016,False,72,OBJ016,test
IE7615 Deep Learning for AI/images_OBJ016/OBJ016_073.jpg,OBJ016,False,73,OBJ016,test
IE7615 Deep Learning for AI/images_OBJ016/OBJ016_074.jpg,OBJ016,False,74,OBJ016,test
IE7615 Deep Learning for AI/images_OBJ016/OBJ016_075.jpg,OBJ016,False,75,OBJ016,test
IE7615 Deep Learning for AI/images_OBJ016/OBJ016_076.jpg,OBJ016,False,76,OBJ016,train
IE7615 Deep Learning for AI/images_OBJ016/OBJ016_077.jpg,OBJ016,False,77,OBJ016,train
IE7615 Deep Learning for AI/images_OBJ016/OBJ016_078.jpg,OBJ016,False,78,OBJ016,train
IE7615 Deep Learning for AI/images_OBJ016/OBJ016_079.jpg,OBJ016,False,79,OBJ016,train
IE7615 Deep Learning for AI/images_OBJ016/OBJ016_080.jpg,OBJ016,False,80,OBJ016,train
IE7615 Deep Learning for AI/images_OBJ016/OBJ016_081.jpg,OBJ016,False,81,OBJ016,val
IE7615 Deep Learning for AI/images_OBJ016/OBJ016_082.jpg,OBJ016,False,82,OBJ016,val
IE7615 Deep Learning for AI/images_OBJ016/OBJ016_083.jpg,OBJ016,False,83,OBJ016,val
IE7615 Deep Learning for AI/images_OBJ016/OBJ016_084.jpg,OBJ016,False,84,OBJ016,val
IE7615 Deep Learning for AI/images_OBJ016/OBJ016_085.jpg,OBJ016,False,85,OBJ016,val
IE7615 Deep Learning for AI/images_OBJ016/OBJ016_086.jpg,OBJ016,False,86,OBJ016,val
IE7615 Deep Learning for AI/images_OBJ016/OBJ016_087.jpg,OBJ016,False,87,OBJ016,val
IE7615 Deep Learning for AI/images_OBJ016/OBJ016_088.jpg,OBJ016,False,88,OBJ016,val
IE7615 Deep Learning for AI/images_OBJ016/OBJ016_089.jpg,OBJ016,False,89,OBJ016,val
IE7615 Deep Learning for AI/images_OBJ016/OBJ016_090.jpg,OBJ016,False,90,OBJ016,val
IE7615 Deep Learning for AI/images_OBJ016/OBJ016_091.jpg,OBJ016,False,91,OBJ016,train
IE7615 Deep Learning for AI/images_OBJ016/OBJ016_092.jpg,OBJ016,False,92,OBJ016,train
IE7615 Deep Learning for AI/images_OBJ016/OBJ016_093.jpg,OBJ016,False,93,OBJ016,train
IE7615 Deep Learning for AI/images_OBJ016/OBJ016_094.jpg,OBJ016,False,94,OBJ016,train
IE7615 Deep Learning for AI/images_OBJ016/OBJ016_095.jpg,OBJ016,False,95,OBJ016,train
IE7615 Deep Learning for AI/images_OBJ016/OBJ016_bg_001.jpg,OBJ016,True,1,no_object,train
IE7615 Deep Learning for AI/images_OBJ016/OBJ016_bg_002.jpg,OBJ016,True,2,no_object,train
IE7615 Deep Learning for AI/images_OBJ016/OBJ016_bg_003.jpg,OBJ016,True,3,no_object,train
IE7615 Deep Learning for AI/images_OBJ016/OBJ016_bg_004.jpg,OBJ016,True,4,no_object,train
IE7615 Deep Learning for AI/images_OBJ016/OBJ016_bg_005.jpg,OBJ016,True,5,no_object,train
IE7615 Deep Learning for AI/images_OBJ017/OBJ017_001.jpg,OBJ017,False,1,OBJ017,train
IE7615 Deep Learning for AI/images_OBJ017/OBJ017_002.jpg,OBJ017,False,2,OBJ017,train
IE7615 Deep Learning for AI/images_OBJ017/OBJ017_003.jpg,OBJ017,False,3,OBJ017,train
IE7615 Deep Learning for AI/images_OBJ017/OBJ017_004.jpg,OBJ017,False,4,OBJ017,train
IE7615 Deep Learning for AI/images_OBJ017/OBJ017_005.jpg,OBJ017,False,5,OBJ017,train
IE7615 Deep Learning for AI/images_OBJ017/OBJ017_006.jpg,OBJ017,False,6,OBJ017,train
IE7615 Deep Learning for AI/images_OBJ017/OBJ017_007.jpg,OBJ017,False,7,OBJ017,train
IE7615 Deep Learning for AI/images_OBJ017/OBJ017_008.jpg,OBJ017,False,8,OBJ017,train
IE7615 Deep Learning for AI/images_OBJ017/OBJ017_009.jpg,OBJ017,False,9,OBJ017,train
IE7615 Deep Learning for AI/images_OBJ017/OBJ017_010.jpg,OBJ017,False,10,OBJ017,train
IE7615 Deep Learning for AI/images_OBJ017/OBJ017_011.jpg,OBJ017,False,11,OBJ017,train
IE7615 Deep Learning for AI/images_OBJ017/OBJ017_012.jpg,OBJ017,False,12,OBJ017,train
IE7615 Deep Learning for AI/images_OBJ017/OBJ017_013.jpg,OBJ017,False,13,OBJ017,train
IE7615 Deep Learning for AI/images_OBJ017/OBJ017_014.jpg,OBJ017,False,14,OBJ017,train
IE7615 Deep Learning for AI/images_OBJ017/OBJ017_015.jpg,OBJ017,False,15,OBJ017,train
IE7615 Deep Learning for AI/images_OBJ017/OBJ017_016.jpg,OBJ017,False,16,OBJ017,train
IE7615 Deep Learning for AI/images_OBJ017/OBJ017_017.jpg,OBJ017,False,17,OBJ017,train
IE7615 Deep Learning for AI/images_OBJ017/OBJ017_018.jpg,OBJ017,False,18,OBJ017,train
IE7615 Deep Learning for AI/images_OBJ017/OBJ017_019.jpg,OBJ017,False,19,OBJ017,train
IE7615 Deep Learning for AI/images_OBJ017/OBJ017_020.jpg,OBJ017,False,20,OBJ017,train
IE7615 Deep Learning for AI/images_OBJ017/OBJ017_021.jpg,OBJ017,False,21,OBJ017,train
IE7615 Deep Learning for AI/images_OBJ017/OBJ017_022.jpg,OBJ017,False,22,OBJ017,train
IE7615 Deep Learning for AI/images_OBJ017/OBJ017_023.jpg,OBJ017,False,23,OBJ017,train
IE7615 Deep Learning for AI/images_OBJ017/OBJ017_024.jpg,OBJ017,False,24,OBJ017,train
IE7615 Deep Learning for AI/images_OBJ017/OBJ017_025.jpg,OBJ017,False,25,OBJ017,train
IE7615 Deep Learning for AI/images_OBJ017/OBJ017_026.jpg,OBJ017,False,26,OBJ017,test
IE7615 Deep Learning for AI/images_OBJ017/OBJ017_027.jpg,OBJ017,False,27,OBJ017,test
IE7615 Deep Learning for AI/images_OBJ017/OBJ017_028.jpg,OBJ017,False,28,OBJ017,test
IE7615 Deep Learning for AI/images_OBJ017/OBJ017_029.jpg,OBJ017,False,29,OBJ017,test
IE7615 Deep Learning for AI/images_OBJ017/OBJ017_030.jpg,OBJ017,False,30,OBJ017,test
IE7615 Deep Learning for AI/images_OBJ017/OBJ017_031.jpg,OBJ017,False,31,OBJ017,train
IE7615 Deep Learning for AI/images_OBJ017/OBJ017_032.jpg,OBJ017,False,32,OBJ017,train
IE7615 Deep Learning for AI/images_OBJ017/OBJ017_033.jpg,OBJ017,False,33,OBJ017,train
IE7615 Deep Learning for AI/images_OBJ017/OBJ017_034.jpg,OBJ017,False,34,OBJ017,train
IE7615 Deep Learning for AI/images_OBJ017/OBJ017_035.jpg,OBJ017,False,35,OBJ017,train
IE7615 Deep Learning for AI/images_OBJ017/OBJ017_036.jpg,OBJ017,False,36,OBJ017,train
IE7615 Deep Learning for AI/images_OBJ017/OBJ017_037.jpg,OBJ017,False,37,OBJ017,train
IE7615 Deep Learning for AI/images_OBJ017/OBJ017_038.jpg,OBJ017,False,38,OBJ017,train
IE7615 Deep Learning for AI/images_OBJ017/OBJ017_039.jpg,OBJ017,False,39,OBJ017,train
IE7615 Deep Learning for AI/images_OBJ017/OBJ017_040.jpg,OBJ017,False,40,OBJ017,train
IE7615 Deep Learning for AI/images_OBJ017/OBJ017_041.jpg,OBJ017,False,41,OBJ017,test
IE7615 Deep Learning for AI/images_OBJ017/OBJ017_042.jpg,OBJ017,False,42,OBJ017,test
IE7615 Deep Learning for AI/images_OBJ017/OBJ017_043.jpg,OBJ017,False,43,OBJ017,test
IE7615 Deep Learning for AI/images_OBJ017/OBJ017_044.jpg,OBJ017,False,44,OBJ017,test
IE7615 Deep Learning for AI/images_OBJ017/OBJ017_045.jpg,OBJ017,False,45,OBJ017,test
IE7615 Deep Learning for AI/images_OBJ017/OBJ017_046.jpg,OBJ017,False,46,OBJ017,train
IE7615 Deep Learning for AI/images_OBJ017/OBJ017_047.jpg,OBJ017,False,47,OBJ017,train
IE7615 Deep Learning for AI/images_OBJ017/OBJ017_048.jpg,OBJ017,False,48,OBJ017,train
IE7615 Deep Learning for AI/images_OBJ017/OBJ017_049.jpg,OBJ017,False,49,OBJ017,train
IE7615 Deep Learning for AI/images_OBJ017/OBJ017_050.jpg,OBJ017,False,50,OBJ017,train
IE7615 Deep Learning for AI/images_OBJ017/OBJ017_051.jpg,OBJ017,False,51,OBJ017,train
IE7615 Deep Learning for AI/images_OBJ017/OBJ017_052.jpg,OBJ017,False,52,OBJ017,train
IE7615 Deep Learning for AI/images_OBJ017/OBJ017_053.jpg,OBJ017,False,53,OBJ017,train
IE7615 Deep Learning for AI/images_OBJ017/OBJ017_054.jpg,OBJ017,False,54,OBJ017,train
IE7615 Deep Learning for AI/images_OBJ017/OBJ017_055.jpg,OBJ017,False,55,OBJ017,train
IE7615 Deep Learning for AI/images_OBJ017/OBJ017_056.jpg,OBJ017,False,56,OBJ017,train
IE7615 Deep Learning for AI/images_OBJ017/OBJ017_057.jpg,OBJ017,False,57,OBJ017,train
IE7615 Deep Learning for AI/images_OBJ017/OBJ017_058.jpg,OBJ017,False,58,OBJ017,train
IE7615 Deep Learning for AI/images_OBJ017/OBJ017_059.jpg,OBJ017,False,59,OBJ017,train
IE7615 Deep Learning for AI/images_OBJ017/OBJ017_060.jpg,OBJ017,False,60,OBJ017,train
IE7615 Deep Learning for AI/images_OBJ017/OBJ017_061.jpg,OBJ017,False,61,OBJ017,train
IE7615 Deep Learning for AI/images_OBJ017/OBJ017_062.jpg,OBJ017,False,62,OBJ017,train
IE7615 Deep Learning for AI/images_OBJ017/OBJ017_063.jpg,OBJ017,False,63,OBJ017,train
IE7615 Deep Learning for AI/images_OBJ017/OBJ017_064.jpg,OBJ017,False,64,OBJ017,train
IE7615 Deep Learning for AI/images_OBJ017/OBJ017_065.jpg,OBJ017,False,65,OBJ017,train
IE7615 Deep Learning for AI/images_OBJ017/OBJ017_066.jpg,OBJ017,False,66,OBJ017,train
IE7615 Deep Learning for AI/images_OBJ017/OBJ017_067.jpg,OBJ017,False,67,OBJ017,train
IE7615 Deep Learning for AI/images_OBJ017/OBJ017_068.jpg,OBJ017,False,68,OBJ017,train
IE7615 Deep Learning for AI/images_OBJ017/OBJ017_069.jpg,OBJ017,False,69,OBJ017,train
IE7615 Deep Learning for AI/images_OBJ017/OBJ017_070.jpg,OBJ017,False,70,OBJ017,train
IE7615 Deep Learning for AI/images_OBJ017/OBJ017_071.jpg,OBJ017,False,71,OBJ017,test
IE7615 Deep Learning for AI/images_OBJ017/OBJ017_072.jpg,OBJ017,False,72,OBJ017,test
IE7615 Deep Learning for AI/images_OBJ017/OBJ017_073.jpg,OBJ017,False,73,OBJ017,test
IE7615 Deep Learning for AI/images_OBJ017/OBJ017_074.jpg,OBJ017,False,74,OBJ017,test
IE7615 Deep Learning for AI/images_OBJ017/OBJ017_075.jpg,OBJ017,False,75,OBJ017,test
IE7615 Deep Learning for AI/images_OBJ017/OBJ017_076.jpg,OBJ017,False,76,OBJ017,val
IE7615 Deep Learning for AI/images_OBJ017/OBJ017_077.jpg,OBJ017,False,77,OBJ017,val
IE7615 Deep Learning for AI/images_OBJ017/OBJ017_078.jpg,OBJ017,False,78,OBJ017,val
IE7615 Deep Learning for AI/images_OBJ017/OBJ017_079.jpg,OBJ017,False,79,OBJ017,val
IE7615 Deep Learning for AI/images_OBJ017/OBJ017_080.jpg,OBJ017,False,80,OBJ017,val
IE7615 Deep Learning for AI/images_OBJ017/OBJ017_081.jpg,OBJ017,False,81,OBJ017,val
IE7615 Deep Learning for AI/images_OBJ017/OBJ017_082.jpg,OBJ017,False,82,OBJ017,val
IE7615 Deep Learning for AI/images_OBJ017/OBJ017_083.jpg,OBJ017,False,83,OBJ017,val
IE7615 Deep Learning for AI/images_OBJ017/OBJ017_084.jpg,OBJ017,False,84,OBJ017,val
IE7615 Deep Learning for AI/images_OBJ017/OBJ017_085.jpg,OBJ017,False,85,OBJ017,val
IE7615 Deep Learning for AI/images_OBJ017/OBJ017_086.jpg,OBJ017,False,86,OBJ017,train
IE7615 Deep Learning for AI/images_OBJ017/OBJ017_087.jpg,OBJ017,False,87,OBJ017,train
IE7615 Deep Learning for AI/images_OBJ017/OBJ017_088.jpg,OBJ017,False,88,OBJ017,train
IE7615 Deep Learning for AI/images_OBJ017/OBJ017_089.jpg,OBJ017,False,89,OBJ017,train
IE7615 Deep Learning for AI/images_OBJ017/OBJ017_090.jpg,OBJ017,False,90,OBJ017,train
IE7615 Deep Learning for AI/images_OBJ017/OBJ017_091.jpg,OBJ017,False,91,OBJ017,val
IE7615 Deep Learning for AI/images_OBJ017/OBJ017_092.jpg,OBJ017,False,92,OBJ017,val
IE7615 Deep Learning for AI/images_OBJ017/OBJ017_093.jpg,OBJ017,False,93,OBJ017,val
IE7615 Deep Learning for AI/images_OBJ017/OBJ017_094.jpg,OBJ017,False,94,OBJ017,val
IE7615 Deep Learning for AI/images_OBJ017/OBJ017_095.jpg,OBJ017,False,95,OBJ017,val
IE7615 Deep Learning for AI/images_OBJ017/OBJ017_096.jpg,OBJ017,False,96,OBJ017,train
IE7615 Deep Learning for AI/images_OBJ017/OBJ017_097.jpg,OBJ017,False,97,OBJ017,train
IE7615 Deep Learning for AI/images_OBJ017/OBJ017_098.jpg,OBJ017,False,98,OBJ017,train
IE7615 Deep Learning for AI/images_OBJ017/OBJ017_099.jpg,OBJ017,False,99,OBJ017,train
IE7615 Deep Learning for AI/images_OBJ017/OBJ017_100.jpg,OBJ017,False,100,OBJ017,train
IE7615 Deep Learning for AI/images_OBJ017/OBJ017_101.jpg,OBJ017,False,101,OBJ017,train
IE7615 Deep Learning for AI/images_OBJ017/OBJ017_102.jpg,OBJ017,False,102,OBJ017,train
IE7615 Deep Learning for AI/images_OBJ017/OBJ017_103.jpg,OBJ017,False,103,OBJ017,train
IE7615 Deep Learning for AI/images_OBJ017/OBJ017_104.jpg,OBJ017,False,104,OBJ017,train
IE7615 Deep Learning for AI/images_OBJ017/OBJ017_105.jpg,OBJ017,False,105,OBJ017,train
IE7615 Deep Learning for AI/images_OBJ017/OBJ017_106.jpg,OBJ017,False,106,OBJ017,train
IE7615 Deep Learning for AI/images_OBJ017/OBJ017_bg_001.jpg,OBJ017,True,1,no_object,train
IE7615 Deep Learning for AI/images_OBJ017/OBJ017_bg_002.jpg,OBJ017,True,2,no_object,train
IE7615 Deep Learning for AI/images_OBJ017/OBJ017_bg_003.jpg,OBJ017,True,3,no_object,train
IE7615 Deep Learning for AI/images_OBJ017/OBJ017_bg_004.jpg,OBJ017,True,4,no_object,train
IE7615 Deep Learning for AI/images_OBJ017/OBJ017_bg_005.jpg,OBJ017,True,5,no_object,train
IE7615 Deep Learning for AI/images_OBJ017/OBJ017_bg_006.jpg,OBJ017,True,6,no_object,train
IE7615 Deep Learning for AI/images_OBJ017/OBJ017_bg_007.jpg,OBJ017,True,7,no_object,train
IE7615 Deep Learning for AI/images_OBJ018/OBJ018_001.jpg,OBJ018,False,1,OBJ018,train
IE7615 Deep Learning for AI/images_OBJ018/OBJ018_002.jpg,OBJ018,False,2,OBJ018,train
IE7615 Deep Learning for AI/images_OBJ018/OBJ018_003.jpg,OBJ018,False,3,OBJ018,train
IE7615 Deep Learning for AI/images_OBJ018/OBJ018_004.jpg,OBJ018,False,4,OBJ018,train
IE7615 Deep Learning for AI/images_OBJ018/OBJ018_005.jpg,OBJ018,False,5,OBJ018,train
IE7615 Deep Learning for AI/images_OBJ018/OBJ018_006.jpg,OBJ018,False,6,OBJ018,val
IE7615 Deep Learning for AI/images_OBJ018/OBJ018_007.jpg,OBJ018,False,7,OBJ018,val
IE7615 Deep Learning for AI/images_OBJ018/OBJ018_008.jpg,OBJ018,False,8,OBJ018,val
IE7615 Deep Learning for AI/images_OBJ018/OBJ018_009.jpg,OBJ018,False,9,OBJ018,val
IE7615 Deep Learning for AI/images_OBJ018/OBJ018_010.jpg,OBJ018,False,10,OBJ018,val
IE7615 Deep Learning for AI/images_OBJ018/OBJ018_011.jpg,OBJ018,False,11,OBJ018,train
IE7615 Deep Learning for AI/images_OBJ018/OBJ018_012.jpg,OBJ018,False,12,OBJ018,train
IE7615 Deep Learning for AI/images_OBJ018/OBJ018_013.jpg,OBJ018,False,13,OBJ018,train
IE7615 Deep Learning for AI/images_OBJ018/OBJ018_014.jpg,OBJ018,False,14,OBJ018,train
IE7615 Deep Learning for AI/images_OBJ018/OBJ018_015.jpg,OBJ018,False,15,OBJ018,train
IE7615 Deep Learning for AI/images_OBJ018/OBJ018_016.jpg,OBJ018,False,16,OBJ018,test
IE7615 Deep Learning for AI/images_OBJ018/OBJ018_017.jpg,OBJ018,False,17,OBJ018,test
IE7615 Deep Learning for AI/images_OBJ018/OBJ018_018.jpg,OBJ018,False,18,OBJ018,test
IE7615 Deep Learning for AI/images_OBJ018/OBJ018_019.jpg,OBJ018,False,19,OBJ018,test
IE7615 Deep Learning for AI/images_OBJ018/OBJ018_020.jpg,OBJ018,False,20,OBJ018,test
IE7615 Deep Learning for AI/images_OBJ018/OBJ018_021.jpg,OBJ018,False,21,OBJ018,train
IE7615 Deep Learning for AI/images_OBJ018/OBJ018_022.jpg,OBJ018,False,22,OBJ018,train
IE7615 Deep Learning for AI/images_OBJ018/OBJ018_023.jpg,OBJ018,False,23,OBJ018,train
IE7615 Deep Learning for AI/images_OBJ018/OBJ018_024.jpg,OBJ018,False,24,OBJ018,train
IE7615 Deep Learning for AI/images_OBJ018/OBJ018_025.jpg,OBJ018,False,25,OBJ018,train
IE7615 Deep Learning for AI/images_OBJ018/OBJ018_026.jpg,OBJ018,False,26,OBJ018,val
IE7615 Deep Learning for AI/images_OBJ018/OBJ018_027.jpg,OBJ018,False,27,OBJ018,val
IE7615 Deep Learning for AI/images_OBJ018/OBJ018_028.jpg,OBJ018,False,28,OBJ018,val
IE7615 Deep Learning for AI/images_OBJ018/OBJ018_029.jpg,OBJ018,False,29,OBJ018,val
IE7615 Deep Learning for AI/images_OBJ018/OBJ018_030.jpg,OBJ018,False,30,OBJ018,val
IE7615 Deep Learning for AI/images_OBJ018/OBJ018_031.jpg,OBJ018,False,31,OBJ018,train
IE7615 Deep Learning for AI/images_OBJ018/OBJ018_032.jpg,OBJ018,False,32,OBJ018,train
IE7615 Deep Learning for AI/images_OBJ018/OBJ018_033.jpg,OBJ018,False,33,OBJ018,train
IE7615 Deep Learning for AI/images_OBJ018/OBJ018_034.jpg,OBJ018,False,34,OBJ018,train
IE7615 Deep Learning for AI/images_OBJ018/OBJ018_035.jpg,OBJ018,False,35,OBJ018,train
IE7615 Deep Learning for AI/images_OBJ018/OBJ018_036.jpg,OBJ018,False,36,OBJ018,train
IE7615 Deep Learning for AI/images_OBJ018/OBJ018_037.jpg,OBJ018,False,37,OBJ018,train
IE7615 Deep Learning for AI/images_OBJ018/OBJ018_038.jpg,OBJ018,False,38,OBJ018,train
IE7615 Deep Learning for AI/images_OBJ018/OBJ018_039.jpg,OBJ018,False,39,OBJ018,train
IE7615 Deep Learning for AI/images_OBJ018/OBJ018_040.jpg,OBJ018,False,40,OBJ018,train
IE7615 Deep Learning for AI/images_OBJ018/OBJ018_041.jpg,OBJ018,False,41,OBJ018,train
IE7615 Deep Learning for AI/images_OBJ018/OBJ018_042.jpg,OBJ018,False,42,OBJ018,train
IE7615 Deep Learning for AI/images_OBJ018/OBJ018_043.jpg,OBJ018,False,43,OBJ018,train
IE7615 Deep Learning for AI/images_OBJ018/OBJ018_044.jpg,OBJ018,False,44,OBJ018,train
IE7615 Deep Learning for AI/images_OBJ018/OBJ018_045.jpg,OBJ018,False,45,OBJ018,train
IE7615 Deep Learning for AI/images_OBJ018/OBJ018_046.jpg,OBJ018,False,46,OBJ018,train
IE7615 Deep Learning for AI/images_OBJ018/OBJ018_047.jpg,OBJ018,False,47,OBJ018,train
IE7615 Deep Learning for AI/images_OBJ018/OBJ018_048.jpg,OBJ018,False,48,OBJ018,train
IE7615 Deep Learning for AI/images_OBJ018/OBJ018_049.jpg,OBJ018,False,49,OBJ018,train
IE7615 Deep Learning for AI/images_OBJ018/OBJ018_050.jpg,OBJ018,False,50,OBJ018,train
IE7615 Deep Learning for AI/images_OBJ018/OBJ018_051.jpg,OBJ018,False,51,OBJ018,train
IE7615 Deep Learning for AI/images_OBJ018/OBJ018_052.jpg,OBJ018,False,52,OBJ018,train
IE7615 Deep Learning for AI/images_OBJ018/OBJ018_053.jpg,OBJ018,False,53,OBJ018,train
IE7615 Deep Learning for AI/images_OBJ018/OBJ018_054.jpg,OBJ018,False,54,OBJ018,train
IE7615 Deep Learning for AI/images_OBJ018/OBJ018_055.jpg,OBJ018,False,55,OBJ018,train
IE7615 Deep Learning for AI/images_OBJ018/OBJ018_056.jpg,OBJ018,False,56,OBJ018,train
IE7615 Deep Learning for AI/images_OBJ018/OBJ018_057.jpg,OBJ018,False,57,OBJ018,train
IE7615 Deep Learning for AI/images_OBJ018/OBJ018_058.jpg,OBJ018,False,58,OBJ018,train
IE7615 Deep Learning for AI/images_OBJ018/OBJ018_059.jpg,OBJ018,False,59,OBJ018,train
IE7615 Deep Learning for AI/images_OBJ018/OBJ018_060.jpg,OBJ018,False,60,OBJ018,train
IE7615 Deep Learning for AI/images_OBJ018/OBJ018_061.jpg,OBJ018,False,61,OBJ018,train
IE7615 Deep Learning for AI/images_OBJ018/OBJ018_062.jpg,OBJ018,False,62,OBJ018,train
IE7615 Deep Learning for AI/images_OBJ018/OBJ018_063.jpg,OBJ018,False,63,OBJ018,train
IE7615 Deep Learning for AI/images_OBJ018/OBJ018_064.jpg,OBJ018,False,64,OBJ018,train
IE7615 Deep Learning for AI/images_OBJ018/OBJ018_065.jpg,OBJ018,False,65,OBJ018,train
IE7615 Deep Learning for AI/images_OBJ018/OBJ018_066.jpg,OBJ018,False,66,OBJ018,test
IE7615 Deep Learning for AI/images_OBJ018/OBJ018_067.jpg,OBJ018,False,67,OBJ018,test
IE7615 Deep Learning for AI/images_OBJ018/OBJ018_068.jpg,OBJ018,False,68,OBJ018,test
IE7615 Deep Learning for AI/images_OBJ018/OBJ018_069.jpg,OBJ018,False,69,OBJ018,test
IE7615 Deep Learning for AI/images_OBJ018/OBJ018_070.jpg,OBJ018,False,70,OBJ018,test
IE7615 Deep Learning for AI/images_OBJ018/OBJ018_071.jpg,OBJ018,False,71,OBJ018,val
IE7615 Deep Learning for AI/images_OBJ018/OBJ018_072.jpg,OBJ018,False,72,OBJ018,val
IE7615 Deep Learning for AI/images_OBJ018/OBJ018_073.jpg,OBJ018,False,73,OBJ018,val
IE7615 Deep Learning for AI/images_OBJ018/OBJ018_074.jpg,OBJ018,False,74,OBJ018,val
IE7615 Deep Learning for AI/images_OBJ018/OBJ018_075.jpg,OBJ018,False,75,OBJ018,val
IE7615 Deep Learning for AI/images_OBJ018/OBJ018_076.jpg,OBJ018,False,76,OBJ018,train
IE7615 Deep Learning for AI/images_OBJ018/OBJ018_077.jpg,OBJ018,False,77,OBJ018,train
IE7615 Deep Learning for AI/images_OBJ018/OBJ018_078.jpg,OBJ018,False,78,OBJ018,train
IE7615 Deep Learning for AI/images_OBJ018/OBJ018_079.jpg,OBJ018,False,79,OBJ018,train
IE7615 Deep Learning for AI/images_OBJ018/OBJ018_080.jpg,OBJ018,False,80,OBJ018,train
IE7615 Deep Learning for AI/images_OBJ018/OBJ018_081.jpg,OBJ018,False,81,OBJ018,test
IE7615 Deep Learning for AI/images_OBJ018/OBJ018_082.jpg,OBJ018,False,82,OBJ018,test
IE7615 Deep Learning for AI/images_OBJ018/OBJ018_083.jpg,OBJ018,False,83,OBJ018,test
IE7615 Deep Learning for AI/images_OBJ018/OBJ018_084.jpg,OBJ018,False,84,OBJ018,test
IE7615 Deep Learning for AI/images_OBJ018/OBJ018_085.jpg,OBJ018,False,85,OBJ018,test
IE7615 Deep Learning for AI/images_OBJ018/OBJ018_086.jpg,OBJ018,False,86,OBJ018,train
IE7615 Deep Learning for AI/images_OBJ018/OBJ018_087.jpg,OBJ018,False,87,OBJ018,train
IE7615 Deep Learning for AI/images_OBJ018/OBJ018_088.jpg,OBJ018,False,88,OBJ018,train
IE7615 Deep Learning for AI/images_OBJ018/OBJ018_089.jpg,OBJ018,False,89,OBJ018,train
IE7615 Deep Learning for AI/images_OBJ018/OBJ018_090.jpg,OBJ018,False,90,OBJ018,train
IE7615 Deep Learning for AI/images_OBJ018/OBJ018_091.jpg,OBJ018,False,91,OBJ018,train
IE7615 Deep Learning for AI/images_OBJ018/OBJ018_092.jpg,OBJ018,False,92,OBJ018,train
IE7615 Deep Learning for AI/images_OBJ018/OBJ018_093.jpg,OBJ018,False,93,OBJ018,train
IE7615 Deep Learning for AI/images_OBJ018/OBJ018_094.jpg,OBJ018,False,94,OBJ018,train
IE7615 Deep Learning for AI/images_OBJ018/OBJ018_095.jpg,OBJ018,False,95,OBJ018,train
IE7615 Deep Learning for AI/images_OBJ018/OBJ018_bg_001.jpg,OBJ018,True,1,no_object,train
IE7615 Deep Learning for AI/images_OBJ018/OBJ018_bg_002.jpg,OBJ018,True,2,no_object,train
IE7615 Deep Learning for AI/images_OBJ018/OBJ018_bg_003.jpg,OBJ018,True,3,no_object,train
IE7615 Deep Learning for AI/images_OBJ018/OBJ018_bg_004.jpg,OBJ018,True,4,no_object,train
IE7615 Deep Learning for AI/images_OBJ018/OBJ018_bg_005.jpg,OBJ018,True,5,no_object,train
IE7615 Deep Learning for AI/images_OBJ019/OBJ019_001.jpg,OBJ019,False,1,OBJ019,train
IE7615 Deep Learning for AI/images_OBJ019/OBJ019_002.jpg,OBJ019,False,2,OBJ019,train
IE7615 Deep Learning for AI/images_OBJ019/OBJ019_003.jpg,OBJ019,False,3,OBJ019,train
IE7615 Deep Learning for AI/images_OBJ019/OBJ019_004.jpg,OBJ019,False,4,OBJ019,train
IE7615 Deep Learning for AI/images_OBJ019/OBJ019_005.jpg,OBJ019,False,5,OBJ019,train
IE7615 Deep Learning for AI/images_OBJ019/OBJ019_006.jpg,OBJ019,False,6,OBJ019,test
IE7615 Deep Learning for AI/images_OBJ019/OBJ019_007.jpg,OBJ019,False,7,OBJ019,test
IE7615 Deep Learning for AI/images_OBJ019/OBJ019_008.jpg,OBJ019,False,8,OBJ019,test
IE7615 Deep Learning for AI/images_OBJ019/OBJ019_009.jpg,OBJ019,False,9,OBJ019,test
IE7615 Deep Learning for AI/images_OBJ019/OBJ019_010.jpg,OBJ019,False,10,OBJ019,test
IE7615 Deep Learning for AI/images_OBJ019/OBJ019_011.jpg,OBJ019,False,11,OBJ019,val
IE7615 Deep Learning for AI/images_OBJ019/OBJ019_012.jpg,OBJ019,False,12,OBJ019,val
IE7615 Deep Learning for AI/images_OBJ019/OBJ019_013.jpg,OBJ019,False,13,OBJ019,val
IE7615 Deep Learning for AI/images_OBJ019/OBJ019_014.jpg,OBJ019,False,14,OBJ019,val
IE7615 Deep Learning for AI/images_OBJ019/OBJ019_015.jpg,OBJ019,False,15,OBJ019,val
IE7615 Deep Learning for AI/images_OBJ019/OBJ019_016.jpg,OBJ019,False,16,OBJ019,train
IE7615 Deep Learning for AI/images_OBJ019/OBJ019_017.jpg,OBJ019,False,17,OBJ019,train
IE7615 Deep Learning for AI/images_OBJ019/OBJ019_018.jpg,OBJ019,False,18,OBJ019,train
IE7615 Deep Learning for AI/images_OBJ019/OBJ019_019.jpg,OBJ019,False,19,OBJ019,train
IE7615 Deep Learning for AI/images_OBJ019/OBJ019_020.jpg,OBJ019,False,20,OBJ019,train
IE7615 Deep Learning for AI/images_OBJ019/OBJ019_021.jpg,OBJ019,False,21,OBJ019,train
IE7615 Deep Learning for AI/images_OBJ019/OBJ019_022.jpg,OBJ019,False,22,OBJ019,train
IE7615 Deep Learning for AI/images_OBJ019/OBJ019_023.jpg,OBJ019,False,23,OBJ019,train
IE7615 Deep Learning for AI/images_OBJ019/OBJ019_024.jpg,OBJ019,False,24,OBJ019,train
IE7615 Deep Learning for AI/images_OBJ019/OBJ019_025.jpg,OBJ019,False,25,OBJ019,train
IE7615 Deep Learning for AI/images_OBJ019/OBJ019_026.jpg,OBJ019,False,26,OBJ019,train
IE7615 Deep Learning for AI/images_OBJ019/OBJ019_027.jpg,OBJ019,False,27,OBJ019,train
IE7615 Deep Learning for AI/images_OBJ019/OBJ019_028.jpg,OBJ019,False,28,OBJ019,train
IE7615 Deep Learning for AI/images_OBJ019/OBJ019_029.jpg,OBJ019,False,29,OBJ019,train
IE7615 Deep Learning for AI/images_OBJ019/OBJ019_030.jpg,OBJ019,False,30,OBJ019,train
IE7615 Deep Learning for AI/images_OBJ019/OBJ019_031.jpg,OBJ019,False,31,OBJ019,train
IE7615 Deep Learning for AI/images_OBJ019/OBJ019_032.jpg,OBJ019,False,32,OBJ019,train
IE7615 Deep Learning for AI/images_OBJ019/OBJ019_033.jpg,OBJ019,False,33,OBJ019,train
IE7615 Deep Learning for AI/images_OBJ019/OBJ019_034.jpg,OBJ019,False,34,OBJ019,train
IE7615 Deep Learning for AI/images_OBJ019/OBJ019_035.jpg,OBJ019,False,35,OBJ019,train
IE7615 Deep Learning for AI/images_OBJ019/OBJ019_036.jpg,OBJ019,False,36,OBJ019,train
IE7615 Deep Learning for AI/images_OBJ019/OBJ019_037.jpg,OBJ019,False,37,OBJ019,train
IE7615 Deep Learning for AI/images_OBJ019/OBJ019_038.jpg,OBJ019,False,38,OBJ019,train
IE7615 Deep Learning for AI/images_OBJ019/OBJ019_039.jpg,OBJ019,False,39,OBJ019,train
IE7615 Deep Learning for AI/images_OBJ019/OBJ019_040.jpg,OBJ019,False,40,OBJ019,train
IE7615 Deep Learning for AI/images_OBJ019/OBJ019_041.jpg,OBJ019,False,41,OBJ019,test
IE7615 Deep Learning for AI/images_OBJ019/OBJ019_042.jpg,OBJ019,False,42,OBJ019,test
IE7615 Deep Learning for AI/images_OBJ019/OBJ019_043.jpg,OBJ019,False,43,OBJ019,test
IE7615 Deep Learning for AI/images_OBJ019/OBJ019_044.jpg,OBJ019,False,44,OBJ019,test
IE7615 Deep Learning for AI/images_OBJ019/OBJ019_045.jpg,OBJ019,False,45,OBJ019,test
IE7615 Deep Learning for AI/images_OBJ019/OBJ019_046.jpg,OBJ019,False,46,OBJ019,train
IE7615 Deep Learning for AI/images_OBJ019/OBJ019_047.jpg,OBJ019,False,47,OBJ019,train
IE7615 Deep Learning for AI/images_OBJ019/OBJ019_048.jpg,OBJ019,False,48,OBJ019,train
IE7615 Deep Learning for AI/images_OBJ019/OBJ019_049.jpg,OBJ019,False,49,OBJ019,train
IE7615 Deep Learning for AI/images_OBJ019/OBJ019_050.jpg,OBJ019,False,50,OBJ019,train
IE7615 Deep Learning for AI/images_OBJ019/OBJ019_051.jpg,OBJ019,False,51,OBJ019,train
IE7615 Deep Learning for AI/images_OBJ019/OBJ019_052.jpg,OBJ019,False,52,OBJ019,train
IE7615 Deep Learning for AI/images_OBJ019/OBJ019_053.jpg,OBJ019,False,53,OBJ019,train
IE7615 Deep Learning for AI/images_OBJ019/OBJ019_054.jpg,OBJ019,False,54,OBJ019,train
IE7615 Deep Learning for AI/images_OBJ019/OBJ019_055.jpg,OBJ019,False,55,OBJ019,train
IE7615 Deep Learning for AI/images_OBJ019/OBJ019_056.jpg,OBJ019,False,56,OBJ019,train
IE7615 Deep Learning for AI/images_OBJ019/OBJ019_057.jpg,OBJ019,False,57,OBJ019,train
IE7615 Deep Learning for AI/images_OBJ019/OBJ019_058.jpg,OBJ019,False,58,OBJ019,train
IE7615 Deep Learning for AI/images_OBJ019/OBJ019_059.jpg,OBJ019,False,59,OBJ019,train
IE7615 Deep Learning for AI/images_OBJ019/OBJ019_060.jpg,OBJ019,False,60,OBJ019,train
IE7615 Deep Learning for AI/images_OBJ019/OBJ019_061.jpg,OBJ019,False,61,OBJ019,train
IE7615 Deep Learning for AI/images_OBJ019/OBJ019_062.jpg,OBJ019,False,62,OBJ019,train
IE7615 Deep Learning for AI/images_OBJ019/OBJ019_063.jpg,OBJ019,False,63,OBJ019,train
IE7615 Deep Learning for AI/images_OBJ019/OBJ019_064.jpg,OBJ019,False,64,OBJ019,train
IE7615 Deep Learning for AI/images_OBJ019/OBJ019_065.jpg,OBJ019,False,65,OBJ019,train
IE7615 Deep Learning for AI/images_OBJ019/OBJ019_066.jpg,OBJ019,False,66,OBJ019,train
IE7615 Deep Learning for AI/images_OBJ019/OBJ019_067.jpg,OBJ019,False,67,OBJ019,train
IE7615 Deep Learning for AI/images_OBJ019/OBJ019_068.jpg,OBJ019,False,68,OBJ019,train
IE7615 Deep Learning for AI/images_OBJ019/OBJ019_069.jpg,OBJ019,False,69,OBJ019,train
IE7615 Deep Learning for AI/images_OBJ019/OBJ019_070.jpg,OBJ019,False,70,OBJ019,train
IE7615 Deep Learning for AI/images_OBJ019/OBJ019_071.jpg,OBJ019,False,71,OBJ019,val
IE7615 Deep Learning for AI/images_OBJ019/OBJ019_072.jpg,OBJ019,False,72,OBJ019,val
IE7615 Deep Learning for AI/images_OBJ019/OBJ019_073.jpg,OBJ019,False,73,OBJ019,val
IE7615 Deep Learning for AI/images_OBJ019/OBJ019_074.jpg,OBJ019,False,74,OBJ019,val
IE7615 Deep Learning for AI/images_OBJ019/OBJ019_075.jpg,OBJ019,False,75,OBJ019,val
IE7615 Deep Learning for AI/images_OBJ019/OBJ019_076.jpg,OBJ019,False,76,OBJ019,train
IE7615 Deep Learning for AI/images_OBJ019/OBJ019_077.jpg,OBJ019,False,77,OBJ019,train
IE7615 Deep Learning for AI/images_OBJ019/OBJ019_078.jpg,OBJ019,False,78,OBJ019,train
IE7615 Deep Learning for AI/images_OBJ019/OBJ019_079.jpg,OBJ019,False,79,OBJ019,train
IE7615 Deep Learning for AI/images_OBJ019/OBJ019_080.jpg,OBJ019,False,80,OBJ019,train
IE7615 Deep Learning for AI/images_OBJ019/OBJ019_081.jpg,OBJ019,False,81,OBJ019,test
IE7615 Deep Learning for AI/images_OBJ019/OBJ019_082.jpg,OBJ019,False,82,OBJ019,test
IE7615 Deep Learning for AI/images_OBJ019/OBJ019_083.jpg,OBJ019,False,83,OBJ019,test
IE7615 Deep Learning for AI/images_OBJ019/OBJ019_084.jpg,OBJ019,False,84,OBJ019,test
IE7615 Deep Learning for AI/images_OBJ019/OBJ019_085.jpg,OBJ019,False,85,OBJ019,test
IE7615 Deep Learning for AI/images_OBJ019/OBJ019_086.jpg,OBJ019,False,86,OBJ019,val
IE7615 Deep Learning for AI/images_OBJ019/OBJ019_087.jpg,OBJ019,False,87,OBJ019,val
IE7615 Deep Learning for AI/images_OBJ019/OBJ019_088.jpg,OBJ019,False,88,OBJ019,val
IE7615 Deep Learning for AI/images_OBJ019/OBJ019_089.jpg,OBJ019,False,89,OBJ019,val
IE7615 Deep Learning for AI/images_OBJ019/OBJ019_090.jpg,OBJ019,False,90,OBJ019,val
IE7615 Deep Learning for AI/images_OBJ019/OBJ019_091.jpg,OBJ019,False,91,OBJ019,train
IE7615 Deep Learning for AI/images_OBJ019/OBJ019_092.jpg,OBJ019,False,92,OBJ019,train
IE7615 Deep Learning for AI/images_OBJ019/OBJ019_093.jpg,OBJ019,False,93,OBJ019,train
IE7615 Deep Learning for AI/images_OBJ019/OBJ019_094.jpg,OBJ019,False,94,OBJ019,train
IE7615 Deep Learning for AI/images_OBJ019/OBJ019_095.jpg,OBJ019,False,95,OBJ019,train
IE7615 Deep Learning for AI/images_OBJ019/OBJ019_bg_001.jpg,OBJ019,True,1,no_object,train
IE7615 Deep Learning for AI/images_OBJ019/OBJ019_bg_002.jpg,OBJ019,True,2,no_object,train
IE7615 Deep Learning for AI/images_OBJ019/OBJ019_bg_003.jpg,OBJ019,True,3,no_object,train
IE7615 Deep Learning for AI/images_OBJ019/OBJ019_bg_004.jpg,OBJ019,True,4,no_object,train
IE7615 Deep Learning for AI/images_OBJ019/OBJ019_bg_005.jpg,OBJ019,True,5,no_object,train
IE7615 Deep Learning for AI/images_OBJ020/OBJ020_001.jpg,OBJ020,False,1,OBJ020,test
IE7615 Deep Learning for AI/images_OBJ020/OBJ020_002.jpg,OBJ020,False,2,OBJ020,test
IE7615 Deep Learning for AI/images_OBJ020/OBJ020_003.jpg,OBJ020,False,3,OBJ020,test
IE7615 Deep Learning for AI/images_OBJ020/OBJ020_004.jpg,OBJ020,False,4,OBJ020,test
IE7615 Deep Learning for AI/images_OBJ020/OBJ020_005.jpg,OBJ020,False,5,OBJ020,test
IE7615 Deep Learning for AI/images_OBJ020/OBJ020_006.jpg,OBJ020,False,6,OBJ020,val
IE7615 Deep Learning for AI/images_OBJ020/OBJ020_007.jpg,OBJ020,False,7,OBJ020,val
IE7615 Deep Learning for AI/images_OBJ020/OBJ020_008.jpg,OBJ020,False,8,OBJ020,val
IE7615 Deep Learning for AI/images_OBJ020/OBJ020_009.jpg,OBJ020,False,9,OBJ020,val
IE7615 Deep Learning for AI/images_OBJ020/OBJ020_010.jpg,OBJ020,False,10,OBJ020,val
IE7615 Deep Learning for AI/images_OBJ020/OBJ020_011.jpg,OBJ020,False,11,OBJ020,train
IE7615 Deep Learning for AI/images_OBJ020/OBJ020_012.jpg,OBJ020,False,12,OBJ020,train
IE7615 Deep Learning for AI/images_OBJ020/OBJ020_013.jpg,OBJ020,False,13,OBJ020,train
IE7615 Deep Learning for AI/images_OBJ020/OBJ020_014.jpg,OBJ020,False,14,OBJ020,train
IE7615 Deep Learning for AI/images_OBJ020/OBJ020_015.jpg,OBJ020,False,15,OBJ020,train
IE7615 Deep Learning for AI/images_OBJ020/OBJ020_016.jpg,OBJ020,False,16,OBJ020,train
IE7615 Deep Learning for AI/images_OBJ020/OBJ020_017.jpg,OBJ020,False,17,OBJ020,train
IE7615 Deep Learning for AI/images_OBJ020/OBJ020_018.jpg,OBJ020,False,18,OBJ020,train
IE7615 Deep Learning for AI/images_OBJ020/OBJ020_019.jpg,OBJ020,False,19,OBJ020,train
IE7615 Deep Learning for AI/images_OBJ020/OBJ020_020.jpg,OBJ020,False,20,OBJ020,train
IE7615 Deep Learning for AI/images_OBJ020/OBJ020_021.jpg,OBJ020,False,21,OBJ020,train
IE7615 Deep Learning for AI/images_OBJ020/OBJ020_022.jpg,OBJ020,False,22,OBJ020,train
IE7615 Deep Learning for AI/images_OBJ020/OBJ020_023.jpg,OBJ020,False,23,OBJ020,train
IE7615 Deep Learning for AI/images_OBJ020/OBJ020_024.jpg,OBJ020,False,24,OBJ020,train
IE7615 Deep Learning for AI/images_OBJ020/OBJ020_025.jpg,OBJ020,False,25,OBJ020,train
IE7615 Deep Learning for AI/images_OBJ020/OBJ020_026.jpg,OBJ020,False,26,OBJ020,train
IE7615 Deep Learning for AI/images_OBJ020/OBJ020_027.jpg,OBJ020,False,27,OBJ020,train
IE7615 Deep Learning for AI/images_OBJ020/OBJ020_028.jpg,OBJ020,False,28,OBJ020,train
IE7615 Deep Learning for AI/images_OBJ020/OBJ020_029.jpg,OBJ020,False,29,OBJ020,train
IE7615 Deep Learning for AI/images_OBJ020/OBJ020_030.jpg,OBJ020,False,30,OBJ020,train
IE7615 Deep Learning for AI/images_OBJ020/OBJ020_031.jpg,OBJ020,False,31,OBJ020,train
IE7615 Deep Learning for AI/images_OBJ020/OBJ020_032.jpg,OBJ020,False,32,OBJ020,train
IE7615 Deep Learning for AI/images_OBJ020/OBJ020_033.jpg,OBJ020,False,33,OBJ020,train
IE7615 Deep Learning for AI/images_OBJ020/OBJ020_034.jpg,OBJ020,False,34,OBJ020,train
IE7615 Deep Learning for AI/images_OBJ020/OBJ020_035.jpg,OBJ020,False,35,OBJ020,train
IE7615 Deep Learning for AI/images_OBJ020/OBJ020_036.jpg,OBJ020,False,36,OBJ020,train
IE7615 Deep Learning for AI/images_OBJ020/OBJ020_037.jpg,OBJ020,False,37,OBJ020,train
IE7615 Deep Learning for AI/images_OBJ020/OBJ020_038.jpg,OBJ020,False,38,OBJ020,train
IE7615 Deep Learning for AI/images_OBJ020/OBJ020_039.jpg,OBJ020,False,39,OBJ020,train
IE7615 Deep Learning for AI/images_OBJ020/OBJ020_040.jpg,OBJ020,False,40,OBJ020,train
IE7615 Deep Learning for AI/images_OBJ020/OBJ020_041.jpg,OBJ020,False,41,OBJ020,train
IE7615 Deep Learning for AI/images_OBJ020/OBJ020_042.jpg,OBJ020,False,42,OBJ020,train
IE7615 Deep Learning for AI/images_OBJ020/OBJ020_043.jpg,OBJ020,False,43,OBJ020,train
IE7615 Deep Learning for AI/images_OBJ020/OBJ020_044.jpg,OBJ020,False,44,OBJ020,train
IE7615 Deep Learning for AI/images_OBJ020/OBJ020_045.jpg,OBJ020,False,45,OBJ020,train
IE7615 Deep Learning for AI/images_OBJ020/OBJ020_046.jpg,OBJ020,False,46,OBJ020,train
IE7615 Deep Learning for AI/images_OBJ020/OBJ020_047.jpg,OBJ020,False,47,OBJ020,train
IE7615 Deep Learning for AI/images_OBJ020/OBJ020_048.jpg,OBJ020,False,48,OBJ020,train
IE7615 Deep Learning for AI/images_OBJ020/OBJ020_049.jpg,OBJ020,False,49,OBJ020,train
IE7615 Deep Learning for AI/images_OBJ020/OBJ020_050.jpg,OBJ020,False,50,OBJ020,train
IE7615 Deep Learning for AI/images_OBJ020/OBJ020_051.jpg,OBJ020,False,51,OBJ020,train
IE7615 Deep Learning for AI/images_OBJ020/OBJ020_052.jpg,OBJ020,False,52,OBJ020,train
IE7615 Deep Learning for AI/images_OBJ020/OBJ020_053.jpg,OBJ020,False,53,OBJ020,train
IE7615 Deep Learning for AI/images_OBJ020/OBJ020_054.jpg,OBJ020,False,54,OBJ020,train
IE7615 Deep Learning for AI/images_OBJ020/OBJ020_055.jpg,OBJ020,False,55,OBJ020,train
IE7615 Deep Learning for AI/images_OBJ020/OBJ020_056.jpg,OBJ020,False,56,OBJ020,train
IE7615 Deep Learning for AI/images_OBJ020/OBJ020_057.jpg,OBJ020,False,57,OBJ020,train
IE7615 Deep Learning for AI/images_OBJ020/OBJ020_058.jpg,OBJ020,False,58,OBJ020,train
IE7615 Deep Learning for AI/images_OBJ020/OBJ020_059.jpg,OBJ020,False,59,OBJ020,train
IE7615 Deep Learning for AI/images_OBJ020/OBJ020_060.jpg,OBJ020,False,60,OBJ020,train
IE7615 Deep Learning for AI/images_OBJ020/OBJ020_061.jpg,OBJ020,False,61,OBJ020,train
IE7615 Deep Learning for AI/images_OBJ020/OBJ020_062.jpg,OBJ020,False,62,OBJ020,train
IE7615 Deep Learning for AI/images_OBJ020/OBJ020_063.jpg,OBJ020,False,63,OBJ020,train
IE7615 Deep Learning for AI/images_OBJ020/OBJ020_064.jpg,OBJ020,False,64,OBJ020,train
IE7615 Deep Learning for AI/images_OBJ020/OBJ020_065.jpg,OBJ020,False,65,OBJ020,train
IE7615 Deep Learning for AI/images_OBJ020/OBJ020_066.jpg,OBJ020,False,66,OBJ020,test
IE7615 Deep Learning for AI/images_OBJ020/OBJ020_067.jpg,OBJ020,False,67,OBJ020,test
IE7615 Deep Learning for AI/images_OBJ020/OBJ020_068.jpg,OBJ020,False,68,OBJ020,test
IE7615 Deep Learning for AI/images_OBJ020/OBJ020_069.jpg,OBJ020,False,69,OBJ020,test
IE7615 Deep Learning for AI/images_OBJ020/OBJ020_070.jpg,OBJ020,False,70,OBJ020,test
IE7615 Deep Learning for AI/images_OBJ020/OBJ020_071.jpg,OBJ020,False,71,OBJ020,val
IE7615 Deep Learning for AI/images_OBJ020/OBJ020_072.jpg,OBJ020,False,72,OBJ020,val
IE7615 Deep Learning for AI/images_OBJ020/OBJ020_073.jpg,OBJ020,False,73,OBJ020,val
IE7615 Deep Learning for AI/images_OBJ020/OBJ020_074.jpg,OBJ020,False,74,OBJ020,val
IE7615 Deep Learning for AI/images_OBJ020/OBJ020_075.jpg,OBJ020,False,75,OBJ020,val
IE7615 Deep Learning for AI/images_OBJ020/OBJ020_076.jpg,OBJ020,False,76,OBJ020,val
IE7615 Deep Learning for AI/images_OBJ020/OBJ020_077.jpg,OBJ020,False,77,OBJ020,val
IE7615 Deep Learning for AI/images_OBJ020/OBJ020_078.jpg,OBJ020,False,78,OBJ020,val
IE7615 Deep Learning for AI/images_OBJ020/OBJ020_079.jpg,OBJ020,False,79,OBJ020,val
IE7615 Deep Learning for AI/images_OBJ020/OBJ020_080.jpg,OBJ020,False,80,OBJ020,val
IE7615 Deep Learning for AI/images_OBJ020/OBJ020_081.jpg,OBJ020,False,81,OBJ020,train
IE7615 Deep Learning for AI/images_OBJ020/OBJ020_082.jpg,OBJ020,False,82,OBJ020,train
IE7615 Deep Learning for AI/images_OBJ020/OBJ020_083.jpg,OBJ020,False,83,OBJ020,train
IE7615 Deep Learning for AI/images_OBJ020/OBJ020_084.jpg,OBJ020,False,84,OBJ020,train
IE7615 Deep Learning for AI/images_OBJ020/OBJ020_085.jpg,OBJ020,False,85,OBJ020,train
IE7615 Deep Learning for AI/images_OBJ020/OBJ020_086.jpg,OBJ020,False,86,OBJ020,test
IE7615 Deep Learning for AI/images_OBJ020/OBJ020_087.jpg,OBJ020,False,87,OBJ020,test
IE7615 Deep Learning for AI/images_OBJ020/OBJ020_088.jpg,OBJ020,False,88,OBJ020,test
IE7615 Deep Learning for AI/images_OBJ020/OBJ020_089.jpg,OBJ020,False,89,OBJ020,test
IE7615 Deep Learning for AI/images_OBJ020/OBJ020_090.jpg,OBJ020,False,90,OBJ020,test
IE7615 Deep Learning for AI/images_OBJ020/OBJ020_091.jpg,OBJ020,False,91,OBJ020,train
IE7615 Deep Learning for AI/images_OBJ020/OBJ020_092.jpg,OBJ020,False,92,OBJ020,train
IE7615 Deep Learning for AI/images_OBJ020/OBJ020_093.jpg,OBJ020,False,93,OBJ020,train
IE7615 Deep Learning for AI/images_OBJ020/OBJ020_094.jpg,OBJ020,False,94,OBJ020,train
IE7615 Deep Learning for AI/images_OBJ020/OBJ020_095.jpg,OBJ020,False,95,OBJ020,train
IE7615 Deep Learning for AI/images_OBJ020/OBJ020_bg_001.jpg,OBJ020,True,1,no_object,val
IE7615 Deep Learning for AI/images_OBJ020/OBJ020_bg_002.jpg,OBJ020,True,2,no_object,val
IE7615 Deep Learning for AI/images_OBJ020/OBJ020_bg_003.jpg,OBJ020,True,3,no_object,val
IE7615 Deep Learning for AI/images_OBJ020/OBJ020_bg_004.jpg,OBJ020,True,4,no_object,val
IE7615 Deep Learning for AI/images_OBJ020/OBJ020_bg_005.jpg,OBJ020,True,5,no_object,val
IE7615 Deep Learning for AI/images_OBJ021/OBJ021_001.jpg,OBJ021,False,1,OBJ021,train
IE7615 Deep Learning for AI/images_OBJ021/OBJ021_002.jpg,OBJ021,False,2,OBJ021,train
IE7615 Deep Learning for AI/images_OBJ021/OBJ021_003.jpg,OBJ021,False,3,OBJ021,train
IE7615 Deep Learning for AI/images_OBJ021/OBJ021_004.jpg,OBJ021,False,4,OBJ021,train
IE7615 Deep Learning for AI/images_OBJ021/OBJ021_005.jpg,OBJ021,False,5,OBJ021,train
IE7615 Deep Learning for AI/images_OBJ021/OBJ021_006.jpg,OBJ021,False,6,OBJ021,train
IE7615 Deep Learning for AI/images_OBJ021/OBJ021_007.jpg,OBJ021,False,7,OBJ021,train
IE7615 Deep Learning for AI/images_OBJ021/OBJ021_008.jpg,OBJ021,False,8,OBJ021,train
IE7615 Deep Learning for AI/images_OBJ021/OBJ021_009.jpg,OBJ021,False,9,OBJ021,train
IE7615 Deep Learning for AI/images_OBJ021/OBJ021_010.jpg,OBJ021,False,10,OBJ021,train
IE7615 Deep Learning for AI/images_OBJ021/OBJ021_011.jpg,OBJ021,False,11,OBJ021,train
IE7615 Deep Learning for AI/images_OBJ021/OBJ021_012.jpg,OBJ021,False,12,OBJ021,train
IE7615 Deep Learning for AI/images_OBJ021/OBJ021_013.jpg,OBJ021,False,13,OBJ021,train
IE7615 Deep Learning for AI/images_OBJ021/OBJ021_014.jpg,OBJ021,False,14,OBJ021,train
IE7615 Deep Learning for AI/images_OBJ021/OBJ021_015.jpg,OBJ021,False,15,OBJ021,train
IE7615 Deep Learning for AI/images_OBJ021/OBJ021_016.jpg,OBJ021,False,16,OBJ021,train
IE7615 Deep Learning for AI/images_OBJ021/OBJ021_017.jpg,OBJ021,False,17,OBJ021,train
IE7615 Deep Learning for AI/images_OBJ021/OBJ021_018.jpg,OBJ021,False,18,OBJ021,train
IE7615 Deep Learning for AI/images_OBJ021/OBJ021_019.jpg,OBJ021,False,19,OBJ021,train
IE7615 Deep Learning for AI/images_OBJ021/OBJ021_020.jpg,OBJ021,False,20,OBJ021,train
IE7615 Deep Learning for AI/images_OBJ021/OBJ021_021.jpg,OBJ021,False,21,OBJ021,test
IE7615 Deep Learning for AI/images_OBJ021/OBJ021_022.jpg,OBJ021,False,22,OBJ021,test
IE7615 Deep Learning for AI/images_OBJ021/OBJ021_023.jpg,OBJ021,False,23,OBJ021,test
IE7615 Deep Learning for AI/images_OBJ021/OBJ021_024.jpg,OBJ021,False,24,OBJ021,test
IE7615 Deep Learning for AI/images_OBJ021/OBJ021_025.jpg,OBJ021,False,25,OBJ021,test
IE7615 Deep Learning for AI/images_OBJ021/OBJ021_026.jpg,OBJ021,False,26,OBJ021,train
IE7615 Deep Learning for AI/images_OBJ021/OBJ021_027.jpg,OBJ021,False,27,OBJ021,train
IE7615 Deep Learning for AI/images_OBJ021/OBJ021_028.jpg,OBJ021,False,28,OBJ021,train
IE7615 Deep Learning for AI/images_OBJ021/OBJ021_029.jpg,OBJ021,False,29,OBJ021,train
IE7615 Deep Learning for AI/images_OBJ021/OBJ021_030.jpg,OBJ021,False,30,OBJ021,train
IE7615 Deep Learning for AI/images_OBJ021/OBJ021_031.jpg,OBJ021,False,31,OBJ021,train
IE7615 Deep Learning for AI/images_OBJ021/OBJ021_032.jpg,OBJ021,False,32,OBJ021,train
IE7615 Deep Learning for AI/images_OBJ021/OBJ021_033.jpg,OBJ021,False,33,OBJ021,train
IE7615 Deep Learning for AI/images_OBJ021/OBJ021_034.jpg,OBJ021,False,34,OBJ021,train
IE7615 Deep Learning for AI/images_OBJ021/OBJ021_035.jpg,OBJ021,False,35,OBJ021,train
IE7615 Deep Learning for AI/images_OBJ021/OBJ021_036.jpg,OBJ021,False,36,OBJ021,train
IE7615 Deep Learning for AI/images_OBJ021/OBJ021_037.jpg,OBJ021,False,37,OBJ021,train
IE7615 Deep Learning for AI/images_OBJ021/OBJ021_038.jpg,OBJ021,False,38,OBJ021,train
IE7615 Deep Learning for AI/images_OBJ021/OBJ021_039.jpg,OBJ021,False,39,OBJ021,train
IE7615 Deep Learning for AI/images_OBJ021/OBJ021_040.jpg,OBJ021,False,40,OBJ021,train
IE7615 Deep Learning for AI/images_OBJ021/OBJ021_041.jpg,OBJ021,False,41,OBJ021,test
IE7615 Deep Learning for AI/images_OBJ021/OBJ021_042.jpg,OBJ021,False,42,OBJ021,test
IE7615 Deep Learning for AI/images_OBJ021/OBJ021_043.jpg,OBJ021,False,43,OBJ021,test
IE7615 Deep Learning for AI/images_OBJ021/OBJ021_044.jpg,OBJ021,False,44,OBJ021,test
IE7615 Deep Learning for AI/images_OBJ021/OBJ021_045.jpg,OBJ021,False,45,OBJ021,test
IE7615 Deep Learning for AI/images_OBJ021/OBJ021_046.jpg,OBJ021,False,46,OBJ021,train
IE7615 Deep Learning for AI/images_OBJ021/OBJ021_047.jpg,OBJ021,False,47,OBJ021,train
IE7615 Deep Learning for AI/images_OBJ021/OBJ021_048.jpg,OBJ021,False,48,OBJ021,train
IE7615 Deep Learning for AI/images_OBJ021/OBJ021_049.jpg,OBJ021,False,49,OBJ021,train
IE7615 Deep Learning for AI/images_OBJ021/OBJ021_050.jpg,OBJ021,False,50,OBJ021,train
IE7615 Deep Learning for AI/images_OBJ021/OBJ021_051.jpg,OBJ021,False,51,OBJ021,train
IE7615 Deep Learning for AI/images_OBJ021/OBJ021_052.jpg,OBJ021,False,52,OBJ021,train
IE7615 Deep Learning for AI/images_OBJ021/OBJ021_053.jpg,OBJ021,False,53,OBJ021,train
IE7615 Deep Learning for AI/images_OBJ021/OBJ021_054.jpg,OBJ021,False,54,OBJ021,train
IE7615 Deep Learning for AI/images_OBJ021/OBJ021_055.jpg,OBJ021,False,55,OBJ021,train
IE7615 Deep Learning for AI/images_OBJ021/OBJ021_056.jpg,OBJ021,False,56,OBJ021,val
IE7615 Deep Learning for AI/images_OBJ021/OBJ021_057.jpg,OBJ021,False,57,OBJ021,val
IE7615 Deep Learning for AI/images_OBJ021/OBJ021_058.jpg,OBJ021,False,58,OBJ021,val
IE7615 Deep Learning for AI/images_OBJ021/OBJ021_059.jpg,OBJ021,False,59,OBJ021,val
IE7615 Deep Learning for AI/images_OBJ021/OBJ021_060.jpg,OBJ021,False,60,OBJ021,val
IE7615 Deep Learning for AI/images_OBJ021/OBJ021_061.jpg,OBJ021,False,61,OBJ021,train
IE7615 Deep Learning for AI/images_OBJ021/OBJ021_062.jpg,OBJ021,False,62,OBJ021,train
IE7615 Deep Learning for AI/images_OBJ021/OBJ021_063.jpg,OBJ021,False,63,OBJ021,train
IE7615 Deep Learning for AI/images_OBJ021/OBJ021_064.jpg,OBJ021,False,64,OBJ021,train
IE7615 Deep Learning for AI/images_OBJ021/OBJ021_065.jpg,OBJ021,False,65,OBJ021,train
IE7615 Deep Learning for AI/images_OBJ021/OBJ021_066.jpg,OBJ021,False,66,OBJ021,train
IE7615 Deep Learning for AI/images_OBJ021/OBJ021_067.jpg,OBJ021,False,67,OBJ021,train
IE7615 Deep Learning for AI/images_OBJ021/OBJ021_068.jpg,OBJ021,False,68,OBJ021,train
IE7615 Deep Learning for AI/images_OBJ021/OBJ021_069.jpg,OBJ021,False,69,OBJ021,train
IE7615 Deep Learning for AI/images_OBJ021/OBJ021_070.jpg,OBJ021,False,70,OBJ021,train
IE7615 Deep Learning for AI/images_OBJ021/OBJ021_071.jpg,OBJ021,False,71,OBJ021,test
IE7615 Deep Learning for AI/images_OBJ021/OBJ021_072.jpg,OBJ021,False,72,OBJ021,test
IE7615 Deep Learning for AI/images_OBJ021/OBJ021_073.jpg,OBJ021,False,73,OBJ021,test
IE7615 Deep Learning for AI/images_OBJ021/OBJ021_074.jpg,OBJ021,False,74,OBJ021,test
IE7615 Deep Learning for AI/images_OBJ021/OBJ021_075.jpg,OBJ021,False,75,OBJ021,test
IE7615 Deep Learning for AI/images_OBJ021/OBJ021_076.jpg,OBJ021,False,76,OBJ021,train
IE7615 Deep Learning for AI/images_OBJ021/OBJ021_077.jpg,OBJ021,False,77,OBJ021,train
IE7615 Deep Learning for AI/images_OBJ021/OBJ021_078.jpg,OBJ021,False,78,OBJ021,train
IE7615 Deep Learning for AI/images_OBJ021/OBJ021_079.jpg,OBJ021,False,79,OBJ021,train
IE7615 Deep Learning for AI/images_OBJ021/OBJ021_080.jpg,OBJ021,False,80,OBJ021,train
IE7615 Deep Learning for AI/images_OBJ021/OBJ021_081.jpg,OBJ021,False,81,OBJ021,train
IE7615 Deep Learning for AI/images_OBJ021/OBJ021_082.jpg,OBJ021,False,82,OBJ021,train
IE7615 Deep Learning for AI/images_OBJ021/OBJ021_083.jpg,OBJ021,False,83,OBJ021,train
IE7615 Deep Learning for AI/images_OBJ021/OBJ021_084.jpg,OBJ021,False,84,OBJ021,train
IE7615 Deep Learning for AI/images_OBJ021/OBJ021_085.jpg,OBJ021,False,85,OBJ021,train
IE7615 Deep Learning for AI/images_OBJ021/OBJ021_086.jpg,OBJ021,False,86,OBJ021,val
IE7615 Deep Learning for AI/images_OBJ021/OBJ021_087.jpg,OBJ021,False,87,OBJ021,val
IE7615 Deep Learning for AI/images_OBJ021/OBJ021_088.jpg,OBJ021,False,88,OBJ021,val
IE7615 Deep Learning for AI/images_OBJ021/OBJ021_089.jpg,OBJ021,False,89,OBJ021,val
IE7615 Deep Learning for AI/images_OBJ021/OBJ021_090.jpg,OBJ021,False,90,OBJ021,val
IE7615 Deep Learning for AI/images_OBJ021/OBJ021_091.jpg,OBJ021,False,91,OBJ021,val
IE7615 Deep Learning for AI/images_OBJ021/OBJ021_092.jpg,OBJ021,False,92,OBJ021,val
IE7615 Deep Learning for AI/images_OBJ021/OBJ021_093.jpg,OBJ021,False,93,OBJ021,val
IE7615 Deep Learning for AI/images_OBJ021/OBJ021_094.jpg,OBJ021,False,94,OBJ021,val
IE7615 Deep Learning for AI/images_OBJ021/OBJ021_095.jpg,OBJ021,False,95,OBJ021,val
IE7615 Deep Learning for AI/images_OBJ021/OBJ021_bg_001.jpg,OBJ021,True,1,no_object,train
IE7615 Deep Learning for AI/images_OBJ021/OBJ021_bg_002.jpg,OBJ021,True,2,no_object,train
IE7615 Deep Learning for AI/images_OBJ021/OBJ021_bg_003.jpg,OBJ021,True,3,no_object,train
IE7615 Deep Learning for AI/images_OBJ021/OBJ021_bg_004.jpg,OBJ021,True,4,no_object,train
IE7615 Deep Learning for AI/images_OBJ021/OBJ021_bg_005.jpg,OBJ021,True,5,no_object,train
IE7615 Deep Learning for AI/images_OBJ022/OBJ022_001.jpeg,OBJ022,False,1,OBJ022,train
IE7615 Deep Learning for AI/images_OBJ022/OBJ022_002.jpeg,OBJ022,False,2,OBJ022,train
IE7615 Deep Learning for AI/images_OBJ022/OBJ022_003.jpeg,OBJ022,False,3,OBJ022,train
IE7615 Deep Learning for AI/images_OBJ022/OBJ022_004.jpeg,OBJ022,False,4,OBJ022,train
IE7615 Deep Learning for AI/images_OBJ022/OBJ022_005.jpeg,OBJ022,False,5,OBJ022,train
IE7615 Deep Learning for AI/images_OBJ022/OBJ022_006.jpeg,OBJ022,False,6,OBJ022,train
IE7615 Deep Learning for AI/images_OBJ022/OBJ022_007.jpeg,OBJ022,False,7,OBJ022,train
IE7615 Deep Learning for AI/images_OBJ022/OBJ022_008.jpeg,OBJ022,False,8,OBJ022,train
IE7615 Deep Learning for AI/images_OBJ022/OBJ022_009.jpeg,OBJ022,False,9,OBJ022,train
IE7615 Deep Learning for AI/images_OBJ022/OBJ022_010.jpeg,OBJ022,False,10,OBJ022,train
IE7615 Deep Learning for AI/images_OBJ022/OBJ022_011.jpeg,OBJ022,False,11,OBJ022,test
IE7615 Deep Learning for AI/images_OBJ022/OBJ022_012.jpeg,OBJ022,False,12,OBJ022,test
IE7615 Deep Learning for AI/images_OBJ022/OBJ022_013.jpeg,OBJ022,False,13,OBJ022,test
IE7615 Deep Learning for AI/images_OBJ022/OBJ022_014.jpeg,OBJ022,False,14,OBJ022,test
IE7615 Deep Learning for AI/images_OBJ022/OBJ022_015.jpeg,OBJ022,False,15,OBJ022,test
IE7615 Deep Learning for AI/images_OBJ022/OBJ022_016.jpeg,OBJ022,False,16,OBJ022,train
IE7615 Deep Learning for AI/images_OBJ022/OBJ022_017.jpeg,OBJ022,False,17,OBJ022,train
IE7615 Deep Learning for AI/images_OBJ022/OBJ022_018.jpeg,OBJ022,False,18,OBJ022,train
IE7615 Deep Learning for AI/images_OBJ022/OBJ022_019.jpeg,OBJ022,False,19,OBJ022,train
IE7615 Deep Learning for AI/images_OBJ022/OBJ022_020.jpeg,OBJ022,False,20,OBJ022,train
IE7615 Deep Learning for AI/images_OBJ022/OBJ022_021.jpeg,OBJ022,False,21,OBJ022,train
IE7615 Deep Learning for AI/images_OBJ022/OBJ022_022.jpeg,OBJ022,False,22,OBJ022,train
IE7615 Deep Learning for AI/images_OBJ022/OBJ022_023.jpeg,OBJ022,False,23,OBJ022,train
IE7615 Deep Learning for AI/images_OBJ022/OBJ022_024.jpeg,OBJ022,False,24,OBJ022,train
IE7615 Deep Learning for AI/images_OBJ022/OBJ022_025.jpeg,OBJ022,False,25,OBJ022,train
IE7615 Deep Learning for AI/images_OBJ022/OBJ022_026.jpeg,OBJ022,False,26,OBJ022,train
IE7615 Deep Learning for AI/images_OBJ022/OBJ022_027.jpeg,OBJ022,False,27,OBJ022,train
IE7615 Deep Learning for AI/images_OBJ022/OBJ022_028.jpeg,OBJ022,False,28,OBJ022,train
IE7615 Deep Learning for AI/images_OBJ022/OBJ022_029.jpeg,OBJ022,False,29,OBJ022,train
IE7615 Deep Learning for AI/images_OBJ022/OBJ022_030.jpeg,OBJ022,False,30,OBJ022,train
IE7615 Deep Learning for AI/images_OBJ022/OBJ022_031.jpeg,OBJ022,False,31,OBJ022,val
IE7615 Deep Learning for AI/images_OBJ022/OBJ022_032.jpeg,OBJ022,False,32,OBJ022,val
IE7615 Deep Learning for AI/images_OBJ022/OBJ022_033.jpeg,OBJ022,False,33,OBJ022,val
IE7615 Deep Learning for AI/images_OBJ022/OBJ022_034.jpeg,OBJ022,False,34,OBJ022,val
IE7615 Deep Learning for AI/images_OBJ022/OBJ022_035.jpeg,OBJ022,False,35,OBJ022,val
IE7615 Deep Learning for AI/images_OBJ022/OBJ022_036.jpeg,OBJ022,False,36,OBJ022,train
IE7615 Deep Learning for AI/images_OBJ022/OBJ022_037.jpeg,OBJ022,False,37,OBJ022,train
IE7615 Deep Learning for AI/images_OBJ022/OBJ022_038.jpeg,OBJ022,False,38,OBJ022,train
IE7615 Deep Learning for AI/images_OBJ022/OBJ022_039.jpeg,OBJ022,False,39,OBJ022,train
IE7615 Deep Learning for AI/images_OBJ022/OBJ022_040.jpeg,OBJ022,False,40,OBJ022,train
IE7615 Deep Learning for AI/images_OBJ022/OBJ022_041.jpeg,OBJ022,False,41,OBJ022,train
IE7615 Deep Learning for AI/images_OBJ022/OBJ022_042.jpeg,OBJ022,False,42,OBJ022,train
IE7615 Deep Learning for AI/images_OBJ022/OBJ022_043.jpeg,OBJ022,False,43,OBJ022,train
IE7615 Deep Learning for AI/images_OBJ022/OBJ022_044.jpeg,OBJ022,False,44,OBJ022,train
IE7615 Deep Learning for AI/images_OBJ022/OBJ022_045.jpeg,OBJ022,False,45,OBJ022,train
IE7615 Deep Learning for AI/images_OBJ022/OBJ022_046.jpeg,OBJ022,False,46,OBJ022,val
IE7615 Deep Learning for AI/images_OBJ022/OBJ022_047.jpeg,OBJ022,False,47,OBJ022,val
IE7615 Deep Learning for AI/images_OBJ022/OBJ022_048.jpeg,OBJ022,False,48,OBJ022,val
IE7615 Deep Learning for AI/images_OBJ022/OBJ022_049.jpeg,OBJ022,False,49,OBJ022,val
IE7615 Deep Learning for AI/images_OBJ022/OBJ022_050.jpeg,OBJ022,False,50,OBJ022,val
IE7615 Deep Learning for AI/images_OBJ022/OBJ022_051.jpeg,OBJ022,False,51,OBJ022,test
IE7615 Deep Learning for AI/images_OBJ022/OBJ022_052.jpeg,OBJ022,False,52,OBJ022,test
IE7615 Deep Learning for AI/images_OBJ022/OBJ022_053.jpeg,OBJ022,False,53,OBJ022,test
IE7615 Deep Learning for AI/images_OBJ022/OBJ022_054.jpeg,OBJ022,False,54,OBJ022,test
IE7615 Deep Learning for AI/images_OBJ022/OBJ022_055.jpeg,OBJ022,False,55,OBJ022,test
IE7615 Deep Learning for AI/images_OBJ022/OBJ022_056.jpeg,OBJ022,False,56,OBJ022,train
IE7615 Deep Learning for AI/images_OBJ022/OBJ022_057.jpeg,OBJ022,False,57,OBJ022,train
IE7615 Deep Learning for AI/images_OBJ022/OBJ022_058.jpeg,OBJ022,False,58,OBJ022,train
IE7615 Deep Learning for AI/images_OBJ022/OBJ022_059.jpeg,OBJ022,False,59,OBJ022,train
IE7615 Deep Learning for AI/images_OBJ022/OBJ022_060.jpeg,OBJ022,False,60,OBJ022,train
IE7615 Deep Learning for AI/images_OBJ022/OBJ022_061.jpeg,OBJ022,False,61,OBJ022,train
IE7615 Deep Learning for AI/images_OBJ022/OBJ022_062.jpeg,OBJ022,False,62,OBJ022,train
IE7615 Deep Learning for AI/images_OBJ022/OBJ022_063.jpeg,OBJ022,False,63,OBJ022,train
IE7615 Deep Learning for AI/images_OBJ022/OBJ022_064.jpeg,OBJ022,False,64,OBJ022,train
IE7615 Deep Learning for AI/images_OBJ022/OBJ022_065.jpeg,OBJ022,False,65,OBJ022,train
IE7615 Deep Learning for AI/images_OBJ022/OBJ022_066.jpeg,OBJ022,False,66,OBJ022,train
IE7615 Deep Learning for AI/images_OBJ022/OBJ022_067.jpeg,OBJ022,False,67,OBJ022,train
IE7615 Deep Learning for AI/images_OBJ022/OBJ022_068.jpeg,OBJ022,False,68,OBJ022,train
IE7615 Deep Learning for AI/images_OBJ022/OBJ022_069.jpeg,OBJ022,False,69,OBJ022,train
IE7615 Deep Learning for AI/images_OBJ022/OBJ022_070.jpeg,OBJ022,False,70,OBJ022,train
IE7615 Deep Learning for AI/images_OBJ022/OBJ022_071.jpeg,OBJ022,False,71,OBJ022,val
IE7615 Deep Learning for AI/images_OBJ022/OBJ022_072.jpeg,OBJ022,False,72,OBJ022,val
IE7615 Deep Learning for AI/images_OBJ022/OBJ022_073.jpeg,OBJ022,False,73,OBJ022,val
IE7615 Deep Learning for AI/images_OBJ022/OBJ022_074.jpeg,OBJ022,False,74,OBJ022,val
IE7615 Deep Learning for AI/images_OBJ022/OBJ022_075.jpeg,OBJ022,False,75,OBJ022,val
IE7615 Deep Learning for AI/images_OBJ022/OBJ022_076.jpeg,OBJ022,False,76,OBJ022,train
IE7615 Deep Learning for AI/images_OBJ022/OBJ022_077.jpeg,OBJ022,False,77,OBJ022,train
IE7615 Deep Learning for AI/images_OBJ022/OBJ022_078.jpeg,OBJ022,False,78,OBJ022,train
IE7615 Deep Learning for AI/images_OBJ022/OBJ022_079.jpeg,OBJ022,False,79,OBJ022,train
IE7615 Deep Learning for AI/images_OBJ022/OBJ022_080.jpeg,OBJ022,False,80,OBJ022,train
IE7615 Deep Learning for AI/images_OBJ022/OBJ022_081.jpeg,OBJ022,False,81,OBJ022,test
IE7615 Deep Learning for AI/images_OBJ022/OBJ022_082.jpeg,OBJ022,False,82,OBJ022,test
IE7615 Deep Learning for AI/images_OBJ022/OBJ022_083.jpeg,OBJ022,False,83,OBJ022,test
IE7615 Deep Learning for AI/images_OBJ022/OBJ022_084.jpeg,OBJ022,False,84,OBJ022,test
IE7615 Deep Learning for AI/images_OBJ022/OBJ022_085.jpeg,OBJ022,False,85,OBJ022,test
IE7615 Deep Learning for AI/images_OBJ022/OBJ022_086.jpeg,OBJ022,False,86,OBJ022,train
IE7615 Deep Learning for AI/images_OBJ022/OBJ022_087.jpeg,OBJ022,False,87,OBJ022,train
IE7615 Deep Learning for AI/images_OBJ022/OBJ022_088.jpeg,OBJ022,False,88,OBJ022,train
IE7615 Deep Learning for AI/images_OBJ022/OBJ022_089.jpeg,OBJ022,False,89,OBJ022,train
IE7615 Deep Learning for AI/images_OBJ022/OBJ022_090.jpeg,OBJ022,False,90,OBJ022,train
IE7615 Deep Learning for AI/images_OBJ022/OBJ022_091.jpeg,OBJ022,False,91,OBJ022,train
IE7615 Deep Learning for AI/images_OBJ022/OBJ022_092.jpeg,OBJ022,False,92,OBJ022,train
IE7615 Deep Learning for AI/images_OBJ022/OBJ022_093.jpeg,OBJ022,False,93,OBJ022,train
IE7615 Deep Learning for AI/images_OBJ022/OBJ022_094.jpeg,OBJ022,False,94,OBJ022,train
IE7615 Deep Learning for AI/images_OBJ022/OBJ022_095.jpeg,OBJ022,False,95,OBJ022,train
IE7615 Deep Learning for AI/images_OBJ022/OBJ022_bg_001.jpeg,OBJ022,True,1,no_object,test
IE7615 Deep Learning for AI/images_OBJ022/OBJ022_bg_002.jpeg,OBJ022,True,2,no_object,test
IE7615 Deep Learning for AI/images_OBJ022/OBJ022_bg_003.jpeg,OBJ022,True,3,no_object,test
IE7615 Deep Learning for AI/images_OBJ022/OBJ022_bg_004.jpeg,OBJ022,True,4,no_object,test
IE7615 Deep Learning for AI/images_OBJ022/OBJ022_bg_005.jpeg,OBJ022,True,5,no_object,test
IE7615 Deep Learning for AI/images_OBJ023/OBJ023_001.JPG,OBJ023,False,1,OBJ023,train
IE7615 Deep Learning for AI/images_OBJ023/OBJ023_002.JPG,OBJ023,False,2,OBJ023,train
IE7615 Deep Learning for AI/images_OBJ023/OBJ023_003.JPG,OBJ023,False,3,OBJ023,train
IE7615 Deep Learning for AI/images_OBJ023/OBJ023_004.JPG,OBJ023,False,4,OBJ023,train
IE7615 Deep Learning for AI/images_OBJ023/OBJ023_005.JPG,OBJ023,False,5,OBJ023,train
IE7615 Deep Learning for AI/images_OBJ023/OBJ023_006.JPG,OBJ023,False,6,OBJ023,train
IE7615 Deep Learning for AI/images_OBJ023/OBJ023_007.JPG,OBJ023,False,7,OBJ023,train
IE7615 Deep Learning for AI/images_OBJ023/OBJ023_008.JPG,OBJ023,False,8,OBJ023,train
IE7615 Deep Learning for AI/images_OBJ023/OBJ023_009.JPG,OBJ023,False,9,OBJ023,train
IE7615 Deep Learning for AI/images_OBJ023/OBJ023_010.JPG,OBJ023,False,10,OBJ023,train
IE7615 Deep Learning for AI/images_OBJ023/OBJ023_011.JPG,OBJ023,False,11,OBJ023,train
IE7615 Deep Learning for AI/images_OBJ023/OBJ023_012.JPG,OBJ023,False,12,OBJ023,train
IE7615 Deep Learning for AI/images_OBJ023/OBJ023_013.JPG,OBJ023,False,13,OBJ023,train
IE7615 Deep Learning for AI/images_OBJ023/OBJ023_014.jpg,OBJ023,False,14,OBJ023,train
IE7615 Deep Learning for AI/images_OBJ023/OBJ023_015.jpg,OBJ023,False,15,OBJ023,train
IE7615 Deep Learning for AI/images_OBJ023/OBJ023_016.jpg,OBJ023,False,16,OBJ023,train
IE7615 Deep Learning for AI/images_OBJ023/OBJ023_017.jpg,OBJ023,False,17,OBJ023,train
IE7615 Deep Learning for AI/images_OBJ023/OBJ023_018.jpg,OBJ023,False,18,OBJ023,train
IE7615 Deep Learning for AI/images_OBJ023/OBJ023_019.jpg,OBJ023,False,19,OBJ023,train
IE7615 Deep Learning for AI/images_OBJ023/OBJ023_021.JPG,OBJ023,False,21,OBJ023,val
IE7615 Deep Learning for AI/images_OBJ023/OBJ023_022.JPG,OBJ023,False,22,OBJ023,val
IE7615 Deep Learning for AI/images_OBJ023/OBJ023_023.JPG,OBJ023,False,23,OBJ023,val
IE7615 Deep Learning for AI/images_OBJ023/OBJ023_024.JPG,OBJ023,False,24,OBJ023,val
IE7615 Deep Learning for AI/images_OBJ023/OBJ023_025.JPG,OBJ023,False,25,OBJ023,val
IE7615 Deep Learning for AI/images_OBJ023/OBJ023_026.JPG,OBJ023,False,26,OBJ023,train
IE7615 Deep Learning for AI/images_OBJ023/OBJ023_027.JPG,OBJ023,False,27,OBJ023,train
IE7615 Deep Learning for AI/images_OBJ023/OBJ023_028.JPG,OBJ023,False,28,OBJ023,train
IE7615 Deep Learning for AI/images_OBJ023/OBJ023_029.JPG,OBJ023,False,29,OBJ023,train
IE7615 Deep Learning for AI/images_OBJ023/OBJ023_030.JPG,OBJ023,False,30,OBJ023,train
IE7615 Deep Learning for AI/images_OBJ023/OBJ023_031.JPG,OBJ023,False,31,OBJ023,train
IE7615 Deep Learning for AI/images_OBJ023/OBJ023_032.JPG,OBJ023,False,32,OBJ023,train
IE7615 Deep Learning for AI/images_OBJ023/OBJ023_033.JPG,OBJ023,False,33,OBJ023,train
IE7615 Deep Learning for AI/images_OBJ023/OBJ023_034.JPG,OBJ023,False,34,OBJ023,train
IE7615 Deep Learning for AI/images_OBJ023/OBJ023_035.JPG,OBJ023,False,35,OBJ023,train
IE7615 Deep Learning for AI/images_OBJ023/OBJ023_036.JPG,OBJ023,False,36,OBJ023,train
IE7615 Deep Learning for AI/images_OBJ023/OBJ023_037.JPG,OBJ023,False,37,OBJ023,train
IE7615 Deep Learning for AI/images_OBJ023/OBJ023_038.JPG,OBJ023,False,38,OBJ023,train
IE7615 Deep Learning for AI/images_OBJ023/OBJ023_039.JPG,OBJ023,False,39,OBJ023,train
IE7615 Deep Learning for AI/images_OBJ023/OBJ023_040.JPG,OBJ023,False,40,OBJ023,train
IE7615 Deep Learning for AI/images_OBJ023/OBJ023_041.JPG,OBJ023,False,41,OBJ023,train
IE7615 Deep Learning for AI/images_OBJ023/OBJ023_042.JPG,OBJ023,False,42,OBJ023,train
IE7615 Deep Learning for AI/images_OBJ023/OBJ023_043.JPG,OBJ023,False,43,OBJ023,train
IE7615 Deep Learning for AI/images_OBJ023/OBJ023_044.JPG,OBJ023,False,44,OBJ023,train
IE7615 Deep Learning for AI/images_OBJ023/OBJ023_045.JPG,OBJ023,False,45,OBJ023,train
IE7615 Deep Learning for AI/images_OBJ023/OBJ023_046.JPG,OBJ023,False,46,OBJ023,train
IE7615 Deep Learning for AI/images_OBJ023/OBJ023_047.JPG,OBJ023,False,47,OBJ023,train
IE7615 Deep Learning for AI/images_OBJ023/OBJ023_048.JPG,OBJ023,False,48,OBJ023,train
IE7615 Deep Learning for AI/images_OBJ023/OBJ023_049.JPG,OBJ023,False,49,OBJ023,train
IE7615 Deep Learning for AI/images_OBJ023/OBJ023_050.JPG,OBJ023,False,50,OBJ023,train
IE7615 Deep Learning for AI/images_OBJ023/OBJ023_051.JPG,OBJ023,False,51,OBJ023,train
IE7615 Deep Learning for AI/images_OBJ023/OBJ023_052.JPG,OBJ023,False,52,OBJ023,train
IE7615 Deep Learning for AI/images_OBJ023/OBJ023_053.JPG,OBJ023,False,53,OBJ023,train
IE7615 Deep Learning for AI/images_OBJ023/OBJ023_054.JPG,OBJ023,False,54,OBJ023,train
IE7615 Deep Learning for AI/images_OBJ023/OBJ023_055.JPG,OBJ023,False,55,OBJ023,train
IE7615 Deep Learning for AI/images_OBJ023/OBJ023_056.JPG,OBJ023,False,56,OBJ023,train
IE7615 Deep Learning for AI/images_OBJ023/OBJ023_057.JPG,OBJ023,False,57,OBJ023,train
IE7615 Deep Learning for AI/images_OBJ023/OBJ023_058.JPG,OBJ023,False,58,OBJ023,train
IE7615 Deep Learning for AI/images_OBJ023/OBJ023_059.JPG,OBJ023,False,59,OBJ023,train
IE7615 Deep Learning for AI/images_OBJ023/OBJ023_060.JPG,OBJ023,False,60,OBJ023,train
IE7615 Deep Learning for AI/images_OBJ023/OBJ023_061.JPG,OBJ023,False,61,OBJ023,test
IE7615 Deep Learning for AI/images_OBJ023/OBJ023_062.JPG,OBJ023,False,62,OBJ023,test
IE7615 Deep Learning for AI/images_OBJ023/OBJ023_063.JPG,OBJ023,False,63,OBJ023,test
IE7615 Deep Learning for AI/images_OBJ023/OBJ023_064.JPG,OBJ023,False,64,OBJ023,test
IE7615 Deep Learning for AI/images_OBJ023/OBJ023_065.JPG,OBJ023,False,65,OBJ023,test
IE7615 Deep Learning for AI/images_OBJ023/OBJ023_066.JPG,OBJ023,False,66,OBJ023,test
IE7615 Deep Learning for AI/images_OBJ023/OBJ023_067.JPG,OBJ023,False,67,OBJ023,test
IE7615 Deep Learning for AI/images_OBJ023/OBJ023_068.JPG,OBJ023,False,68,OBJ023,test
IE7615 Deep Learning for AI/images_OBJ023/OBJ023_069.JPG,OBJ023,False,69,OBJ023,test
IE7615 Deep Learning for AI/images_OBJ023/OBJ023_070.JPG,OBJ023,False,70,OBJ023,test
IE7615 Deep Learning for AI/images_OBJ023/OBJ023_071.JPG,OBJ023,False,71,OBJ023,train
IE7615 Deep Learning for AI/images_OBJ023/OBJ023_072.JPG,OBJ023,False,72,OBJ023,train
IE7615 Deep Learning for AI/images_OBJ023/OBJ023_073.JPG,OBJ023,False,73,OBJ023,train
IE7615 Deep Learning for AI/images_OBJ023/OBJ023_074.JPG,OBJ023,False,74,OBJ023,train
IE7615 Deep Learning for AI/images_OBJ023/OBJ023_075.JPG,OBJ023,False,75,OBJ023,train
IE7615 Deep Learning for AI/images_OBJ023/OBJ023_076.JPG,OBJ023,False,76,OBJ023,val
IE7615 Deep Learning for AI/images_OBJ023/OBJ023_077.JPG,OBJ023,False,77,OBJ023,val
IE7615 Deep Learning for AI/images_OBJ023/OBJ023_078.JPG,OBJ023,False,78,OBJ023,val
IE7615 Deep Learning for AI/images_OBJ023/OBJ023_079.JPG,OBJ023,False,79,OBJ023,val
IE7615 Deep Learning for AI/images_OBJ023/OBJ023_080.JPG,OBJ023,False,80,OBJ023,val
IE7615 Deep Learning for AI/images_OBJ023/OBJ023_081.JPG,OBJ023,False,81,OBJ023,train
IE7615 Deep Learning for AI/images_OBJ023/OBJ023_082.JPG,OBJ023,False,82,OBJ023,train
IE7615 Deep Learning for AI/images_OBJ023/OBJ023_083.JPG,OBJ023,False,83,OBJ023,train
IE7615 Deep Learning for AI/images_OBJ023/OBJ023_084.JPG,OBJ023,False,84,OBJ023,train
IE7615 Deep Learning for AI/images_OBJ023/OBJ023_085.JPG,OBJ023,False,85,OBJ023,train
IE7615 Deep Learning for AI/images_OBJ023/OBJ023_086.JPG,OBJ023,False,86,OBJ023,test
IE7615 Deep Learning for AI/images_OBJ023/OBJ023_087.JPG,OBJ023,False,87,OBJ023,test
IE7615 Deep Learning for AI/images_OBJ023/OBJ023_088.JPG,OBJ023,False,88,OBJ023,test
IE7615 Deep Learning for AI/images_OBJ023/OBJ023_089.JPG,OBJ023,False,89,OBJ023,test
IE7615 Deep Learning for AI/images_OBJ023/OBJ023_090.JPG,OBJ023,False,90,OBJ023,test
IE7615 Deep Learning for AI/images_OBJ023/OBJ023_091.JPG,OBJ023,False,91,OBJ023,val
IE7615 Deep Learning for AI/images_OBJ023/OBJ023_092.JPG,OBJ023,False,92,OBJ023,val
IE7615 Deep Learning for AI/images_OBJ023/OBJ023_093.JPG,OBJ023,False,93,OBJ023,val
IE7615 Deep Learning for AI/images_OBJ023/OBJ023_094.JPG,OBJ023,False,94,OBJ023,val
IE7615 Deep Learning for AI/images_OBJ023/OBJ023_095.JPG,OBJ023,False,95,OBJ023,val
IE7615 Deep Learning for AI/images_OBJ023/OBJ023_20.JPG,OBJ023,False,20,OBJ023,train
IE7615 Deep Learning for AI/images_OBJ023/OBJ023_bg_001.JPG,OBJ023,True,1,no_object,train
IE7615 Deep Learning for AI/images_OBJ023/OBJ023_bg_002.JPG,OBJ023,True,2,no_object,train
IE7615 Deep Learning for AI/images_OBJ023/OBJ023_bg_003.JPG,OBJ023,True,3,no_object,train
IE7615 Deep Learning for AI/images_OBJ023/OBJ023_bg_004.JPG,OBJ023,True,4,no_object,train
IE7615 Deep Learning for AI/images_OBJ023/OBJ023_bg_005.JPG,OBJ023,True,5,no_object,train
IE7615 Deep Learning for AI/images_OBJ024/OBJ024_001.jpg,OBJ024,False,1,OBJ024,train
IE7615 Deep Learning for AI/images_OBJ024/OBJ024_002.jpg,OBJ024,False,2,OBJ024,train
IE7615 Deep Learning for AI/images_OBJ024/OBJ024_003.jpg,OBJ024,False,3,OBJ024,train
IE7615 Deep Learning for AI/images_OBJ024/OBJ024_004.jpg,OBJ024,False,4,OBJ024,train
IE7615 Deep Learning for AI/images_OBJ024/OBJ024_005.jpg,OBJ024,False,5,OBJ024,train
IE7615 Deep Learning for AI/images_OBJ024/OBJ024_006.jpg,OBJ024,False,6,OBJ024,train
IE7615 Deep Learning for AI/images_OBJ024/OBJ024_007.jpg,OBJ024,False,7,OBJ024,train
IE7615 Deep Learning for AI/images_OBJ024/OBJ024_008.jpg,OBJ024,False,8,OBJ024,train
IE7615 Deep Learning for AI/images_OBJ024/OBJ024_009.jpg,OBJ024,False,9,OBJ024,train
IE7615 Deep Learning for AI/images_OBJ024/OBJ024_010.jpg,OBJ024,False,10,OBJ024,train
IE7615 Deep Learning for AI/images_OBJ024/OBJ024_011.jpg,OBJ024,False,11,OBJ024,val
IE7615 Deep Learning for AI/images_OBJ024/OBJ024_012.jpg,OBJ024,False,12,OBJ024,val
IE7615 Deep Learning for AI/images_OBJ024/OBJ024_013.jpg,OBJ024,False,13,OBJ024,val
IE7615 Deep Learning for AI/images_OBJ024/OBJ024_014.jpg,OBJ024,False,14,OBJ024,val
IE7615 Deep Learning for AI/images_OBJ024/OBJ024_015.jpg,OBJ024,False,15,OBJ024,val
IE7615 Deep Learning for AI/images_OBJ024/OBJ024_016.jpg,OBJ024,False,16,OBJ024,train
IE7615 Deep Learning for AI/images_OBJ024/OBJ024_017.jpg,OBJ024,False,17,OBJ024,train
IE7615 Deep Learning for AI/images_OBJ024/OBJ024_018.jpg,OBJ024,False,18,OBJ024,train
IE7615 Deep Learning for AI/images_OBJ024/OBJ024_019.jpg,OBJ024,False,19,OBJ024,train
IE7615 Deep Learning for AI/images_OBJ024/OBJ024_020.jpg,OBJ024,False,20,OBJ024,train
IE7615 Deep Learning for AI/images_OBJ024/OBJ024_021.jpg,OBJ024,False,21,OBJ024,train
IE7615 Deep Learning for AI/images_OBJ024/OBJ024_022.jpg,OBJ024,False,22,OBJ024,train
IE7615 Deep Learning for AI/images_OBJ024/OBJ024_023.jpg,OBJ024,False,23,OBJ024,train
IE7615 Deep Learning for AI/images_OBJ024/OBJ024_024.jpg,OBJ024,False,24,OBJ024,train
IE7615 Deep Learning for AI/images_OBJ024/OBJ024_025.jpg,OBJ024,False,25,OBJ024,train
IE7615 Deep Learning for AI/images_OBJ024/OBJ024_026.jpg,OBJ024,False,26,OBJ024,train
IE7615 Deep Learning for AI/images_OBJ024/OBJ024_027.jpg,OBJ024,False,27,OBJ024,train
IE7615 Deep Learning for AI/images_OBJ024/OBJ024_028.jpg,OBJ024,False,28,OBJ024,train
IE7615 Deep Learning for AI/images_OBJ024/OBJ024_029.jpg,OBJ024,False,29,OBJ024,train
IE7615 Deep Learning for AI/images_OBJ024/OBJ024_030.jpg,OBJ024,False,30,OBJ024,train
IE7615 Deep Learning for AI/images_OBJ024/OBJ024_031.jpg,OBJ024,False,31,OBJ024,train
IE7615 Deep Learning for AI/images_OBJ024/OBJ024_032.jpg,OBJ024,False,32,OBJ024,train
IE7615 Deep Learning for AI/images_OBJ024/OBJ024_033.jpg,OBJ024,False,33,OBJ024,train
IE7615 Deep Learning for AI/images_OBJ024/OBJ024_034.jpg,OBJ024,False,34,OBJ024,train
IE7615 Deep Learning for AI/images_OBJ024/OBJ024_035.jpg,OBJ024,False,35,OBJ024,train
IE7615 Deep Learning for AI/images_OBJ024/OBJ024_036.jpg,OBJ024,False,36,OBJ024,train
IE7615 Deep Learning for AI/images_OBJ024/OBJ024_037.jpg,OBJ024,False,37,OBJ024,train
IE7615 Deep Learning for AI/images_OBJ024/OBJ024_038.jpg,OBJ024,False,38,OBJ024,train
IE7615 Deep Learning for AI/images_OBJ024/OBJ024_039.jpg,OBJ024,False,39,OBJ024,train
IE7615 Deep Learning for AI/images_OBJ024/OBJ024_040.jpg,OBJ024,False,40,OBJ024,train
IE7615 Deep Learning for AI/images_OBJ024/OBJ024_041.jpg,OBJ024,False,41,OBJ024,train
IE7615 Deep Learning for AI/images_OBJ024/OBJ024_042.jpg,OBJ024,False,42,OBJ024,train
IE7615 Deep Learning for AI/images_OBJ024/OBJ024_043.jpg,OBJ024,False,43,OBJ024,train
IE7615 Deep Learning for AI/images_OBJ024/OBJ024_044.jpg,OBJ024,False,44,OBJ024,train
IE7615 Deep Learning for AI/images_OBJ024/OBJ024_045.jpg,OBJ024,False,45,OBJ024,train
IE7615 Deep Learning for AI/images_OBJ024/OBJ024_046.jpg,OBJ024,False,46,OBJ024,test
IE7615 Deep Learning for AI/images_OBJ024/OBJ024_047.jpg,OBJ024,False,47,OBJ024,test
IE7615 Deep Learning for AI/images_OBJ024/OBJ024_048.jpg,OBJ024,False,48,OBJ024,test
IE7615 Deep Learning for AI/images_OBJ024/OBJ024_049.jpg,OBJ024,False,49,OBJ024,test
IE7615 Deep Learning for AI/images_OBJ024/OBJ024_050.jpg,OBJ024,False,50,OBJ024,test
IE7615 Deep Learning for AI/images_OBJ024/OBJ024_051.jpg,OBJ024,False,51,OBJ024,train
IE7615 Deep Learning for AI/images_OBJ024/OBJ024_052.jpg,OBJ024,False,52,OBJ024,train
IE7615 Deep Learning for AI/images_OBJ024/OBJ024_053.jpg,OBJ024,False,53,OBJ024,train
IE7615 Deep Learning for AI/images_OBJ024/OBJ024_054.jpg,OBJ024,False,54,OBJ024,train
IE7615 Deep Learning for AI/images_OBJ024/OBJ024_055.jpg,OBJ024,False,55,OBJ024,train
IE7615 Deep Learning for AI/images_OBJ024/OBJ024_056.jpg,OBJ024,False,56,OBJ024,train
IE7615 Deep Learning for AI/images_OBJ024/OBJ024_057.jpg,OBJ024,False,57,OBJ024,train
IE7615 Deep Learning for AI/images_OBJ024/OBJ024_058.jpg,OBJ024,False,58,OBJ024,train
IE7615 Deep Learning for AI/images_OBJ024/OBJ024_059.jpg,OBJ024,False,59,OBJ024,train
IE7615 Deep Learning for AI/images_OBJ024/OBJ024_060.jpg,OBJ024,False,60,OBJ024,train
IE7615 Deep Learning for AI/images_OBJ024/OBJ024_061.jpg,OBJ024,False,61,OBJ024,val
IE7615 Deep Learning for AI/images_OBJ024/OBJ024_062.jpg,OBJ024,False,62,OBJ024,val
IE7615 Deep Learning for AI/images_OBJ024/OBJ024_063.jpg,OBJ024,False,63,OBJ024,val
IE7615 Deep Learning for AI/images_OBJ024/OBJ024_064.jpg,OBJ024,False,64,OBJ024,val
IE7615 Deep Learning for AI/images_OBJ024/OBJ024_065.jpg,OBJ024,False,65,OBJ024,val
IE7615 Deep Learning for AI/images_OBJ024/OBJ024_066.jpg,OBJ024,False,66,OBJ024,train
IE7615 Deep Learning for AI/images_OBJ024/OBJ024_067.jpg,OBJ024,False,67,OBJ024,train
IE7615 Deep Learning for AI/images_OBJ024/OBJ024_068.jpg,OBJ024,False,68,OBJ024,train
IE7615 Deep Learning for AI/images_OBJ024/OBJ024_069.jpg,OBJ024,False,69,OBJ024,train
IE7615 Deep Learning for AI/images_OBJ024/OBJ024_070.jpg,OBJ024,False,70,OBJ024,train
IE7615 Deep Learning for AI/images_OBJ024/OBJ024_071.jpg,OBJ024,False,71,OBJ024,test
IE7615 Deep Learning for AI/images_OBJ024/OBJ024_072.jpg,OBJ024,False,72,OBJ024,test
IE7615 Deep Learning for AI/images_OBJ024/OBJ024_073.jpg,OBJ024,False,73,OBJ024,test
IE7615 Deep Learning for AI/images_OBJ024/OBJ024_074.jpg,OBJ024,False,74,OBJ024,test
IE7615 Deep Learning for AI/images_OBJ024/OBJ024_075.jpg,OBJ024,False,75,OBJ024,test
IE7615 Deep Learning for AI/images_OBJ024/OBJ024_076.jpg,OBJ024,False,76,OBJ024,train
IE7615 Deep Learning for AI/images_OBJ024/OBJ024_077.jpg,OBJ024,False,77,OBJ024,train
IE7615 Deep Learning for AI/images_OBJ024/OBJ024_078.jpg,OBJ024,False,78,OBJ024,train
IE7615 Deep Learning for AI/images_OBJ024/OBJ024_079.jpg,OBJ024,False,79,OBJ024,train
IE7615 Deep Learning for AI/images_OBJ024/OBJ024_080.jpg,OBJ024,False,80,OBJ024,train
IE7615 Deep Learning for AI/images_OBJ024/OBJ024_081.jpg,OBJ024,False,81,OBJ024,val
IE7615 Deep Learning for AI/images_OBJ024/OBJ024_082.jpg,OBJ024,False,82,OBJ024,val
IE7615 Deep Learning for AI/images_OBJ024/OBJ024_083.jpg,OBJ024,False,83,OBJ024,val
IE7615 Deep Learning for AI/images_OBJ024/OBJ024_084.jpg,OBJ024,False,84,OBJ024,val
IE7615 Deep Learning for AI/images_OBJ024/OBJ024_085.jpg,OBJ024,False,85,OBJ024,val
IE7615 Deep Learning for AI/images_OBJ024/OBJ024_086.jpg,OBJ024,False,86,OBJ024,train
IE7615 Deep Learning for AI/images_OBJ024/OBJ024_087.jpg,OBJ024,False,87,OBJ024,train
IE7615 Deep Learning for AI/images_OBJ024/OBJ024_088.jpg,OBJ024,False,88,OBJ024,train
IE7615 Deep Learning for AI/images_OBJ024/OBJ024_089.jpg,OBJ024,False,89,OBJ024,train
IE7615 Deep Learning for AI/images_OBJ024/OBJ024_090.jpg,OBJ024,False,90,OBJ024,train
IE7615 Deep Learning for AI/images_OBJ024/OBJ024_091.jpg,OBJ024,False,91,OBJ024,test
IE7615 Deep Learning for AI/images_OBJ024/OBJ024_092.jpg,OBJ024,False,92,OBJ024,test
IE7615 Deep Learning for AI/images_OBJ024/OBJ024_093.jpg,OBJ024,False,93,OBJ024,test
IE7615 Deep Learning for AI/images_OBJ024/OBJ024_094.jpg,OBJ024,False,94,OBJ024,test
IE7615 Deep Learning for AI/images_OBJ024/OBJ024_095.jpg,OBJ024,False,95,OBJ024,test
IE7615 Deep Learning for AI/images_OBJ024/OBJ024_bg_001.jpg,OBJ024,True,1,no_object,train
IE7615 Deep Learning for AI/images_OBJ024/OBJ024_bg_002.jpg,OBJ024,True,2,no_object,train
IE7615 Deep Learning for AI/images_OBJ024/OBJ024_bg_003.jpg,OBJ024,True,3,no_object,train
IE7615 Deep Learning for AI/images_OBJ024/OBJ024_bg_004.jpg,OBJ024,True,4,no_object,train
IE7615 Deep Learning for AI/images_OBJ024/OBJ024_bg_005.jpg,OBJ024,True,5,no_object,train
IE7615 Deep Learning for AI/images_OBJ025/OBJ025_001.jpg,OBJ025,False,1,OBJ025,train
IE7615 Deep Learning for AI/images_OBJ025/OBJ025_002.jpg,OBJ025,False,2,OBJ025,train
IE7615 Deep Learning for AI/images_OBJ025/OBJ025_003.jpg,OBJ025,False,3,OBJ025,train
IE7615 Deep Learning for AI/images_OBJ025/OBJ025_004.jpg,OBJ025,False,4,OBJ025,train
IE7615 Deep Learning for AI/images_OBJ025/OBJ025_005.jpg,OBJ025,False,5,OBJ025,train
IE7615 Deep Learning for AI/images_OBJ025/OBJ025_006.jpg,OBJ025,False,6,OBJ025,train
IE7615 Deep Learning for AI/images_OBJ025/OBJ025_007.jpg,OBJ025,False,7,OBJ025,train
IE7615 Deep Learning for AI/images_OBJ025/OBJ025_008.jpg,OBJ025,False,8,OBJ025,train
IE7615 Deep Learning for AI/images_OBJ025/OBJ025_009.jpg,OBJ025,False,9,OBJ025,train
IE7615 Deep Learning for AI/images_OBJ025/OBJ025_010.jpg,OBJ025,False,10,OBJ025,train
IE7615 Deep Learning for AI/images_OBJ025/OBJ025_011.jpg,OBJ025,False,11,OBJ025,test
IE7615 Deep Learning for AI/images_OBJ025/OBJ025_012.jpg,OBJ025,False,12,OBJ025,test
IE7615 Deep Learning for AI/images_OBJ025/OBJ025_013.jpg,OBJ025,False,13,OBJ025,test
IE7615 Deep Learning for AI/images_OBJ025/OBJ025_014.jpg,OBJ025,False,14,OBJ025,test
IE7615 Deep Learning for AI/images_OBJ025/OBJ025_015.jpg,OBJ025,False,15,OBJ025,test
IE7615 Deep Learning for AI/images_OBJ025/OBJ025_016.jpg,OBJ025,False,16,OBJ025,val
IE7615 Deep Learning for AI/images_OBJ025/OBJ025_017.jpg,OBJ025,False,17,OBJ025,val
IE7615 Deep Learning for AI/images_OBJ025/OBJ025_018.jpg,OBJ025,False,18,OBJ025,val
IE7615 Deep Learning for AI/images_OBJ025/OBJ025_019.jpg,OBJ025,False,19,OBJ025,val
IE7615 Deep Learning for AI/images_OBJ025/OBJ025_020.jpg,OBJ025,False,20,OBJ025,val
IE7615 Deep Learning for AI/images_OBJ025/OBJ025_021.jpg,OBJ025,False,21,OBJ025,train
IE7615 Deep Learning for AI/images_OBJ025/OBJ025_022.jpg,OBJ025,False,22,OBJ025,train
IE7615 Deep Learning for AI/images_OBJ025/OBJ025_023.jpg,OBJ025,False,23,OBJ025,train
IE7615 Deep Learning for AI/images_OBJ025/OBJ025_024.jpg,OBJ025,False,24,OBJ025,train
IE7615 Deep Learning for AI/images_OBJ025/OBJ025_025.jpg,OBJ025,False,25,OBJ025,train
IE7615 Deep Learning for AI/images_OBJ025/OBJ025_026.jpg,OBJ025,False,26,OBJ025,train
IE7615 Deep Learning for AI/images_OBJ025/OBJ025_027.jpg,OBJ025,False,27,OBJ025,train
IE7615 Deep Learning for AI/images_OBJ025/OBJ025_028.jpg,OBJ025,False,28,OBJ025,train
IE7615 Deep Learning for AI/images_OBJ025/OBJ025_029.jpg,OBJ025,False,29,OBJ025,train
IE7615 Deep Learning for AI/images_OBJ025/OBJ025_030.jpg,OBJ025,False,30,OBJ025,train
IE7615 Deep Learning for AI/images_OBJ025/OBJ025_031.jpg,OBJ025,False,31,OBJ025,train
IE7615 Deep Learning for AI/images_OBJ025/OBJ025_032.jpg,OBJ025,False,32,OBJ025,train
IE7615 Deep Learning for AI/images_OBJ025/OBJ025_033.jpg,OBJ025,False,33,OBJ025,train
IE7615 Deep Learning for AI/images_OBJ025/OBJ025_034.jpg,OBJ025,False,34,OBJ025,train
IE7615 Deep Learning for AI/images_OBJ025/OBJ025_035.jpg,OBJ025,False,35,OBJ025,train
IE7615 Deep Learning for AI/images_OBJ025/OBJ025_036.jpg,OBJ025,False,36,OBJ025,train
IE7615 Deep Learning for AI/images_OBJ025/OBJ025_037.jpg,OBJ025,False,37,OBJ025,train
IE7615 Deep Learning for AI/images_OBJ025/OBJ025_038.jpg,OBJ025,False,38,OBJ025,train
IE7615 Deep Learning for AI/images_OBJ025/OBJ025_039.jpg,OBJ025,False,39,OBJ025,train
IE7615 Deep Learning for AI/images_OBJ025/OBJ025_040.jpg,OBJ025,False,40,OBJ025,train
IE7615 Deep Learning for AI/images_OBJ025/OBJ025_041.jpg,OBJ025,False,41,OBJ025,train
IE7615 Deep Learning for AI/images_OBJ025/OBJ025_042.jpg,OBJ025,False,42,OBJ025,train
IE7615 Deep Learning for AI/images_OBJ025/OBJ025_043.jpg,OBJ025,False,43,OBJ025,train
IE7615 Deep Learning for AI/images_OBJ025/OBJ025_044.jpg,OBJ025,False,44,OBJ025,train
IE7615 Deep Learning for AI/images_OBJ025/OBJ025_045.jpg,OBJ025,False,45,OBJ025,train
IE7615 Deep Learning for AI/images_OBJ025/OBJ025_046.jpg,OBJ025,False,46,OBJ025,train
IE7615 Deep Learning for AI/images_OBJ025/OBJ025_047.jpg,OBJ025,False,47,OBJ025,train
IE7615 Deep Learning for AI/images_OBJ025/OBJ025_048.jpg,OBJ025,False,48,OBJ025,train
IE7615 Deep Learning for AI/images_OBJ025/OBJ025_049.jpg,OBJ025,False,49,OBJ025,train
IE7615 Deep Learning for AI/images_OBJ025/OBJ025_050.jpg,OBJ025,False,50,OBJ025,train
IE7615 Deep Learning for AI/images_OBJ025/OBJ025_051.jpg,OBJ025,False,51,OBJ025,test
IE7615 Deep Learning for AI/images_OBJ025/OBJ025_052.jpg,OBJ025,False,52,OBJ025,test
IE7615 Deep Learning for AI/images_OBJ025/OBJ025_053.jpg,OBJ025,False,53,OBJ025,test
IE7615 Deep Learning for AI/images_OBJ025/OBJ025_054.jpg,OBJ025,False,54,OBJ025,test
IE7615 Deep Learning for AI/images_OBJ025/OBJ025_055.jpg,OBJ025,False,55,OBJ025,test
IE7615 Deep Learning for AI/images_OBJ025/OBJ025_056.jpg,OBJ025,False,56,OBJ025,train
IE7615 Deep Learning for AI/images_OBJ025/OBJ025_057.jpg,OBJ025,False,57,OBJ025,train
IE7615 Deep Learning for AI/images_OBJ025/OBJ025_058.jpg,OBJ025,False,58,OBJ025,train
IE7615 Deep Learning for AI/images_OBJ025/OBJ025_059.jpg,OBJ025,False,59,OBJ025,train
IE7615 Deep Learning for AI/images_OBJ025/OBJ025_060.jpg,OBJ025,False,60,OBJ025,train
IE7615 Deep Learning for AI/images_OBJ025/OBJ025_061.jpg,OBJ025,False,61,OBJ025,test
IE7615 Deep Learning for AI/images_OBJ025/OBJ025_062.jpg,OBJ025,False,62,OBJ025,test
IE7615 Deep Learning for AI/images_OBJ025/OBJ025_063.jpg,OBJ025,False,63,OBJ025,test
IE7615 Deep Learning for AI/images_OBJ025/OBJ025_064.jpg,OBJ025,False,64,OBJ025,test
IE7615 Deep Learning for AI/images_OBJ025/OBJ025_065.jpg,OBJ025,False,65,OBJ025,test
IE7615 Deep Learning for AI/images_OBJ025/OBJ025_066.jpg,OBJ025,False,66,OBJ025,val
IE7615 Deep Learning for AI/images_OBJ025/OBJ025_067.jpg,OBJ025,False,67,OBJ025,val
IE7615 Deep Learning for AI/images_OBJ025/OBJ025_068.jpg,OBJ025,False,68,OBJ025,val
IE7615 Deep Learning for AI/images_OBJ025/OBJ025_069.jpg,OBJ025,False,69,OBJ025,val
IE7615 Deep Learning for AI/images_OBJ025/OBJ025_070.jpg,OBJ025,False,70,OBJ025,val
IE7615 Deep Learning for AI/images_OBJ025/OBJ025_071.jpg,OBJ025,False,71,OBJ025,train
IE7615 Deep Learning for AI/images_OBJ025/OBJ025_072.jpg,OBJ025,False,72,OBJ025,train
IE7615 Deep Learning for AI/images_OBJ025/OBJ025_073.jpg,OBJ025,False,73,OBJ025,train
IE7615 Deep Learning for AI/images_OBJ025/OBJ025_074.jpg,OBJ025,False,74,OBJ025,train
IE7615 Deep Learning for AI/images_OBJ025/OBJ025_075.jpg,OBJ025,False,75,OBJ025,train
IE7615 Deep Learning for AI/images_OBJ025/OBJ025_076.jpg,OBJ025,False,76,OBJ025,train
IE7615 Deep Learning for AI/images_OBJ025/OBJ025_077.jpg,OBJ025,False,77,OBJ025,train
IE7615 Deep Learning for AI/images_OBJ025/OBJ025_078.jpg,OBJ025,False,78,OBJ025,train
IE7615 Deep Learning for AI/images_OBJ025/OBJ025_079.jpg,OBJ025,False,79,OBJ025,train
IE7615 Deep Learning for AI/images_OBJ025/OBJ025_080.jpg,OBJ025,False,80,OBJ025,train
IE7615 Deep Learning for AI/images_OBJ025/OBJ025_081.jpg,OBJ025,False,81,OBJ025,val
IE7615 Deep Learning for AI/images_OBJ025/OBJ025_082.jpg,OBJ025,False,82,OBJ025,val
IE7615 Deep Learning for AI/images_OBJ025/OBJ025_083.jpg,OBJ025,False,83,OBJ025,val
IE7615 Deep Learning for AI/images_OBJ025/OBJ025_084.jpg,OBJ025,False,84,OBJ025,val
IE7615 Deep Learning for AI/images_OBJ025/OBJ025_085.jpg,OBJ025,False,85,OBJ025,val
IE7615 Deep Learning for AI/images_OBJ025/OBJ025_086.jpg,OBJ025,False,86,OBJ025,train
IE7615 Deep Learning for AI/images_OBJ025/OBJ025_087.jpg,OBJ025,False,87,OBJ025,train
IE7615 Deep Learning for AI/images_OBJ025/OBJ025_088.jpg,OBJ025,False,88,OBJ025,train
IE7615 Deep Learning for AI/images_OBJ025/OBJ025_089.jpg,OBJ025,False,89,OBJ025,train
IE7615 Deep Learning for AI/images_OBJ025/OBJ025_090.jpg,OBJ025,False,90,OBJ025,train
IE7615 Deep Learning for AI/images_OBJ025/OBJ025_091.jpg,OBJ025,False,91,OBJ025,train
IE7615 Deep Learning for AI/images_OBJ025/OBJ025_092.jpg,OBJ025,False,92,OBJ025,train
IE7615 Deep Learning for AI/images_OBJ025/OBJ025_093.jpg,OBJ025,False,93,OBJ025,train
IE7615 Deep Learning for AI/images_OBJ025/OBJ025_094.jpg,OBJ025,False,94,OBJ025,train
IE7615 Deep Learning for AI/images_OBJ025/OBJ025_bg_001.jpg,OBJ025,True,1,no_object,test
IE7615 Deep Learning for AI/images_OBJ025/OBJ025_bg_002.jpg,OBJ025,True,2,no_object,test
IE7615 Deep Learning for AI/images_OBJ025/OBJ025_bg_003.jpg,OBJ025,True,3,no_object,test
IE7615 Deep Learning for AI/images_OBJ025/OBJ025_bg_004.jpg,OBJ025,True,4,no_object,test
IE7615 Deep Learning for AI/images_OBJ025/OBJ025_bg_005.jpg,OBJ025,True,5,no_object,test
IE7615 Deep Learning for AI/images_OBJ025/OBJ025_bg_006.jpg,OBJ025,True,6,no_object,test
IE7615 Deep Learning for AI/images_OBJ026/OBJ026_001.jpg,OBJ026,False,1,OBJ026,train
IE7615 Deep Learning for AI/images_OBJ026/OBJ026_002.jpg,OBJ026,False,2,OBJ026,train
IE7615 Deep Learning for AI/images_OBJ026/OBJ026_003.jpg,OBJ026,False,3,OBJ026,train
IE7615 Deep Learning for AI/images_OBJ026/OBJ026_004.jpg,OBJ026,False,4,OBJ026,train
IE7615 Deep Learning for AI/images_OBJ026/OBJ026_005.jpg,OBJ026,False,5,OBJ026,train
IE7615 Deep Learning for AI/images_OBJ026/OBJ026_006.jpg,OBJ026,False,6,OBJ026,test
IE7615 Deep Learning for AI/images_OBJ026/OBJ026_007.jpg,OBJ026,False,7,OBJ026,test
IE7615 Deep Learning for AI/images_OBJ026/OBJ026_008.jpg,OBJ026,False,8,OBJ026,test
IE7615 Deep Learning for AI/images_OBJ026/OBJ026_009.jpg,OBJ026,False,9,OBJ026,test
IE7615 Deep Learning for AI/images_OBJ026/OBJ026_010.jpg,OBJ026,False,10,OBJ026,test
IE7615 Deep Learning for AI/images_OBJ026/OBJ026_011.jpg,OBJ026,False,11,OBJ026,train
IE7615 Deep Learning for AI/images_OBJ026/OBJ026_012.jpg,OBJ026,False,12,OBJ026,train
IE7615 Deep Learning for AI/images_OBJ026/OBJ026_013.jpg,OBJ026,False,13,OBJ026,train
IE7615 Deep Learning for AI/images_OBJ026/OBJ026_014.jpg,OBJ026,False,14,OBJ026,train
IE7615 Deep Learning for AI/images_OBJ026/OBJ026_015.jpg,OBJ026,False,15,OBJ026,train
IE7615 Deep Learning for AI/images_OBJ026/OBJ026_016.jpg,OBJ026,False,16,OBJ026,train
IE7615 Deep Learning for AI/images_OBJ026/OBJ026_017.jpg,OBJ026,False,17,OBJ026,train
IE7615 Deep Learning for AI/images_OBJ026/OBJ026_018.jpg,OBJ026,False,18,OBJ026,train
IE7615 Deep Learning for AI/images_OBJ026/OBJ026_019.jpg,OBJ026,False,19,OBJ026,train
IE7615 Deep Learning for AI/images_OBJ026/OBJ026_020.jpg,OBJ026,False,20,OBJ026,train
IE7615 Deep Learning for AI/images_OBJ026/OBJ026_021.jpg,OBJ026,False,21,OBJ026,val
IE7615 Deep Learning for AI/images_OBJ026/OBJ026_022.jpg,OBJ026,False,22,OBJ026,val
IE7615 Deep Learning for AI/images_OBJ026/OBJ026_023.jpg,OBJ026,False,23,OBJ026,val
IE7615 Deep Learning for AI/images_OBJ026/OBJ026_024.jpg,OBJ026,False,24,OBJ026,val
IE7615 Deep Learning for AI/images_OBJ026/OBJ026_025.jpg,OBJ026,False,25,OBJ026,val
IE7615 Deep Learning for AI/images_OBJ026/OBJ026_026.jpg,OBJ026,False,26,OBJ026,train
IE7615 Deep Learning for AI/images_OBJ026/OBJ026_027.jpg,OBJ026,False,27,OBJ026,train
IE7615 Deep Learning for AI/images_OBJ026/OBJ026_028.jpg,OBJ026,False,28,OBJ026,train
IE7615 Deep Learning for AI/images_OBJ026/OBJ026_029.jpg,OBJ026,False,29,OBJ026,train
IE7615 Deep Learning for AI/images_OBJ026/OBJ026_030.jpg,OBJ026,False,30,OBJ026,train
IE7615 Deep Learning for AI/images_OBJ026/OBJ026_031.jpg,OBJ026,False,31,OBJ026,test
IE7615 Deep Learning for AI/images_OBJ026/OBJ026_032.jpg,OBJ026,False,32,OBJ026,test
IE7615 Deep Learning for AI/images_OBJ026/OBJ026_033.jpg,OBJ026,False,33,OBJ026,test
IE7615 Deep Learning for AI/images_OBJ026/OBJ026_034.jpg,OBJ026,False,34,OBJ026,test
IE7615 Deep Learning for AI/images_OBJ026/OBJ026_035.jpg,OBJ026,False,35,OBJ026,test
IE7615 Deep Learning for AI/images_OBJ026/OBJ026_036.jpg,OBJ026,False,36,OBJ026,val
IE7615 Deep Learning for AI/images_OBJ026/OBJ026_037.jpg,OBJ026,False,37,OBJ026,val
IE7615 Deep Learning for AI/images_OBJ026/OBJ026_038.jpg,OBJ026,False,38,OBJ026,val
IE7615 Deep Learning for AI/images_OBJ026/OBJ026_039.jpg,OBJ026,False,39,OBJ026,val
IE7615 Deep Learning for AI/images_OBJ026/OBJ026_040.jpg,OBJ026,False,40,OBJ026,val
IE7615 Deep Learning for AI/images_OBJ026/OBJ026_041.jpg,OBJ026,False,41,OBJ026,train
IE7615 Deep Learning for AI/images_OBJ026/OBJ026_042.jpg,OBJ026,False,42,OBJ026,train
IE7615 Deep Learning for AI/images_OBJ026/OBJ026_043.jpg,OBJ026,False,43,OBJ026,train
IE7615 Deep Learning for AI/images_OBJ026/OBJ026_044.jpg,OBJ026,False,44,OBJ026,train
IE7615 Deep Learning for AI/images_OBJ026/OBJ026_045.jpg,OBJ026,False,45,OBJ026,train
IE7615 Deep Learning for AI/images_OBJ026/OBJ026_046.jpg,OBJ026,False,46,OBJ026,test
IE7615 Deep Learning for AI/images_OBJ026/OBJ026_047.jpg,OBJ026,False,47,OBJ026,test
IE7615 Deep Learning for AI/images_OBJ026/OBJ026_048.jpg,OBJ026,False,48,OBJ026,test
IE7615 Deep Learning for AI/images_OBJ026/OBJ026_049.jpg,OBJ026,False,49,OBJ026,test
IE7615 Deep Learning for AI/images_OBJ026/OBJ026_050.jpg,OBJ026,False,50,OBJ026,test
IE7615 Deep Learning for AI/images_OBJ026/OBJ026_051.jpg,OBJ026,False,51,OBJ026,val
IE7615 Deep Learning for AI/images_OBJ026/OBJ026_052.jpg,OBJ026,False,52,OBJ026,val
IE7615 Deep Learning for AI/images_OBJ026/OBJ026_053.jpg,OBJ026,False,53,OBJ026,val
IE7615 Deep Learning for AI/images_OBJ026/OBJ026_054.jpg,OBJ026,False,54,OBJ026,val
IE7615 Deep Learning for AI/images_OBJ026/OBJ026_055.jpg,OBJ026,False,55,OBJ026,val
IE7615 Deep Learning for AI/images_OBJ026/OBJ026_056.jpg,OBJ026,False,56,OBJ026,train
IE7615 Deep Learning for AI/images_OBJ026/OBJ026_057.jpg,OBJ026,False,57,OBJ026,train
IE7615 Deep Learning for AI/images_OBJ026/OBJ026_058.jpg,OBJ026,False,58,OBJ026,train
IE7615 Deep Learning for AI/images_OBJ026/OBJ026_059.jpg,OBJ026,False,59,OBJ026,train
IE7615 Deep Learning for AI/images_OBJ026/OBJ026_060.jpg,OBJ026,False,60,OBJ026,train
IE7615 Deep Learning for AI/images_OBJ026/OBJ026_061.jpg,OBJ026,False,61,OBJ026,train
IE7615 Deep Learning for AI/images_OBJ026/OBJ026_062.jpg,OBJ026,False,62,OBJ026,train
IE7615 Deep Learning for AI/images_OBJ026/OBJ026_063.jpg,OBJ026,False,63,OBJ026,train
IE7615 Deep Learning for AI/images_OBJ026/OBJ026_064.jpg,OBJ026,False,64,OBJ026,train
IE7615 Deep Learning for AI/images_OBJ026/OBJ026_065.jpg,OBJ026,False,65,OBJ026,train
IE7615 Deep Learning for AI/images_OBJ026/OBJ026_066.jpg,OBJ026,False,66,OBJ026,train
IE7615 Deep Learning for AI/images_OBJ026/OBJ026_067.jpg,OBJ026,False,67,OBJ026,train
IE7615 Deep Learning for AI/images_OBJ026/OBJ026_068.jpg,OBJ026,False,68,OBJ026,train
IE7615 Deep Learning for AI/images_OBJ026/OBJ026_069.jpg,OBJ026,False,69,OBJ026,train
IE7615 Deep Learning for AI/images_OBJ026/OBJ026_070.jpg,OBJ026,False,70,OBJ026,train
IE7615 Deep Learning for AI/images_OBJ026/OBJ026_071.jpg,OBJ026,False,71,OBJ026,train
IE7615 Deep Learning for AI/images_OBJ026/OBJ026_072.jpg,OBJ026,False,72,OBJ026,train
IE7615 Deep Learning for AI/images_OBJ026/OBJ026_073.jpg,OBJ026,False,73,OBJ026,train
IE7615 Deep Learning for AI/images_OBJ026/OBJ026_074.jpg,OBJ026,False,74,OBJ026,train
IE7615 Deep Learning for AI/images_OBJ026/OBJ026_075.jpg,OBJ026,False,75,OBJ026,train
IE7615 Deep Learning for AI/images_OBJ026/OBJ026_076.jpg,OBJ026,False,76,OBJ026,train
IE7615 Deep Learning for AI/images_OBJ026/OBJ026_077.jpg,OBJ026,False,77,OBJ026,train
IE7615 Deep Learning for AI/images_OBJ026/OBJ026_078.jpg,OBJ026,False,78,OBJ026,train
IE7615 Deep Learning for AI/images_OBJ026/OBJ026_079.jpg,OBJ026,False,79,OBJ026,train
IE7615 Deep Learning for AI/images_OBJ026/OBJ026_080.jpg,OBJ026,False,80,OBJ026,train
IE7615 Deep Learning for AI/images_OBJ026/OBJ026_081.jpg,OBJ026,False,81,OBJ026,train
IE7615 Deep Learning for AI/images_OBJ026/OBJ026_082.jpg,OBJ026,False,82,OBJ026,train
IE7615 Deep Learning for AI/images_OBJ026/OBJ026_083.jpg,OBJ026,False,83,OBJ026,train
IE7615 Deep Learning for AI/images_OBJ026/OBJ026_084.jpg,OBJ026,False,84,OBJ026,train
IE7615 Deep Learning for AI/images_OBJ026/OBJ026_085.jpg,OBJ026,False,85,OBJ026,train
IE7615 Deep Learning for AI/images_OBJ026/OBJ026_086.jpg,OBJ026,False,86,OBJ026,train
IE7615 Deep Learning for AI/images_OBJ026/OBJ026_087.jpg,OBJ026,False,87,OBJ026,train
IE7615 Deep Learning for AI/images_OBJ026/OBJ026_088.jpg,OBJ026,False,88,OBJ026,train
IE7615 Deep Learning for AI/images_OBJ026/OBJ026_089.jpg,OBJ026,False,89,OBJ026,train
IE7615 Deep Learning for AI/images_OBJ026/OBJ026_090.jpg,OBJ026,False,90,OBJ026,train
IE7615 Deep Learning for AI/images_OBJ026/OBJ026_091.jpg,OBJ026,False,91,OBJ026,train
IE7615 Deep Learning for AI/images_OBJ026/OBJ026_092.jpg,OBJ026,False,92,OBJ026,train
IE7615 Deep Learning for AI/images_OBJ026/OBJ026_093.jpg,OBJ026,False,93,OBJ026,train
IE7615 Deep Learning for AI/images_OBJ026/OBJ026_094.jpg,OBJ026,False,94,OBJ026,train
IE7615 Deep Learning for AI/images_OBJ026/OBJ026_095.jpg,OBJ026,False,95,OBJ026,train
IE7615 Deep Learning for AI/images_OBJ026/OBJ026_bg_001.jpg,OBJ026,True,1,no_object,train
IE7615 Deep Learning for AI/images_OBJ026/OBJ026_bg_002.jpg,OBJ026,True,2,no_object,train
IE7615 Deep Learning for AI/images_OBJ026/OBJ026_bg_003.jpg,OBJ026,True,3,no_object,train
IE7615 Deep Learning for AI/images_OBJ026/OBJ026_bg_004.jpg,OBJ026,True,4,no_object,train
IE7615 Deep Learning for AI/images_OBJ026/OBJ026_bg_005.jpg,OBJ026,True,5,no_object,train
IE7615 Deep Learning for AI/images_OBJ027/OBJ027_001.jpg,OBJ027,False,1,OBJ027,train
IE7615 Deep Learning for AI/images_OBJ027/OBJ027_002.jpg,OBJ027,False,2,OBJ027,train
IE7615 Deep Learning for AI/images_OBJ027/OBJ027_003.jpg,OBJ027,False,3,OBJ027,train
IE7615 Deep Learning for AI/images_OBJ027/OBJ027_004.jpg,OBJ027,False,4,OBJ027,train
IE7615 Deep Learning for AI/images_OBJ027/OBJ027_005.jpg,OBJ027,False,5,OBJ027,train
IE7615 Deep Learning for AI/images_OBJ027/OBJ027_006.jpg,OBJ027,False,6,OBJ027,train
IE7615 Deep Learning for AI/images_OBJ027/OBJ027_007.jpg,OBJ027,False,7,OBJ027,train
IE7615 Deep Learning for AI/images_OBJ027/OBJ027_008.jpg,OBJ027,False,8,OBJ027,train
IE7615 Deep Learning for AI/images_OBJ027/OBJ027_009.jpg,OBJ027,False,9,OBJ027,train
IE7615 Deep Learning for AI/images_OBJ027/OBJ027_010.jpg,OBJ027,False,10,OBJ027,train
IE7615 Deep Learning for AI/images_OBJ027/OBJ027_011.jpg,OBJ027,False,11,OBJ027,train
IE7615 Deep Learning for AI/images_OBJ027/OBJ027_012.jpg,OBJ027,False,12,OBJ027,train
IE7615 Deep Learning for AI/images_OBJ027/OBJ027_013.jpg,OBJ027,False,13,OBJ027,train
IE7615 Deep Learning for AI/images_OBJ027/OBJ027_014.jpg,OBJ027,False,14,OBJ027,train
IE7615 Deep Learning for AI/images_OBJ027/OBJ027_015.jpg,OBJ027,False,15,OBJ027,train
IE7615 Deep Learning for AI/images_OBJ027/OBJ027_016.jpg,OBJ027,False,16,OBJ027,train
IE7615 Deep Learning for AI/images_OBJ027/OBJ027_017.jpg,OBJ027,False,17,OBJ027,train
IE7615 Deep Learning for AI/images_OBJ027/OBJ027_018.jpg,OBJ027,False,18,OBJ027,train
IE7615 Deep Learning for AI/images_OBJ027/OBJ027_019.jpg,OBJ027,False,19,OBJ027,train
IE7615 Deep Learning for AI/images_OBJ027/OBJ027_020.jpg,OBJ027,False,20,OBJ027,train
IE7615 Deep Learning for AI/images_OBJ027/OBJ027_021.jpg,OBJ027,False,21,OBJ027,train
IE7615 Deep Learning for AI/images_OBJ027/OBJ027_022.jpg,OBJ027,False,22,OBJ027,train
IE7615 Deep Learning for AI/images_OBJ027/OBJ027_023.jpg,OBJ027,False,23,OBJ027,train
IE7615 Deep Learning for AI/images_OBJ027/OBJ027_024.jpg,OBJ027,False,24,OBJ027,train
IE7615 Deep Learning for AI/images_OBJ027/OBJ027_025.jpg,OBJ027,False,25,OBJ027,train
IE7615 Deep Learning for AI/images_OBJ027/OBJ027_026.jpg,OBJ027,False,26,OBJ027,train
IE7615 Deep Learning for AI/images_OBJ027/OBJ027_027.jpg,OBJ027,False,27,OBJ027,train
IE7615 Deep Learning for AI/images_OBJ027/OBJ027_028.jpg,OBJ027,False,28,OBJ027,train
IE7615 Deep Learning for AI/images_OBJ027/OBJ027_029.jpg,OBJ027,False,29,OBJ027,train
IE7615 Deep Learning for AI/images_OBJ027/OBJ027_030.jpg,OBJ027,False,30,OBJ027,train
IE7615 Deep Learning for AI/images_OBJ027/OBJ027_031.jpg,OBJ027,False,31,OBJ027,train
IE7615 Deep Learning for AI/images_OBJ027/OBJ027_032.jpg,OBJ027,False,32,OBJ027,train
IE7615 Deep Learning for AI/images_OBJ027/OBJ027_033.jpg,OBJ027,False,33,OBJ027,train
IE7615 Deep Learning for AI/images_OBJ027/OBJ027_034.jpg,OBJ027,False,34,OBJ027,train
IE7615 Deep Learning for AI/images_OBJ027/OBJ027_035.jpg,OBJ027,False,35,OBJ027,train
IE7615 Deep Learning for AI/images_OBJ027/OBJ027_036.jpg,OBJ027,False,36,OBJ027,val
IE7615 Deep Learning for AI/images_OBJ027/OBJ027_037.jpg,OBJ027,False,37,OBJ027,val
IE7615 Deep Learning for AI/images_OBJ027/OBJ027_038.jpg,OBJ027,False,38,OBJ027,val
IE7615 Deep Learning for AI/images_OBJ027/OBJ027_039.jpg,OBJ027,False,39,OBJ027,val
IE7615 Deep Learning for AI/images_OBJ027/OBJ027_040.jpg,OBJ027,False,40,OBJ027,val
IE7615 Deep Learning for AI/images_OBJ027/OBJ027_041.jpg,OBJ027,False,41,OBJ027,val
IE7615 Deep Learning for AI/images_OBJ027/OBJ027_042.jpg,OBJ027,False,42,OBJ027,val
IE7615 Deep Learning for AI/images_OBJ027/OBJ027_043.jpg,OBJ027,False,43,OBJ027,val
IE7615 Deep Learning for AI/images_OBJ027/OBJ027_044.jpg,OBJ027,False,44,OBJ027,val
IE7615 Deep Learning for AI/images_OBJ027/OBJ027_045.jpg,OBJ027,False,45,OBJ027,val
IE7615 Deep Learning for AI/images_OBJ027/OBJ027_046.jpg,OBJ027,False,46,OBJ027,test
IE7615 Deep Learning for AI/images_OBJ027/OBJ027_047.jpg,OBJ027,False,47,OBJ027,test
IE7615 Deep Learning for AI/images_OBJ027/OBJ027_048.jpg,OBJ027,False,48,OBJ027,test
IE7615 Deep Learning for AI/images_OBJ027/OBJ027_049.jpg,OBJ027,False,49,OBJ027,test
IE7615 Deep Learning for AI/images_OBJ027/OBJ027_050.jpg,OBJ027,False,50,OBJ027,test
IE7615 Deep Learning for AI/images_OBJ027/OBJ027_051.jpg,OBJ027,False,51,OBJ027,test
IE7615 Deep Learning for AI/images_OBJ027/OBJ027_052.jpg,OBJ027,False,52,OBJ027,test
IE7615 Deep Learning for AI/images_OBJ027/OBJ027_053.jpg,OBJ027,False,53,OBJ027,test
IE7615 Deep Learning for AI/images_OBJ027/OBJ027_054.jpg,OBJ027,False,54,OBJ027,test
IE7615 Deep Learning for AI/images_OBJ027/OBJ027_055.jpg,OBJ027,False,55,OBJ027,test
IE7615 Deep Learning for AI/images_OBJ027/OBJ027_056.jpg,OBJ027,False,56,OBJ027,test
IE7615 Deep Learning for AI/images_OBJ027/OBJ027_057.jpg,OBJ027,False,57,OBJ027,test
IE7615 Deep Learning for AI/images_OBJ027/OBJ027_058.jpg,OBJ027,False,58,OBJ027,test
IE7615 Deep Learning for AI/images_OBJ027/OBJ027_059.jpg,OBJ027,False,59,OBJ027,test
IE7615 Deep Learning for AI/images_OBJ027/OBJ027_060.jpg,OBJ027,False,60,OBJ027,test
IE7615 Deep Learning for AI/images_OBJ027/OBJ027_061.jpg,OBJ027,False,61,OBJ027,train
IE7615 Deep Learning for AI/images_OBJ027/OBJ027_062.jpg,OBJ027,False,62,OBJ027,train
IE7615 Deep Learning for AI/images_OBJ027/OBJ027_063.jpg,OBJ027,False,63,OBJ027,train
IE7615 Deep Learning for AI/images_OBJ027/OBJ027_064.jpg,OBJ027,False,64,OBJ027,train
IE7615 Deep Learning for AI/images_OBJ027/OBJ027_065.jpg,OBJ027,False,65,OBJ027,train
IE7615 Deep Learning for AI/images_OBJ027/OBJ027_066.jpg,OBJ027,False,66,OBJ027,train
IE7615 Deep Learning for AI/images_OBJ027/OBJ027_067.jpg,OBJ027,False,67,OBJ027,train
IE7615 Deep Learning for AI/images_OBJ027/OBJ027_068.jpg,OBJ027,False,68,OBJ027,train
IE7615 Deep Learning for AI/images_OBJ027/OBJ027_069.jpg,OBJ027,False,69,OBJ027,train
IE7615 Deep Learning for AI/images_OBJ027/OBJ027_070.jpg,OBJ027,False,70,OBJ027,train
IE7615 Deep Learning for AI/images_OBJ027/OBJ027_071.jpg,OBJ027,False,71,OBJ027,train
IE7615 Deep Learning for AI/images_OBJ027/OBJ027_072.jpg,OBJ027,False,72,OBJ027,train
IE7615 Deep Learning for AI/images_OBJ027/OBJ027_073.jpg,OBJ027,False,73,OBJ027,train
IE7615 Deep Learning for AI/images_OBJ027/OBJ027_074.jpg,OBJ027,False,74,OBJ027,train
IE7615 Deep Learning for AI/images_OBJ027/OBJ027_075.jpg,OBJ027,False,75,OBJ027,train
IE7615 Deep Learning for AI/images_OBJ027/OBJ027_076.jpg,OBJ027,False,76,OBJ027,train
IE7615 Deep Learning for AI/images_OBJ027/OBJ027_077.jpg,OBJ027,False,77,OBJ027,train
IE7615 Deep Learning for AI/images_OBJ027/OBJ027_078.jpg,OBJ027,False,78,OBJ027,train
IE7615 Deep Learning for AI/images_OBJ027/OBJ027_079.jpg,OBJ027,False,79,OBJ027,train
IE7615 Deep Learning for AI/images_OBJ027/OBJ027_080.jpg,OBJ027,False,80,OBJ027,train
IE7615 Deep Learning for AI/images_OBJ027/OBJ027_081.jpg,OBJ027,False,81,OBJ027,train
IE7615 Deep Learning for AI/images_OBJ027/OBJ027_082.jpg,OBJ027,False,82,OBJ027,train
IE7615 Deep Learning for AI/images_OBJ027/OBJ027_083.jpg,OBJ027,False,83,OBJ027,train
IE7615 Deep Learning for AI/images_OBJ027/OBJ027_084.jpg,OBJ027,False,84,OBJ027,train
IE7615 Deep Learning for AI/images_OBJ027/OBJ027_085.jpg,OBJ027,False,85,OBJ027,train
IE7615 Deep Learning for AI/images_OBJ027/OBJ027_086.jpg,OBJ027,False,86,OBJ027,val
IE7615 Deep Learning for AI/images_OBJ027/OBJ027_087.jpg,OBJ027,False,87,OBJ027,val
IE7615 Deep Learning for AI/images_OBJ027/OBJ027_088.jpg,OBJ027,False,88,OBJ027,val
IE7615 Deep Learning for AI/images_OBJ027/OBJ027_089.jpg,OBJ027,False,89,OBJ027,val
IE7615 Deep Learning for AI/images_OBJ027/OBJ027_090.jpg,OBJ027,False,90,OBJ027,val
IE7615 Deep Learning for AI/images_OBJ027/OBJ027_091.jpg,OBJ027,False,91,OBJ027,train
IE7615 Deep Learning for AI/images_OBJ027/OBJ027_092.jpg,OBJ027,False,92,OBJ027,train
IE7615 Deep Learning for AI/images_OBJ027/OBJ027_093.jpg,OBJ027,False,93,OBJ027,train
IE7615 Deep Learning for AI/images_OBJ027/OBJ027_094.jpg,OBJ027,False,94,OBJ027,train
IE7615 Deep Learning for AI/images_OBJ027/OBJ027_095.jpg,OBJ027,False,95,OBJ027,train
IE7615 Deep Learning for AI/images_OBJ027/OBJ027_bg_001.jpg,OBJ027,True,1,no_object,test
IE7615 Deep Learning for AI/images_OBJ027/OBJ027_bg_002.jpg,OBJ027,True,2,no_object,test
IE7615 Deep Learning for AI/images_OBJ027/OBJ027_bg_003.jpg,OBJ027,True,3,no_object,test
IE7615 Deep Learning for AI/images_OBJ027/OBJ027_bg_004.jpg,OBJ027,True,4,no_object,test
IE7615 Deep Learning for AI/images_OBJ027/OBJ027_bg_005.jpg,OBJ027,True,5,no_object,test
IE7615 Deep Learning for AI/images_OBJ028/OBJ028_001.jpg,OBJ028,False,1,OBJ028,train
IE7615 Deep Learning for AI/images_OBJ028/OBJ028_002.jpg,OBJ028,False,2,OBJ028,train
IE7615 Deep Learning for AI/images_OBJ028/OBJ028_003.jpg,OBJ028,False,3,OBJ028,train
IE7615 Deep Learning for AI/images_OBJ028/OBJ028_004.jpg,OBJ028,False,4,OBJ028,train
IE7615 Deep Learning for AI/images_OBJ028/OBJ028_005.jpg,OBJ028,False,5,OBJ028,train
IE7615 Deep Learning for AI/images_OBJ028/OBJ028_006.jpg,OBJ028,False,6,OBJ028,train
IE7615 Deep Learning for AI/images_OBJ028/OBJ028_007.jpg,OBJ028,False,7,OBJ028,train
IE7615 Deep Learning for AI/images_OBJ028/OBJ028_008.jpg,OBJ028,False,8,OBJ028,train
IE7615 Deep Learning for AI/images_OBJ028/OBJ028_009.jpg,OBJ028,False,9,OBJ028,train
IE7615 Deep Learning for AI/images_OBJ028/OBJ028_010.jpg,OBJ028,False,10,OBJ028,train
IE7615 Deep Learning for AI/images_OBJ028/OBJ028_011.jpg,OBJ028,False,11,OBJ028,train
IE7615 Deep Learning for AI/images_OBJ028/OBJ028_012.jpg,OBJ028,False,12,OBJ028,train
IE7615 Deep Learning for AI/images_OBJ028/OBJ028_013.jpg,OBJ028,False,13,OBJ028,train
IE7615 Deep Learning for AI/images_OBJ028/OBJ028_014.jpg,OBJ028,False,14,OBJ028,train
IE7615 Deep Learning for AI/images_OBJ028/OBJ028_015.jpg,OBJ028,False,15,OBJ028,train
IE7615 Deep Learning for AI/images_OBJ028/OBJ028_016.jpg,OBJ028,False,16,OBJ028,train
IE7615 Deep Learning for AI/images_OBJ028/OBJ028_017.jpg,OBJ028,False,17,OBJ028,train
IE7615 Deep Learning for AI/images_OBJ028/OBJ028_018.jpg,OBJ028,False,18,OBJ028,train
IE7615 Deep Learning for AI/images_OBJ028/OBJ028_019.jpg,OBJ028,False,19,OBJ028,train
IE7615 Deep Learning for AI/images_OBJ028/OBJ028_020.jpg,OBJ028,False,20,OBJ028,train
IE7615 Deep Learning for AI/images_OBJ028/OBJ028_021.jpg,OBJ028,False,21,OBJ028,train
IE7615 Deep Learning for AI/images_OBJ028/OBJ028_022.jpg,OBJ028,False,22,OBJ028,train
IE7615 Deep Learning for AI/images_OBJ028/OBJ028_023.jpg,OBJ028,False,23,OBJ028,train
IE7615 Deep Learning for AI/images_OBJ028/OBJ028_024.jpg,OBJ028,False,24,OBJ028,train
IE7615 Deep Learning for AI/images_OBJ028/OBJ028_025.jpg,OBJ028,False,25,OBJ028,train
IE7615 Deep Learning for AI/images_OBJ028/OBJ028_026.jpg,OBJ028,False,26,OBJ028,val
IE7615 Deep Learning for AI/images_OBJ028/OBJ028_027.jpg,OBJ028,False,27,OBJ028,val
IE7615 Deep Learning for AI/images_OBJ028/OBJ028_028.jpg,OBJ028,False,28,OBJ028,val
IE7615 Deep Learning for AI/images_OBJ028/OBJ028_029.jpg,OBJ028,False,29,OBJ028,val
IE7615 Deep Learning for AI/images_OBJ028/OBJ028_030.jpg,OBJ028,False,30,OBJ028,val
IE7615 Deep Learning for AI/images_OBJ028/OBJ028_031.jpg,OBJ028,False,31,OBJ028,train
IE7615 Deep Learning for AI/images_OBJ028/OBJ028_032.jpg,OBJ028,False,32,OBJ028,train
IE7615 Deep Learning for AI/images_OBJ028/OBJ028_033.jpg,OBJ028,False,33,OBJ028,train
IE7615 Deep Learning for AI/images_OBJ028/OBJ028_034.jpg,OBJ028,False,34,OBJ028,train
IE7615 Deep Learning for AI/images_OBJ028/OBJ028_035.jpg,OBJ028,False,35,OBJ028,train
IE7615 Deep Learning for AI/images_OBJ028/OBJ028_036.jpg,OBJ028,False,36,OBJ028,test
IE7615 Deep Learning for AI/images_OBJ028/OBJ028_037.jpg,OBJ028,False,37,OBJ028,test
IE7615 Deep Learning for AI/images_OBJ028/OBJ028_038.jpg,OBJ028,False,38,OBJ028,test
IE7615 Deep Learning for AI/images_OBJ028/OBJ028_039.jpg,OBJ028,False,39,OBJ028,test
IE7615 Deep Learning for AI/images_OBJ028/OBJ028_040.jpg,OBJ028,False,40,OBJ028,test
IE7615 Deep Learning for AI/images_OBJ028/OBJ028_041.jpg,OBJ028,False,41,OBJ028,train
IE7615 Deep Learning for AI/images_OBJ028/OBJ028_042.jpg,OBJ028,False,42,OBJ028,train
IE7615 Deep Learning for AI/images_OBJ028/OBJ028_043.jpg,OBJ028,False,43,OBJ028,train
IE7615 Deep Learning for AI/images_OBJ028/OBJ028_044.jpg,OBJ028,False,44,OBJ028,train
IE7615 Deep Learning for AI/images_OBJ028/OBJ028_045.jpg,OBJ028,False,45,OBJ028,train
IE7615 Deep Learning for AI/images_OBJ028/OBJ028_046.jpg,OBJ028,False,46,OBJ028,train
IE7615 Deep Learning for AI/images_OBJ028/OBJ028_047.jpg,OBJ028,False,47,OBJ028,train
IE7615 Deep Learning for AI/images_OBJ028/OBJ028_048.jpg,OBJ028,False,48,OBJ028,train
IE7615 Deep Learning for AI/images_OBJ028/OBJ028_049.jpg,OBJ028,False,49,OBJ028,train
IE7615 Deep Learning for AI/images_OBJ028/OBJ028_050.jpg,OBJ028,False,50,OBJ028,train
IE7615 Deep Learning for AI/images_OBJ028/OBJ028_051.jpg,OBJ028,False,51,OBJ028,train
IE7615 Deep Learning for AI/images_OBJ028/OBJ028_052.jpg,OBJ028,False,52,OBJ028,train
IE7615 Deep Learning for AI/images_OBJ028/OBJ028_053.jpg,OBJ028,False,53,OBJ028,train
IE7615 Deep Learning for AI/images_OBJ028/OBJ028_054.jpg,OBJ028,False,54,OBJ028,train
IE7615 Deep Learning for AI/images_OBJ028/OBJ028_055.jpg,OBJ028,False,55,OBJ028,train
IE7615 Deep Learning for AI/images_OBJ028/OBJ028_056.jpg,OBJ028,False,56,OBJ028,train
IE7615 Deep Learning for AI/images_OBJ028/OBJ028_057.jpg,OBJ028,False,57,OBJ028,train
IE7615 Deep Learning for AI/images_OBJ028/OBJ028_058.jpg,OBJ028,False,58,OBJ028,train
IE7615 Deep Learning for AI/images_OBJ028/OBJ028_059.jpg,OBJ028,False,59,OBJ028,train
IE7615 Deep Learning for AI/images_OBJ028/OBJ028_060.jpg,OBJ028,False,60,OBJ028,train
IE7615 Deep Learning for AI/images_OBJ028/OBJ028_061.jpg,OBJ028,False,61,OBJ028,test
IE7615 Deep Learning for AI/images_OBJ028/OBJ028_062.jpg,OBJ028,False,62,OBJ028,test
IE7615 Deep Learning for AI/images_OBJ028/OBJ028_063.jpg,OBJ028,False,63,OBJ028,test
IE7615 Deep Learning for AI/images_OBJ028/OBJ028_064.jpg,OBJ028,False,64,OBJ028,test
IE7615 Deep Learning for AI/images_OBJ028/OBJ028_065.jpg,OBJ028,False,65,OBJ028,test
IE7615 Deep Learning for AI/images_OBJ028/OBJ028_066.jpg,OBJ028,False,66,OBJ028,test
IE7615 Deep Learning for AI/images_OBJ028/OBJ028_067.jpg,OBJ028,False,67,OBJ028,test
IE7615 Deep Learning for AI/images_OBJ028/OBJ028_068.jpg,OBJ028,False,68,OBJ028,test
IE7615 Deep Learning for AI/images_OBJ028/OBJ028_069.jpg,OBJ028,False,69,OBJ028,test
IE7615 Deep Learning for AI/images_OBJ028/OBJ028_070.jpg,OBJ028,False,70,OBJ028,test
IE7615 Deep Learning for AI/images_OBJ028/OBJ028_071.jpg,OBJ028,False,71,OBJ028,val
IE7615 Deep Learning for AI/images_OBJ028/OBJ028_072.jpg,OBJ028,False,72,OBJ028,val
IE7615 Deep Learning for AI/images_OBJ028/OBJ028_073.jpg,OBJ028,False,73,OBJ028,val
IE7615 Deep Learning for AI/images_OBJ028/OBJ028_074.jpg,OBJ028,False,74,OBJ028,val
IE7615 Deep Learning for AI/images_OBJ028/OBJ028_075.jpg,OBJ028,False,75,OBJ028,val
IE7615 Deep Learning for AI/images_OBJ028/OBJ028_076.jpg,OBJ028,False,76,OBJ028,train
IE7615 Deep Learning for AI/images_OBJ028/OBJ028_077.jpg,OBJ028,False,77,OBJ028,train
IE7615 Deep Learning for AI/images_OBJ028/OBJ028_078.jpg,OBJ028,False,78,OBJ028,train
IE7615 Deep Learning for AI/images_OBJ028/OBJ028_079.jpg,OBJ028,False,79,OBJ028,train
IE7615 Deep Learning for AI/images_OBJ028/OBJ028_080.jpg,OBJ028,False,80,OBJ028,train
IE7615 Deep Learning for AI/images_OBJ028/OBJ028_081.jpg,OBJ028,False,81,OBJ028,train
IE7615 Deep Learning for AI/images_OBJ028/OBJ028_082.jpg,OBJ028,False,82,OBJ028,train
IE7615 Deep Learning for AI/images_OBJ028/OBJ028_083.jpg,OBJ028,False,83,OBJ028,train
IE7615 Deep Learning for AI/images_OBJ028/OBJ028_084.jpg,OBJ028,False,84,OBJ028,train
IE7615 Deep Learning for AI/images_OBJ028/OBJ028_085.jpg,OBJ028,False,85,OBJ028,train
IE7615 Deep Learning for AI/images_OBJ028/OBJ028_086.jpg,OBJ028,False,86,OBJ028,train
IE7615 Deep Learning for AI/images_OBJ028/OBJ028_087.jpg,OBJ028,False,87,OBJ028,train
IE7615 Deep Learning for AI/images_OBJ028/OBJ028_088.jpg,OBJ028,False,88,OBJ028,train
IE7615 Deep Learning for AI/images_OBJ028/OBJ028_089.jpg,OBJ028,False,89,OBJ028,train
IE7615 Deep Learning for AI/images_OBJ028/OBJ028_090.jpg,OBJ028,False,90,OBJ028,train
IE7615 Deep Learning for AI/images_OBJ028/OBJ028_091.jpg,OBJ028,False,91,OBJ028,val
IE7615 Deep Learning for AI/images_OBJ028/OBJ028_092.jpg,OBJ028,False,92,OBJ028,val
IE7615 Deep Learning for AI/images_OBJ028/OBJ028_093.jpg,OBJ028,False,93,OBJ028,val
IE7615 Deep Learning for AI/images_OBJ028/OBJ028_094.jpg,OBJ028,False,94,OBJ028,val
IE7615 Deep Learning for AI/images_OBJ028/OBJ028_095.jpg,OBJ028,False,95,OBJ028,val
IE7615 Deep Learning for AI/images_OBJ028/OBJ028_bg_001.jpg,OBJ028,True,1,no_object,train
IE7615 Deep Learning for AI/images_OBJ028/OBJ028_bg_002.jpg,OBJ028,True,2,no_object,train
IE7615 Deep Learning for AI/images_OBJ028/OBJ028_bg_003.jpg,OBJ028,True,3,no_object,train
IE7615 Deep Learning for AI/images_OBJ028/OBJ028_bg_004.jpg,OBJ028,True,4,no_object,train
IE7615 Deep Learning for AI/images_OBJ028/OBJ028_bg_005.jpg,OBJ028,True,5,no_object,train
IE7615 Deep Learning for AI/images_OBJ029/OBJ029_001.jpg,OBJ029,False,1,OBJ029,train
IE7615 Deep Learning for AI/images_OBJ029/OBJ029_002.jpg,OBJ029,False,2,OBJ029,train
IE7615 Deep Learning for AI/images_OBJ029/OBJ029_003.jpg,OBJ029,False,3,OBJ029,train
IE7615 Deep Learning for AI/images_OBJ029/OBJ029_004.jpg,OBJ029,False,4,OBJ029,train
IE7615 Deep Learning for AI/images_OBJ029/OBJ029_005.jpg,OBJ029,False,5,OBJ029,train
IE7615 Deep Learning for AI/images_OBJ029/OBJ029_006.jpg,OBJ029,False,6,OBJ029,train
IE7615 Deep Learning for AI/images_OBJ029/OBJ029_007.jpg,OBJ029,False,7,OBJ029,train
IE7615 Deep Learning for AI/images_OBJ029/OBJ029_008.jpg,OBJ029,False,8,OBJ029,train
IE7615 Deep Learning for AI/images_OBJ029/OBJ029_009.jpg,OBJ029,False,9,OBJ029,train
IE7615 Deep Learning for AI/images_OBJ029/OBJ029_010.jpg,OBJ029,False,10,OBJ029,train
IE7615 Deep Learning for AI/images_OBJ029/OBJ029_011.jpg,OBJ029,False,11,OBJ029,train
IE7615 Deep Learning for AI/images_OBJ029/OBJ029_012.jpg,OBJ029,False,12,OBJ029,train
IE7615 Deep Learning for AI/images_OBJ029/OBJ029_013.jpg,OBJ029,False,13,OBJ029,train
IE7615 Deep Learning for AI/images_OBJ029/OBJ029_014.jpg,OBJ029,False,14,OBJ029,train
IE7615 Deep Learning for AI/images_OBJ029/OBJ029_015.jpg,OBJ029,False,15,OBJ029,train
IE7615 Deep Learning for AI/images_OBJ029/OBJ029_016.jpg,OBJ029,False,16,OBJ029,train
IE7615 Deep Learning for AI/images_OBJ029/OBJ029_017.jpg,OBJ029,False,17,OBJ029,train
IE7615 Deep Learning for AI/images_OBJ029/OBJ029_018.jpg,OBJ029,False,18,OBJ029,train
IE7615 Deep Learning for AI/images_OBJ029/OBJ029_019.jpg,OBJ029,False,19,OBJ029,train
IE7615 Deep Learning for AI/images_OBJ029/OBJ029_020.jpg,OBJ029,False,20,OBJ029,train
IE7615 Deep Learning for AI/images_OBJ029/OBJ029_021.jpg,OBJ029,False,21,OBJ029,train
IE7615 Deep Learning for AI/images_OBJ029/OBJ029_022.jpg,OBJ029,False,22,OBJ029,train
IE7615 Deep Learning for AI/images_OBJ029/OBJ029_023.jpg,OBJ029,False,23,OBJ029,train
IE7615 Deep Learning for AI/images_OBJ029/OBJ029_024.jpg,OBJ029,False,24,OBJ029,train
IE7615 Deep Learning for AI/images_OBJ029/OBJ029_025.jpg,OBJ029,False,25,OBJ029,train
IE7615 Deep Learning for AI/images_OBJ029/OBJ029_026.jpg,OBJ029,False,26,OBJ029,val
IE7615 Deep Learning for AI/images_OBJ029/OBJ029_027.jpg,OBJ029,False,27,OBJ029,val
IE7615 Deep Learning for AI/images_OBJ029/OBJ029_028.jpg,OBJ029,False,28,OBJ029,val
IE7615 Deep Learning for AI/images_OBJ029/OBJ029_029.jpg,OBJ029,False,29,OBJ029,val
IE7615 Deep Learning for AI/images_OBJ029/OBJ029_030.jpg,OBJ029,False,30,OBJ029,val
IE7615 Deep Learning for AI/images_OBJ029/OBJ029_031.jpg,OBJ029,False,31,OBJ029,train
IE7615 Deep Learning for AI/images_OBJ029/OBJ029_032.jpg,OBJ029,False,32,OBJ029,train
IE7615 Deep Learning for AI/images_OBJ029/OBJ029_033.jpg,OBJ029,False,33,OBJ029,train
IE7615 Deep Learning for AI/images_OBJ029/OBJ029_034.jpg,OBJ029,False,34,OBJ029,train
IE7615 Deep Learning for AI/images_OBJ029/OBJ029_035.jpg,OBJ029,False,35,OBJ029,train
IE7615 Deep Learning for AI/images_OBJ029/OBJ029_036.jpg,OBJ029,False,36,OBJ029,train
IE7615 Deep Learning for AI/images_OBJ029/OBJ029_037.jpg,OBJ029,False,37,OBJ029,train
IE7615 Deep Learning for AI/images_OBJ029/OBJ029_038.jpg,OBJ029,False,38,OBJ029,train
IE7615 Deep Learning for AI/images_OBJ029/OBJ029_039.jpg,OBJ029,False,39,OBJ029,train
IE7615 Deep Learning for AI/images_OBJ029/OBJ029_040.jpg,OBJ029,False,40,OBJ029,train
IE7615 Deep Learning for AI/images_OBJ029/OBJ029_041.jpg,OBJ029,False,41,OBJ029,test
IE7615 Deep Learning for AI/images_OBJ029/OBJ029_042.jpg,OBJ029,False,42,OBJ029,test
IE7615 Deep Learning for AI/images_OBJ029/OBJ029_043.jpg,OBJ029,False,43,OBJ029,test
IE7615 Deep Learning for AI/images_OBJ029/OBJ029_044.jpg,OBJ029,False,44,OBJ029,test
IE7615 Deep Learning for AI/images_OBJ029/OBJ029_045.jpg,OBJ029,False,45,OBJ029,test
IE7615 Deep Learning for AI/images_OBJ029/OBJ029_046.jpg,OBJ029,False,46,OBJ029,val
IE7615 Deep Learning for AI/images_OBJ029/OBJ029_047.jpg,OBJ029,False,47,OBJ029,val
IE7615 Deep Learning for AI/images_OBJ029/OBJ029_048.jpg,OBJ029,False,48,OBJ029,val
IE7615 Deep Learning for AI/images_OBJ029/OBJ029_049.jpg,OBJ029,False,49,OBJ029,val
IE7615 Deep Learning for AI/images_OBJ029/OBJ029_050.jpg,OBJ029,False,50,OBJ029,val
IE7615 Deep Learning for AI/images_OBJ029/OBJ029_051.jpg,OBJ029,False,51,OBJ029,val
IE7615 Deep Learning for AI/images_OBJ029/OBJ029_052.jpg,OBJ029,False,52,OBJ029,val
IE7615 Deep Learning for AI/images_OBJ029/OBJ029_053.jpg,OBJ029,False,53,OBJ029,val
IE7615 Deep Learning for AI/images_OBJ029/OBJ029_054.jpg,OBJ029,False,54,OBJ029,val
IE7615 Deep Learning for AI/images_OBJ029/OBJ029_055.jpg,OBJ029,False,55,OBJ029,val
IE7615 Deep Learning for AI/images_OBJ029/OBJ029_056.jpg,OBJ029,False,56,OBJ029,train
IE7615 Deep Learning for AI/images_OBJ029/OBJ029_057.jpg,OBJ029,False,57,OBJ029,train
IE7615 Deep Learning for AI/images_OBJ029/OBJ029_058.jpg,OBJ029,False,58,OBJ029,train
IE7615 Deep Learning for AI/images_OBJ029/OBJ029_059.jpg,OBJ029,False,59,OBJ029,train
IE7615 Deep Learning for AI/images_OBJ029/OBJ029_060.jpg,OBJ029,False,60,OBJ029,train
IE7615 Deep Learning for AI/images_OBJ029/OBJ029_061.jpg,OBJ029,False,61,OBJ029,test
IE7615 Deep Learning for AI/images_OBJ029/OBJ029_062.jpg,OBJ029,False,62,OBJ029,test
IE7615 Deep Learning for AI/images_OBJ029/OBJ029_063.jpg,OBJ029,False,63,OBJ029,test
IE7615 Deep Learning for AI/images_OBJ029/OBJ029_064.jpg,OBJ029,False,64,OBJ029,test
IE7615 Deep Learning for AI/images_OBJ029/OBJ029_065.jpg,OBJ029,False,65,OBJ029,test
IE7615 Deep Learning for AI/images_OBJ029/OBJ029_066.jpg,OBJ029,False,66,OBJ029,train
IE7615 Deep Learning for AI/images_OBJ029/OBJ029_067.jpg,OBJ029,False,67,OBJ029,train
IE7615 Deep Learning for AI/images_OBJ029/OBJ029_068.jpg,OBJ029,False,68,OBJ029,train
IE7615 Deep Learning for AI/images_OBJ029/OBJ029_069.jpg,OBJ029,False,69,OBJ029,train
IE7615 Deep Learning for AI/images_OBJ029/OBJ029_070.jpg,OBJ029,False,70,OBJ029,train
IE7615 Deep Learning for AI/images_OBJ029/OBJ029_071.jpg,OBJ029,False,71,OBJ029,train
IE7615 Deep Learning for AI/images_OBJ029/OBJ029_072.jpg,OBJ029,False,72,OBJ029,train
IE7615 Deep Learning for AI/images_OBJ029/OBJ029_073.jpg,OBJ029,False,73,OBJ029,train
IE7615 Deep Learning for AI/images_OBJ029/OBJ029_074.jpg,OBJ029,False,74,OBJ029,train
IE7615 Deep Learning for AI/images_OBJ029/OBJ029_075.jpg,OBJ029,False,75,OBJ029,train
IE7615 Deep Learning for AI/images_OBJ029/OBJ029_076.jpg,OBJ029,False,76,OBJ029,test
IE7615 Deep Learning for AI/images_OBJ029/OBJ029_077.jpg,OBJ029,False,77,OBJ029,test
IE7615 Deep Learning for AI/images_OBJ029/OBJ029_078.jpg,OBJ029,False,78,OBJ029,test
IE7615 Deep Learning for AI/images_OBJ029/OBJ029_079.jpg,OBJ029,False,79,OBJ029,test
IE7615 Deep Learning for AI/images_OBJ029/OBJ029_080.jpg,OBJ029,False,80,OBJ029,test
IE7615 Deep Learning for AI/images_OBJ029/OBJ029_081.jpg,OBJ029,False,81,OBJ029,train
IE7615 Deep Learning for AI/images_OBJ029/OBJ029_082.jpg,OBJ029,False,82,OBJ029,train
IE7615 Deep Learning for AI/images_OBJ029/OBJ029_083.jpg,OBJ029,False,83,OBJ029,train
IE7615 Deep Learning for AI/images_OBJ029/OBJ029_084.jpg,OBJ029,False,84,OBJ029,train
IE7615 Deep Learning for AI/images_OBJ029/OBJ029_085.jpg,OBJ029,False,85,OBJ029,train
IE7615 Deep Learning for AI/images_OBJ029/OBJ029_086.jpg,OBJ029,False,86,OBJ029,train
IE7615 Deep Learning for AI/images_OBJ029/OBJ029_087.jpg,OBJ029,False,87,OBJ029,train
IE7615 Deep Learning for AI/images_OBJ029/OBJ029_088.jpg,OBJ029,False,88,OBJ029,train
IE7615 Deep Learning for AI/images_OBJ029/OBJ029_089.jpg,OBJ029,False,89,OBJ029,train
IE7615 Deep Learning for AI/images_OBJ029/OBJ029_090.jpg,OBJ029,False,90,OBJ029,train
IE7615 Deep Learning for AI/images_OBJ029/OBJ029_091.jpg,OBJ029,False,91,OBJ029,train
IE7615 Deep Learning for AI/images_OBJ029/OBJ029_092.jpg,OBJ029,False,92,OBJ029,train
IE7615 Deep Learning for AI/images_OBJ029/OBJ029_093.jpg,OBJ029,False,93,OBJ029,train
IE7615 Deep Learning for AI/images_OBJ029/OBJ029_094.jpg,OBJ029,False,94,OBJ029,train
IE7615 Deep Learning for AI/images_OBJ029/OBJ029_095.jpg,OBJ029,False,95,OBJ029,train
IE7615 Deep Learning for AI/images_OBJ029/OBJ029_bg_001.jpg,OBJ029,True,1,no_object,train
IE7615 Deep Learning for AI/images_OBJ029/OBJ029_bg_002.jpg,OBJ029,True,2,no_object,train
IE7615 Deep Learning for AI/images_OBJ029/OBJ029_bg_003.jpg,OBJ029,True,3,no_object,train
IE7615 Deep Learning for AI/images_OBJ029/OBJ029_bg_004.jpg,OBJ029,True,4,no_object,train
IE7615 Deep Learning for AI/images_OBJ029/OBJ029_bg_005.jpg,OBJ029,True,5,no_object,train
IE7615 Deep Learning for AI/images_OBJ030/OBJ030_001.jpg,OBJ030,False,1,OBJ030,test
IE7615 Deep Learning for AI/images_OBJ030/OBJ030_002.jpg,OBJ030,False,2,OBJ030,test
IE7615 Deep Learning for AI/images_OBJ030/OBJ030_003.jpg,OBJ030,False,3,OBJ030,test
IE7615 Deep Learning for AI/images_OBJ030/OBJ030_004.jpg,OBJ030,False,4,OBJ030,test
IE7615 Deep Learning for AI/images_OBJ030/OBJ030_005.jpg,OBJ030,False,5,OBJ030,test
IE7615 Deep Learning for AI/images_OBJ030/OBJ030_006.jpg,OBJ030,False,6,OBJ030,train
IE7615 Deep Learning for AI/images_OBJ030/OBJ030_007.jpg,OBJ030,False,7,OBJ030,train
IE7615 Deep Learning for AI/images_OBJ030/OBJ030_008.jpg,OBJ030,False,8,OBJ030,train
IE7615 Deep Learning for AI/images_OBJ030/OBJ030_009.jpg,OBJ030,False,9,OBJ030,train
IE7615 Deep Learning for AI/images_OBJ030/OBJ030_010.jpg,OBJ030,False,10,OBJ030,train
IE7615 Deep Learning for AI/images_OBJ030/OBJ030_011.jpg,OBJ030,False,11,OBJ030,train
IE7615 Deep Learning for AI/images_OBJ030/OBJ030_012.jpg,OBJ030,False,12,OBJ030,train
IE7615 Deep Learning for AI/images_OBJ030/OBJ030_013.jpg,OBJ030,False,13,OBJ030,train
IE7615 Deep Learning for AI/images_OBJ030/OBJ030_014.jpg,OBJ030,False,14,OBJ030,train
IE7615 Deep Learning for AI/images_OBJ030/OBJ030_015.jpg,OBJ030,False,15,OBJ030,train
IE7615 Deep Learning for AI/images_OBJ030/OBJ030_016.jpg,OBJ030,False,16,OBJ030,train
IE7615 Deep Learning for AI/images_OBJ030/OBJ030_017.jpg,OBJ030,False,17,OBJ030,train
IE7615 Deep Learning for AI/images_OBJ030/OBJ030_018.jpg,OBJ030,False,18,OBJ030,train
IE7615 Deep Learning for AI/images_OBJ030/OBJ030_019.jpg,OBJ030,False,19,OBJ030,train
IE7615 Deep Learning for AI/images_OBJ030/OBJ030_020.jpg,OBJ030,False,20,OBJ030,train
IE7615 Deep Learning for AI/images_OBJ030/OBJ030_021.jpg,OBJ030,False,21,OBJ030,train
IE7615 Deep Learning for AI/images_OBJ030/OBJ030_022.jpg,OBJ030,False,22,OBJ030,train
IE7615 Deep Learning for AI/images_OBJ030/OBJ030_023.jpg,OBJ030,False,23,OBJ030,train
IE7615 Deep Learning for AI/images_OBJ030/OBJ030_024.jpg,OBJ030,False,24,OBJ030,train
IE7615 Deep Learning for AI/images_OBJ030/OBJ030_025.jpg,OBJ030,False,25,OBJ030,train
IE7615 Deep Learning for AI/images_OBJ030/OBJ030_026.jpg,OBJ030,False,26,OBJ030,test
IE7615 Deep Learning for AI/images_OBJ030/OBJ030_027.jpg,OBJ030,False,27,OBJ030,test
IE7615 Deep Learning for AI/images_OBJ030/OBJ030_028.jpg,OBJ030,False,28,OBJ030,test
IE7615 Deep Learning for AI/images_OBJ030/OBJ030_029.jpg,OBJ030,False,29,OBJ030,test
IE7615 Deep Learning for AI/images_OBJ030/OBJ030_030.jpg,OBJ030,False,30,OBJ030,test
IE7615 Deep Learning for AI/images_OBJ030/OBJ030_031.jpg,OBJ030,False,31,OBJ030,val
IE7615 Deep Learning for AI/images_OBJ030/OBJ030_032.jpg,OBJ030,False,32,OBJ030,val
IE7615 Deep Learning for AI/images_OBJ030/OBJ030_033.jpg,OBJ030,False,33,OBJ030,val
IE7615 Deep Learning for AI/images_OBJ030/OBJ030_034.jpg,OBJ030,False,34,OBJ030,val
IE7615 Deep Learning for AI/images_OBJ030/OBJ030_035.jpg,OBJ030,False,35,OBJ030,val
IE7615 Deep Learning for AI/images_OBJ030/OBJ030_036.jpg,OBJ030,False,36,OBJ030,train
IE7615 Deep Learning for AI/images_OBJ030/OBJ030_037.jpg,OBJ030,False,37,OBJ030,train
IE7615 Deep Learning for AI/images_OBJ030/OBJ030_038.jpg,OBJ030,False,38,OBJ030,train
IE7615 Deep Learning for AI/images_OBJ030/OBJ030_039.jpg,OBJ030,False,39,OBJ030,train
IE7615 Deep Learning for AI/images_OBJ030/OBJ030_040.jpg,OBJ030,False,40,OBJ030,train
IE7615 Deep Learning for AI/images_OBJ030/OBJ030_041.jpg,OBJ030,False,41,OBJ030,train
IE7615 Deep Learning for AI/images_OBJ030/OBJ030_042.jpg,OBJ030,False,42,OBJ030,train
IE7615 Deep Learning for AI/images_OBJ030/OBJ030_043.jpg,OBJ030,False,43,OBJ030,train
IE7615 Deep Learning for AI/images_OBJ030/OBJ030_044.jpg,OBJ030,False,44,OBJ030,train
IE7615 Deep Learning for AI/images_OBJ030/OBJ030_045.jpg,OBJ030,False,45,OBJ030,train
IE7615 Deep Learning for AI/images_OBJ030/OBJ030_046.jpg,OBJ030,False,46,OBJ030,train
IE7615 Deep Learning for AI/images_OBJ030/OBJ030_047.jpg,OBJ030,False,47,OBJ030,train
IE7615 Deep Learning for AI/images_OBJ030/OBJ030_048.jpg,OBJ030,False,48,OBJ030,train
IE7615 Deep Learning for AI/images_OBJ030/OBJ030_049.jpg,OBJ030,False,49,OBJ030,train
IE7615 Deep Learning for AI/images_OBJ030/OBJ030_050.jpg,OBJ030,False,50,OBJ030,train
IE7615 Deep Learning for AI/images_OBJ030/OBJ030_051.jpg,OBJ030,False,51,OBJ030,train
IE7615 Deep Learning for AI/images_OBJ030/OBJ030_052.jpg,OBJ030,False,52,OBJ030,train
IE7615 Deep Learning for AI/images_OBJ030/OBJ030_053.jpg,OBJ030,False,53,OBJ030,train
IE7615 Deep Learning for AI/images_OBJ030/OBJ030_054.jpg,OBJ030,False,54,OBJ030,train
IE7615 Deep Learning for AI/images_OBJ030/OBJ030_055.jpg,OBJ030,False,55,OBJ030,train
IE7615 Deep Learning for AI/images_OBJ030/OBJ030_056.jpg,OBJ030,False,56,OBJ030,train
IE7615 Deep Learning for AI/images_OBJ030/OBJ030_057.jpg,OBJ030,False,57,OBJ030,train
IE7615 Deep Learning for AI/images_OBJ030/OBJ030_058.jpg,OBJ030,False,58,OBJ030,train
IE7615 Deep Learning for AI/images_OBJ030/OBJ030_059.jpg,OBJ030,False,59,OBJ030,train
IE7615 Deep Learning for AI/images_OBJ030/OBJ030_060.jpg,OBJ030,False,60,OBJ030,train
IE7615 Deep Learning for AI/images_OBJ030/OBJ030_061.jpg,OBJ030,False,61,OBJ030,train
IE7615 Deep Learning for AI/images_OBJ030/OBJ030_062.jpg,OBJ030,False,62,OBJ030,train
IE7615 Deep Learning for AI/images_OBJ030/OBJ030_063.jpg,OBJ030,False,63,OBJ030,train
IE7615 Deep Learning for AI/images_OBJ030/OBJ030_064.jpg,OBJ030,False,64,OBJ030,train
IE7615 Deep Learning for AI/images_OBJ030/OBJ030_065.jpg,OBJ030,False,65,OBJ030,train
IE7615 Deep Learning for AI/images_OBJ030/OBJ030_066.jpg,OBJ030,False,66,OBJ030,val
IE7615 Deep Learning for AI/images_OBJ030/OBJ030_067.jpg,OBJ030,False,67,OBJ030,val
IE7615 Deep Learning for AI/images_OBJ030/OBJ030_068.jpg,OBJ030,False,68,OBJ030,val
IE7615 Deep Learning for AI/images_OBJ030/OBJ030_069.jpg,OBJ030,False,69,OBJ030,val
IE7615 Deep Learning for AI/images_OBJ030/OBJ030_070.jpg,OBJ030,False,70,OBJ030,val
IE7615 Deep Learning for AI/images_OBJ030/OBJ030_071.jpg,OBJ030,False,71,OBJ030,train
IE7615 Deep Learning for AI/images_OBJ030/OBJ030_072.jpg,OBJ030,False,72,OBJ030,train
IE7615 Deep Learning for AI/images_OBJ030/OBJ030_073.jpg,OBJ030,False,73,OBJ030,train
IE7615 Deep Learning for AI/images_OBJ030/OBJ030_074.jpg,OBJ030,False,74,OBJ030,train
IE7615 Deep Learning for AI/images_OBJ030/OBJ030_075.jpg,OBJ030,False,75,OBJ030,train
IE7615 Deep Learning for AI/images_OBJ030/OBJ030_076.jpg,OBJ030,False,76,OBJ030,train
IE7615 Deep Learning for AI/images_OBJ030/OBJ030_077.jpg,OBJ030,False,77,OBJ030,train
IE7615 Deep Learning for AI/images_OBJ030/OBJ030_078.jpg,OBJ030,False,78,OBJ030,train
IE7615 Deep Learning for AI/images_OBJ030/OBJ030_079.jpg,OBJ030,False,79,OBJ030,train
IE7615 Deep Learning for AI/images_OBJ030/OBJ030_080.jpg,OBJ030,False,80,OBJ030,train
IE7615 Deep Learning for AI/images_OBJ030/OBJ030_081.jpg,OBJ030,False,81,OBJ030,val
IE7615 Deep Learning for AI/images_OBJ030/OBJ030_082.jpg,OBJ030,False,82,OBJ030,val
IE7615 Deep Learning for AI/images_OBJ030/OBJ030_083.jpg,OBJ030,False,83,OBJ030,val
IE7615 Deep Learning for AI/images_OBJ030/OBJ030_084.jpg,OBJ030,False,84,OBJ030,val
IE7615 Deep Learning for AI/images_OBJ030/OBJ030_085.jpg,OBJ030,False,85,OBJ030,val
IE7615 Deep Learning for AI/images_OBJ030/OBJ030_086.jpg,OBJ030,False,86,OBJ030,train
IE7615 Deep Learning for AI/images_OBJ030/OBJ030_087.jpg,OBJ030,False,87,OBJ030,train
IE7615 Deep Learning for AI/images_OBJ030/OBJ030_088.jpg,OBJ030,False,88,OBJ030,train
IE7615 Deep Learning for AI/images_OBJ030/OBJ030_089.jpg,OBJ030,False,89,OBJ030,train
IE7615 Deep Learning for AI/images_OBJ030/OBJ030_090.jpg,OBJ030,False,90,OBJ030,train
IE7615 Deep Learning for AI/images_OBJ030/OBJ030_091.jpg,OBJ030,False,91,OBJ030,test
IE7615 Deep Learning for AI/images_OBJ030/OBJ030_092.jpg,OBJ030,False,92,OBJ030,test
IE7615 Deep Learning for AI/images_OBJ030/OBJ030_093.jpg,OBJ030,False,93,OBJ030,test
IE7615 Deep Learning for AI/images_OBJ030/OBJ030_094.jpg,OBJ030,False,94,OBJ030,test
IE7615 Deep Learning for AI/images_OBJ030/OBJ030_095.jpg,OBJ030,False,95,OBJ030,test
IE7615 Deep Learning for AI/images_OBJ030/OBJ030_bg_001.jpg,OBJ030,True,1,no_object,train
IE7615 Deep Learning for AI/images_OBJ030/OBJ030_bg_002.jpg,OBJ030,True,2,no_object,train
IE7615 Deep Learning for AI/images_OBJ030/OBJ030_bg_003.jpg,OBJ030,True,3,no_object,train
IE7615 Deep Learning for AI/images_OBJ030/OBJ030_bg_004.jpg,OBJ030,True,4,no_object,train
IE7615 Deep Learning for AI/images_OBJ030/OBJ030_bg_005.jpg,OBJ030,True,5,no_object,train
IE7615 Deep Learning for AI/images_OBJ031/OBJ031_001.jpg,OBJ031,False,1,OBJ031,train
IE7615 Deep Learning for AI/images_OBJ031/OBJ031_002.jpg,OBJ031,False,2,OBJ031,train
IE7615 Deep Learning for AI/images_OBJ031/OBJ031_003.jpg,OBJ031,False,3,OBJ031,train
IE7615 Deep Learning for AI/images_OBJ031/OBJ031_004.jpg,OBJ031,False,4,OBJ031,train
IE7615 Deep Learning for AI/images_OBJ031/OBJ031_005.jpg,OBJ031,False,5,OBJ031,train
IE7615 Deep Learning for AI/images_OBJ031/OBJ031_006.jpg,OBJ031,False,6,OBJ031,test
IE7615 Deep Learning for AI/images_OBJ031/OBJ031_007.jpg,OBJ031,False,7,OBJ031,test
IE7615 Deep Learning for AI/images_OBJ031/OBJ031_008.jpg,OBJ031,False,8,OBJ031,test
IE7615 Deep Learning for AI/images_OBJ031/OBJ031_009.jpg,OBJ031,False,9,OBJ031,test
IE7615 Deep Learning for AI/images_OBJ031/OBJ031_010.jpg,OBJ031,False,10,OBJ031,test
IE7615 Deep Learning for AI/images_OBJ031/OBJ031_011.jpg,OBJ031,False,11,OBJ031,val
IE7615 Deep Learning for AI/images_OBJ031/OBJ031_012.jpg,OBJ031,False,12,OBJ031,val
IE7615 Deep Learning for AI/images_OBJ031/OBJ031_013.jpg,OBJ031,False,13,OBJ031,val
IE7615 Deep Learning for AI/images_OBJ031/OBJ031_014.jpg,OBJ031,False,14,OBJ031,val
IE7615 Deep Learning for AI/images_OBJ031/OBJ031_015.jpg,OBJ031,False,15,OBJ031,val
IE7615 Deep Learning for AI/images_OBJ031/OBJ031_016.jpg,OBJ031,False,16,OBJ031,train
IE7615 Deep Learning for AI/images_OBJ031/OBJ031_017.jpg,OBJ031,False,17,OBJ031,train
IE7615 Deep Learning for AI/images_OBJ031/OBJ031_018.jpg,OBJ031,False,18,OBJ031,train
IE7615 Deep Learning for AI/images_OBJ031/OBJ031_019.jpg,OBJ031,False,19,OBJ031,train
IE7615 Deep Learning for AI/images_OBJ031/OBJ031_020.jpg,OBJ031,False,20,OBJ031,train
IE7615 Deep Learning for AI/images_OBJ031/OBJ031_021.jpg,OBJ031,False,21,OBJ031,val
IE7615 Deep Learning for AI/images_OBJ031/OBJ031_022.jpg,OBJ031,False,22,OBJ031,val
IE7615 Deep Learning for AI/images_OBJ031/OBJ031_023.jpg,OBJ031,False,23,OBJ031,val
IE7615 Deep Learning for AI/images_OBJ031/OBJ031_024.jpg,OBJ031,False,24,OBJ031,val
IE7615 Deep Learning for AI/images_OBJ031/OBJ031_025.jpg,OBJ031,False,25,OBJ031,val
IE7615 Deep Learning for AI/images_OBJ031/OBJ031_026.jpg,OBJ031,False,26,OBJ031,train
IE7615 Deep Learning for AI/images_OBJ031/OBJ031_027.jpg,OBJ031,False,27,OBJ031,train
IE7615 Deep Learning for AI/images_OBJ031/OBJ031_028.jpg,OBJ031,False,28,OBJ031,train
IE7615 Deep Learning for AI/images_OBJ031/OBJ031_029.jpg,OBJ031,False,29,OBJ031,train
IE7615 Deep Learning for AI/images_OBJ031/OBJ031_030.jpg,OBJ031,False,30,OBJ031,train
IE7615 Deep Learning for AI/images_OBJ031/OBJ031_031.jpg,OBJ031,False,31,OBJ031,train
IE7615 Deep Learning for AI/images_OBJ031/OBJ031_032.jpg,OBJ031,False,32,OBJ031,train
IE7615 Deep Learning for AI/images_OBJ031/OBJ031_033.jpg,OBJ031,False,33,OBJ031,train
IE7615 Deep Learning for AI/images_OBJ031/OBJ031_034.jpg,OBJ031,False,34,OBJ031,train
IE7615 Deep Learning for AI/images_OBJ031/OBJ031_035.jpg,OBJ031,False,35,OBJ031,train
IE7615 Deep Learning for AI/images_OBJ031/OBJ031_036.jpg,OBJ031,False,36,OBJ031,train
IE7615 Deep Learning for AI/images_OBJ031/OBJ031_037.jpg,OBJ031,False,37,OBJ031,train
IE7615 Deep Learning for AI/images_OBJ031/OBJ031_038.jpg,OBJ031,False,38,OBJ031,train
IE7615 Deep Learning for AI/images_OBJ031/OBJ031_039.jpg,OBJ031,False,39,OBJ031,train
IE7615 Deep Learning for AI/images_OBJ031/OBJ031_040.jpg,OBJ031,False,40,OBJ031,train
IE7615 Deep Learning for AI/images_OBJ031/OBJ031_041.jpg,OBJ031,False,41,OBJ031,train
IE7615 Deep Learning for AI/images_OBJ031/OBJ031_042.jpg,OBJ031,False,42,OBJ031,train
IE7615 Deep Learning for AI/images_OBJ031/OBJ031_043.jpg,OBJ031,False,43,OBJ031,train
IE7615 Deep Learning for AI/images_OBJ031/OBJ031_044.jpg,OBJ031,False,44,OBJ031,train
IE7615 Deep Learning for AI/images_OBJ031/OBJ031_045.jpg,OBJ031,False,45,OBJ031,train
IE7615 Deep Learning for AI/images_OBJ031/OBJ031_046.jpg,OBJ031,False,46,OBJ031,train
IE7615 Deep Learning for AI/images_OBJ031/OBJ031_047.jpg,OBJ031,False,47,OBJ031,train
IE7615 Deep Learning for AI/images_OBJ031/OBJ031_048.jpg,OBJ031,False,48,OBJ031,train
IE7615 Deep Learning for AI/images_OBJ031/OBJ031_049.jpg,OBJ031,False,49,OBJ031,train
IE7615 Deep Learning for AI/images_OBJ031/OBJ031_050.jpg,OBJ031,False,50,OBJ031,train
IE7615 Deep Learning for AI/images_OBJ031/OBJ031_051.jpg,OBJ031,False,51,OBJ031,train
IE7615 Deep Learning for AI/images_OBJ031/OBJ031_052.jpg,OBJ031,False,52,OBJ031,train
IE7615 Deep Learning for AI/images_OBJ031/OBJ031_053.jpg,OBJ031,False,53,OBJ031,train
IE7615 Deep Learning for AI/images_OBJ031/OBJ031_054.jpg,OBJ031,False,54,OBJ031,train
IE7615 Deep Learning for AI/images_OBJ031/OBJ031_055.jpg,OBJ031,False,55,OBJ031,train
IE7615 Deep Learning for AI/images_OBJ031/OBJ031_056.jpg,OBJ031,False,56,OBJ031,val
IE7615 Deep Learning for AI/images_OBJ031/OBJ031_057.jpg,OBJ031,False,57,OBJ031,val
IE7615 Deep Learning for AI/images_OBJ031/OBJ031_058.jpg,OBJ031,False,58,OBJ031,val
IE7615 Deep Learning for AI/images_OBJ031/OBJ031_059.jpg,OBJ031,False,59,OBJ031,val
IE7615 Deep Learning for AI/images_OBJ031/OBJ031_060.jpg,OBJ031,False,60,OBJ031,val
IE7615 Deep Learning for AI/images_OBJ031/OBJ031_061.jpg,OBJ031,False,61,OBJ031,train
IE7615 Deep Learning for AI/images_OBJ031/OBJ031_062.jpg,OBJ031,False,62,OBJ031,train
IE7615 Deep Learning for AI/images_OBJ031/OBJ031_063.jpg,OBJ031,False,63,OBJ031,train
IE7615 Deep Learning for AI/images_OBJ031/OBJ031_064.jpg,OBJ031,False,64,OBJ031,train
IE7615 Deep Learning for AI/images_OBJ031/OBJ031_065.jpg,OBJ031,False,65,OBJ031,train
IE7615 Deep Learning for AI/images_OBJ031/OBJ031_066.jpg,OBJ031,False,66,OBJ031,test
IE7615 Deep Learning for AI/images_OBJ031/OBJ031_067.jpg,OBJ031,False,67,OBJ031,test
IE7615 Deep Learning for AI/images_OBJ031/OBJ031_068.jpg,OBJ031,False,68,OBJ031,test
IE7615 Deep Learning for AI/images_OBJ031/OBJ031_069.jpg,OBJ031,False,69,OBJ031,test
IE7615 Deep Learning for AI/images_OBJ031/OBJ031_070.jpg,OBJ031,False,70,OBJ031,test
IE7615 Deep Learning for AI/images_OBJ031/OBJ031_071.jpg,OBJ031,False,71,OBJ031,train
IE7615 Deep Learning for AI/images_OBJ031/OBJ031_072.jpg,OBJ031,False,72,OBJ031,train
IE7615 Deep Learning for AI/images_OBJ031/OBJ031_073.jpg,OBJ031,False,73,OBJ031,train
IE7615 Deep Learning for AI/images_OBJ031/OBJ031_074.jpg,OBJ031,False,74,OBJ031,train
IE7615 Deep Learning for AI/images_OBJ031/OBJ031_075.jpg,OBJ031,False,75,OBJ031,train
IE7615 Deep Learning for AI/images_OBJ031/OBJ031_076.jpg,OBJ031,False,76,OBJ031,train
IE7615 Deep Learning for AI/images_OBJ031/OBJ031_077.jpg,OBJ031,False,77,OBJ031,train
IE7615 Deep Learning for AI/images_OBJ031/OBJ031_078.jpg,OBJ031,False,78,OBJ031,train
IE7615 Deep Learning for AI/images_OBJ031/OBJ031_079.jpg,OBJ031,False,79,OBJ031,train
IE7615 Deep Learning for AI/images_OBJ031/OBJ031_080.jpg,OBJ031,False,80,OBJ031,train
IE7615 Deep Learning for AI/images_OBJ031/OBJ031_081.jpg,OBJ031,False,81,OBJ031,test
IE7615 Deep Learning for AI/images_OBJ031/OBJ031_082.jpg,OBJ031,False,82,OBJ031,test
IE7615 Deep Learning for AI/images_OBJ031/OBJ031_083.jpg,OBJ031,False,83,OBJ031,test
IE7615 Deep Learning for AI/images_OBJ031/OBJ031_084.jpg,OBJ031,False,84,OBJ031,test
IE7615 Deep Learning for AI/images_OBJ031/OBJ031_085.jpg,OBJ031,False,85,OBJ031,test
IE7615 Deep Learning for AI/images_OBJ031/OBJ031_086.jpg,OBJ031,False,86,OBJ031,train
IE7615 Deep Learning for AI/images_OBJ031/OBJ031_087.jpg,OBJ031,False,87,OBJ031,train
IE7615 Deep Learning for AI/images_OBJ031/OBJ031_088.jpg,OBJ031,False,88,OBJ031,train
IE7615 Deep Learning for AI/images_OBJ031/OBJ031_089.jpg,OBJ031,False,89,OBJ031,train
IE7615 Deep Learning for AI/images_OBJ031/OBJ031_090.jpg,OBJ031,False,90,OBJ031,train
IE7615 Deep Learning for AI/images_OBJ031/OBJ031_091.jpg,OBJ031,False,91,OBJ031,train
IE7615 Deep Learning for AI/images_OBJ031/OBJ031_092.jpg,OBJ031,False,92,OBJ031,train
IE7615 Deep Learning for AI/images_OBJ031/OBJ031_093.jpg,OBJ031,False,93,OBJ031,train
IE7615 Deep Learning for AI/images_OBJ031/OBJ031_094.jpg,OBJ031,False,94,OBJ031,train
IE7615 Deep Learning for AI/images_OBJ031/OBJ031_095.jpg,OBJ031,False,95,OBJ031,train
IE7615 Deep Learning for AI/images_OBJ031/OBJ031_bg_001.jpg,OBJ031,True,1,no_object,val
IE7615 Deep Learning for AI/images_OBJ031/OBJ031_bg_002.jpg,OBJ031,True,2,no_object,val
IE7615 Deep Learning for AI/images_OBJ031/OBJ031_bg_003.jpg,OBJ031,True,3,no_object,val
IE7615 Deep Learning for AI/images_OBJ031/OBJ031_bg_004.jpg,OBJ031,True,4,no_object,val
IE7615 Deep Learning for AI/images_OBJ031/OBJ031_bg_005.jpg,OBJ031,True,5,no_object,val
IE7615 Deep Learning for AI/images_OBJ032/OBJ032_001.jpg,OBJ032,False,1,OBJ032,train
IE7615 Deep Learning for AI/images_OBJ032/OBJ032_002.jpg,OBJ032,False,2,OBJ032,train
IE7615 Deep Learning for AI/images_OBJ032/OBJ032_003.jpg,OBJ032,False,3,OBJ032,train
IE7615 Deep Learning for AI/images_OBJ032/OBJ032_004.jpg,OBJ032,False,4,OBJ032,train
IE7615 Deep Learning for AI/images_OBJ032/OBJ032_005.jpg,OBJ032,False,5,OBJ032,train
IE7615 Deep Learning for AI/images_OBJ032/OBJ032_006.jpg,OBJ032,False,6,OBJ032,train
IE7615 Deep Learning for AI/images_OBJ032/OBJ032_007.jpg,OBJ032,False,7,OBJ032,train
IE7615 Deep Learning for AI/images_OBJ032/OBJ032_008.jpg,OBJ032,False,8,OBJ032,train
IE7615 Deep Learning for AI/images_OBJ032/OBJ032_009.jpg,OBJ032,False,9,OBJ032,train
IE7615 Deep Learning for AI/images_OBJ032/OBJ032_010.jpg,OBJ032,False,10,OBJ032,train
IE7615 Deep Learning for AI/images_OBJ032/OBJ032_011.jpg,OBJ032,False,11,OBJ032,train
IE7615 Deep Learning for AI/images_OBJ032/OBJ032_012.jpg,OBJ032,False,12,OBJ032,train
IE7615 Deep Learning for AI/images_OBJ032/OBJ032_013.jpg,OBJ032,False,13,OBJ032,train
IE7615 Deep Learning for AI/images_OBJ032/OBJ032_014.jpg,OBJ032,False,14,OBJ032,train
IE7615 Deep Learning for AI/images_OBJ032/OBJ032_015.jpg,OBJ032,False,15,OBJ032,train
IE7615 Deep Learning for AI/images_OBJ032/OBJ032_016.jpg,OBJ032,False,16,OBJ032,val
IE7615 Deep Learning for AI/images_OBJ032/OBJ032_017.jpg,OBJ032,False,17,OBJ032,val
IE7615 Deep Learning for AI/images_OBJ032/OBJ032_018.jpg,OBJ032,False,18,OBJ032,val
IE7615 Deep Learning for AI/images_OBJ032/OBJ032_019.jpg,OBJ032,False,19,OBJ032,val
IE7615 Deep Learning for AI/images_OBJ032/OBJ032_020.jpg,OBJ032,False,20,OBJ032,val
IE7615 Deep Learning for AI/images_OBJ032/OBJ032_021.jpg,OBJ032,False,21,OBJ032,train
IE7615 Deep Learning for AI/images_OBJ032/OBJ032_022.jpg,OBJ032,False,22,OBJ032,train
IE7615 Deep Learning for AI/images_OBJ032/OBJ032_023.jpg,OBJ032,False,23,OBJ032,train
IE7615 Deep Learning for AI/images_OBJ032/OBJ032_024.jpg,OBJ032,False,24,OBJ032,train
IE7615 Deep Learning for AI/images_OBJ032/OBJ032_025.jpg,OBJ032,False,25,OBJ032,train
IE7615 Deep Learning for AI/images_OBJ032/OBJ032_026.jpg,OBJ032,False,26,OBJ032,train
IE7615 Deep Learning for AI/images_OBJ032/OBJ032_027.jpg,OBJ032,False,27,OBJ032,train
IE7615 Deep Learning for AI/images_OBJ032/OBJ032_028.jpg,OBJ032,False,28,OBJ032,train
IE7615 Deep Learning for AI/images_OBJ032/OBJ032_029.jpg,OBJ032,False,29,OBJ032,train
IE7615 Deep Learning for AI/images_OBJ032/OBJ032_030.jpg,OBJ032,False,30,OBJ032,train
IE7615 Deep Learning for AI/images_OBJ032/OBJ032_031.jpg,OBJ032,False,31,OBJ032,test
IE7615 Deep Learning for AI/images_OBJ032/OBJ032_032.jpg,OBJ032,False,32,OBJ032,test
IE7615 Deep Learning for AI/images_OBJ032/OBJ032_033.jpg,OBJ032,False,33,OBJ032,test
IE7615 Deep Learning for AI/images_OBJ032/OBJ032_034.jpg,OBJ032,False,34,OBJ032,test
IE7615 Deep Learning for AI/images_OBJ032/OBJ032_035.jpg,OBJ032,False,35,OBJ032,test
IE7615 Deep Learning for AI/images_OBJ032/OBJ032_036.jpg,OBJ032,False,36,OBJ032,train
IE7615 Deep Learning for AI/images_OBJ032/OBJ032_037.jpg,OBJ032,False,37,OBJ032,train
IE7615 Deep Learning for AI/images_OBJ032/OBJ032_038.jpg,OBJ032,False,38,OBJ032,train
IE7615 Deep Learning for AI/images_OBJ032/OBJ032_039.jpg,OBJ032,False,39,OBJ032,train
IE7615 Deep Learning for AI/images_OBJ032/OBJ032_040.jpg,OBJ032,False,40,OBJ032,train
IE7615 Deep Learning for AI/images_OBJ032/OBJ032_041.jpg,OBJ032,False,41,OBJ032,test
IE7615 Deep Learning for AI/images_OBJ032/OBJ032_042.jpg,OBJ032,False,42,OBJ032,test
IE7615 Deep Learning for AI/images_OBJ032/OBJ032_043.jpg,OBJ032,False,43,OBJ032,test
IE7615 Deep Learning for AI/images_OBJ032/OBJ032_044.jpg,OBJ032,False,44,OBJ032,test
IE7615 Deep Learning for AI/images_OBJ032/OBJ032_045.jpg,OBJ032,False,45,OBJ032,test
IE7615 Deep Learning for AI/images_OBJ032/OBJ032_046.jpg,OBJ032,False,46,OBJ032,train
IE7615 Deep Learning for AI/images_OBJ032/OBJ032_047.jpg,OBJ032,False,47,OBJ032,train
IE7615 Deep Learning for AI/images_OBJ032/OBJ032_048.jpg,OBJ032,False,48,OBJ032,train
IE7615 Deep Learning for AI/images_OBJ032/OBJ032_049.jpg,OBJ032,False,49,OBJ032,train
IE7615 Deep Learning for AI/images_OBJ032/OBJ032_050.jpg,OBJ032,False,50,OBJ032,train
IE7615 Deep Learning for AI/images_OBJ032/OBJ032_051.jpg,OBJ032,False,51,OBJ032,val
IE7615 Deep Learning for AI/images_OBJ032/OBJ032_052.jpg,OBJ032,False,52,OBJ032,val
IE7615 Deep Learning for AI/images_OBJ032/OBJ032_053.jpg,OBJ032,False,53,OBJ032,val
IE7615 Deep Learning for AI/images_OBJ032/OBJ032_054.jpg,OBJ032,False,54,OBJ032,val
IE7615 Deep Learning for AI/images_OBJ032/OBJ032_055.jpg,OBJ032,False,55,OBJ032,val
IE7615 Deep Learning for AI/images_OBJ032/OBJ032_056.jpg,OBJ032,False,56,OBJ032,val
IE7615 Deep Learning for AI/images_OBJ032/OBJ032_057.jpg,OBJ032,False,57,OBJ032,val
IE7615 Deep Learning for AI/images_OBJ032/OBJ032_058.jpg,OBJ032,False,58,OBJ032,val
IE7615 Deep Learning for AI/images_OBJ032/OBJ032_059.jpg,OBJ032,False,59,OBJ032,val
IE7615 Deep Learning for AI/images_OBJ032/OBJ032_060.jpg,OBJ032,False,60,OBJ032,val
IE7615 Deep Learning for AI/images_OBJ032/OBJ032_061.jpg,OBJ032,False,61,OBJ032,train
IE7615 Deep Learning for AI/images_OBJ032/OBJ032_062.jpg,OBJ032,False,62,OBJ032,train
IE7615 Deep Learning for AI/images_OBJ032/OBJ032_063.jpg,OBJ032,False,63,OBJ032,train
IE7615 Deep Learning for AI/images_OBJ032/OBJ032_064.jpg,OBJ032,False,64,OBJ032,train
IE7615 Deep Learning for AI/images_OBJ032/OBJ032_065.jpg,OBJ032,False,65,OBJ032,train
IE7615 Deep Learning for AI/images_OBJ032/OBJ032_066.jpg,OBJ032,False,66,OBJ032,train
IE7615 Deep Learning for AI/images_OBJ032/OBJ032_067.jpg,OBJ032,False,67,OBJ032,train
IE7615 Deep Learning for AI/images_OBJ032/OBJ032_068.jpg,OBJ032,False,68,OBJ032,train
IE7615 Deep Learning for AI/images_OBJ032/OBJ032_069.jpg,OBJ032,False,69,OBJ032,train
IE7615 Deep Learning for AI/images_OBJ032/OBJ032_070.jpg,OBJ032,False,70,OBJ032,train
IE7615 Deep Learning for AI/images_OBJ032/OBJ032_071.jpg,OBJ032,False,71,OBJ032,test
IE7615 Deep Learning for AI/images_OBJ032/OBJ032_072.jpg,OBJ032,False,72,OBJ032,test
IE7615 Deep Learning for AI/images_OBJ032/OBJ032_073.jpg,OBJ032,False,73,OBJ032,test
IE7615 Deep Learning for AI/images_OBJ032/OBJ032_074.jpg,OBJ032,False,74,OBJ032,test
IE7615 Deep Learning for AI/images_OBJ032/OBJ032_075.jpg,OBJ032,False,75,OBJ032,test
IE7615 Deep Learning for AI/images_OBJ032/OBJ032_076.jpg,OBJ032,False,76,OBJ032,train
IE7615 Deep Learning for AI/images_OBJ032/OBJ032_077.jpg,OBJ032,False,77,OBJ032,train
IE7615 Deep Learning for AI/images_OBJ032/OBJ032_078.jpg,OBJ032,False,78,OBJ032,train
IE7615 Deep Learning for AI/images_OBJ032/OBJ032_079.jpg,OBJ032,False,79,OBJ032,train
IE7615 Deep Learning for AI/images_OBJ032/OBJ032_080.jpg,OBJ032,False,80,OBJ032,train
IE7615 Deep Learning for AI/images_OBJ032/OBJ032_081.jpg,OBJ032,False,81,OBJ032,train
IE7615 Deep Learning for AI/images_OBJ032/OBJ032_082.jpg,OBJ032,False,82,OBJ032,train
IE7615 Deep Learning for AI/images_OBJ032/OBJ032_083.jpg,OBJ032,False,83,OBJ032,train
IE7615 Deep Learning for AI/images_OBJ032/OBJ032_084.jpg,OBJ032,False,84,OBJ032,train
IE7615 Deep Learning for AI/images_OBJ032/OBJ032_085.jpg,OBJ032,False,85,OBJ032,train
IE7615 Deep Learning for AI/images_OBJ032/OBJ032_086.jpg,OBJ032,False,86,OBJ032,train
IE7615 Deep Learning for AI/images_OBJ032/OBJ032_087.jpg,OBJ032,False,87,OBJ032,train
IE7615 Deep Learning for AI/images_OBJ032/OBJ032_088.jpg,OBJ032,False,88,OBJ032,train
IE7615 Deep Learning for AI/images_OBJ032/OBJ032_089.jpg,OBJ032,False,89,OBJ032,train
IE7615 Deep Learning for AI/images_OBJ032/OBJ032_090.jpg,OBJ032,False,90,OBJ032,train
IE7615 Deep Learning for AI/images_OBJ032/OBJ032_091.jpg,OBJ032,False,91,OBJ032,train
IE7615 Deep Learning for AI/images_OBJ032/OBJ032_092.jpg,OBJ032,False,92,OBJ032,train
IE7615 Deep Learning for AI/images_OBJ032/OBJ032_093.jpg,OBJ032,False,93,OBJ032,train
IE7615 Deep Learning for AI/images_OBJ032/OBJ032_094.jpg,OBJ032,False,94,OBJ032,train
IE7615 Deep Learning for AI/images_OBJ032/OBJ032_095.jpg,OBJ032,False,95,OBJ032,train
IE7615 Deep Learning for AI/images_OBJ032/OBJ032_bg_001.jpg,OBJ032,True,1,no_object,train
IE7615 Deep Learning for AI/images_OBJ032/OBJ032_bg_002.jpg,OBJ032,True,2,no_object,train
IE7615 Deep Learning for AI/images_OBJ032/OBJ032_bg_003.jpg,OBJ032,True,3,no_object,train
IE7615 Deep Learning for AI/images_OBJ032/OBJ032_bg_004.jpg,OBJ032,True,4,no_object,train
IE7615 Deep Learning for AI/images_OBJ032/OBJ032_bg_005.jpg,OBJ032,True,5,no_object,train
IE7615 Deep Learning for AI/images_OBJ033/OBJ033_001.jpg,OBJ033,False,1,OBJ033,test
IE7615 Deep Learning for AI/images_OBJ033/OBJ033_002.jpg,OBJ033,False,2,OBJ033,test
IE7615 Deep Learning for AI/images_OBJ033/OBJ033_003.jpg,OBJ033,False,3,OBJ033,test
IE7615 Deep Learning for AI/images_OBJ033/OBJ033_004.jpg,OBJ033,False,4,OBJ033,test
IE7615 Deep Learning for AI/images_OBJ033/OBJ033_005.jpg,OBJ033,False,5,OBJ033,test
IE7615 Deep Learning for AI/images_OBJ033/OBJ033_006.jpg,OBJ033,False,6,OBJ033,train
IE7615 Deep Learning for AI/images_OBJ033/OBJ033_007.jpg,OBJ033,False,7,OBJ033,train
IE7615 Deep Learning for AI/images_OBJ033/OBJ033_008.jpg,OBJ033,False,8,OBJ033,train
IE7615 Deep Learning for AI/images_OBJ033/OBJ033_009.jpg,OBJ033,False,9,OBJ033,train
IE7615 Deep Learning for AI/images_OBJ033/OBJ033_010.jpg,OBJ033,False,10,OBJ033,train
IE7615 Deep Learning for AI/images_OBJ033/OBJ033_011.jpg,OBJ033,False,11,OBJ033,test
IE7615 Deep Learning for AI/images_OBJ033/OBJ033_012.jpg,OBJ033,False,12,OBJ033,test
IE7615 Deep Learning for AI/images_OBJ033/OBJ033_013.jpg,OBJ033,False,13,OBJ033,test
IE7615 Deep Learning for AI/images_OBJ033/OBJ033_014.jpg,OBJ033,False,14,OBJ033,test
IE7615 Deep Learning for AI/images_OBJ033/OBJ033_015.jpg,OBJ033,False,15,OBJ033,test
IE7615 Deep Learning for AI/images_OBJ033/OBJ033_016.jpg,OBJ033,False,16,OBJ033,train
IE7615 Deep Learning for AI/images_OBJ033/OBJ033_017.jpg,OBJ033,False,17,OBJ033,train
IE7615 Deep Learning for AI/images_OBJ033/OBJ033_018.jpg,OBJ033,False,18,OBJ033,train
IE7615 Deep Learning for AI/images_OBJ033/OBJ033_019.jpg,OBJ033,False,19,OBJ033,train
IE7615 Deep Learning for AI/images_OBJ033/OBJ033_020.jpg,OBJ033,False,20,OBJ033,train
IE7615 Deep Learning for AI/images_OBJ033/OBJ033_021.jpg,OBJ033,False,21,OBJ033,train
IE7615 Deep Learning for AI/images_OBJ033/OBJ033_022.jpg,OBJ033,False,22,OBJ033,train
IE7615 Deep Learning for AI/images_OBJ033/OBJ033_023.jpg,OBJ033,False,23,OBJ033,train
IE7615 Deep Learning for AI/images_OBJ033/OBJ033_024.jpg,OBJ033,False,24,OBJ033,train
IE7615 Deep Learning for AI/images_OBJ033/OBJ033_025.jpg,OBJ033,False,25,OBJ033,train
IE7615 Deep Learning for AI/images_OBJ033/OBJ033_026.jpg,OBJ033,False,26,OBJ033,test
IE7615 Deep Learning for AI/images_OBJ033/OBJ033_027.jpg,OBJ033,False,27,OBJ033,test
IE7615 Deep Learning for AI/images_OBJ033/OBJ033_028.jpg,OBJ033,False,28,OBJ033,test
IE7615 Deep Learning for AI/images_OBJ033/OBJ033_029.jpg,OBJ033,False,29,OBJ033,test
IE7615 Deep Learning for AI/images_OBJ033/OBJ033_030.jpg,OBJ033,False,30,OBJ033,test
IE7615 Deep Learning for AI/images_OBJ033/OBJ033_031.jpg,OBJ033,False,31,OBJ033,val
IE7615 Deep Learning for AI/images_OBJ033/OBJ033_032.jpg,OBJ033,False,32,OBJ033,val
IE7615 Deep Learning for AI/images_OBJ033/OBJ033_033.jpg,OBJ033,False,33,OBJ033,val
IE7615 Deep Learning for AI/images_OBJ033/OBJ033_034.jpg,OBJ033,False,34,OBJ033,val
IE7615 Deep Learning for AI/images_OBJ033/OBJ033_035.jpg,OBJ033,False,35,OBJ033,val
IE7615 Deep Learning for AI/images_OBJ033/OBJ033_036.jpg,OBJ033,False,36,OBJ033,train
IE7615 Deep Learning for AI/images_OBJ033/OBJ033_037.jpg,OBJ033,False,37,OBJ033,train
IE7615 Deep Learning for AI/images_OBJ033/OBJ033_038.jpg,OBJ033,False,38,OBJ033,train
IE7615 Deep Learning for AI/images_OBJ033/OBJ033_039.jpg,OBJ033,False,39,OBJ033,train
IE7615 Deep Learning for AI/images_OBJ033/OBJ033_040.jpg,OBJ033,False,40,OBJ033,train
IE7615 Deep Learning for AI/images_OBJ033/OBJ033_041.jpg,OBJ033,False,41,OBJ033,train
IE7615 Deep Learning for AI/images_OBJ033/OBJ033_042.jpg,OBJ033,False,42,OBJ033,train
IE7615 Deep Learning for AI/images_OBJ033/OBJ033_043.jpg,OBJ033,False,43,OBJ033,train
IE7615 Deep Learning for AI/images_OBJ033/OBJ033_044.jpg,OBJ033,False,44,OBJ033,train
IE7615 Deep Learning for AI/images_OBJ033/OBJ033_045.jpg,OBJ033,False,45,OBJ033,train
IE7615 Deep Learning for AI/images_OBJ033/OBJ033_046.jpg,OBJ033,False,46,OBJ033,train
IE7615 Deep Learning for AI/images_OBJ033/OBJ033_047.jpg,OBJ033,False,47,OBJ033,train
IE7615 Deep Learning for AI/images_OBJ033/OBJ033_048.jpg,OBJ033,False,48,OBJ033,train
IE7615 Deep Learning for AI/images_OBJ033/OBJ033_049.jpg,OBJ033,False,49,OBJ033,train
IE7615 Deep Learning for AI/images_OBJ033/OBJ033_050.jpg,OBJ033,False,50,OBJ033,train
IE7615 Deep Learning for AI/images_OBJ033/OBJ033_051.jpg,OBJ033,False,51,OBJ033,val
IE7615 Deep Learning for AI/images_OBJ033/OBJ033_052.jpg,OBJ033,False,52,OBJ033,val
IE7615 Deep Learning for AI/images_OBJ033/OBJ033_053.jpg,OBJ033,False,53,OBJ033,val
IE7615 Deep Learning for AI/images_OBJ033/OBJ033_054.jpg,OBJ033,False,54,OBJ033,val
IE7615 Deep Learning for AI/images_OBJ033/OBJ033_055.jpg,OBJ033,False,55,OBJ033,val
IE7615 Deep Learning for AI/images_OBJ033/OBJ033_056.jpg,OBJ033,False,56,OBJ033,val
IE7615 Deep Learning for AI/images_OBJ033/OBJ033_057.jpg,OBJ033,False,57,OBJ033,val
IE7615 Deep Learning for AI/images_OBJ033/OBJ033_058.jpg,OBJ033,False,58,OBJ033,val
IE7615 Deep Learning for AI/images_OBJ033/OBJ033_059.jpg,OBJ033,False,59,OBJ033,val
IE7615 Deep Learning for AI/images_OBJ033/OBJ033_060.jpg,OBJ033,False,60,OBJ033,val
IE7615 Deep Learning for AI/images_OBJ033/OBJ033_061.jpg,OBJ033,False,61,OBJ033,train
IE7615 Deep Learning for AI/images_OBJ033/OBJ033_062.jpg,OBJ033,False,62,OBJ033,train
IE7615 Deep Learning for AI/images_OBJ033/OBJ033_063.jpg,OBJ033,False,63,OBJ033,train
IE7615 Deep Learning for AI/images_OBJ033/OBJ033_064.jpg,OBJ033,False,64,OBJ033,train
IE7615 Deep Learning for AI/images_OBJ033/OBJ033_065.jpg,OBJ033,False,65,OBJ033,train
IE7615 Deep Learning for AI/images_OBJ033/OBJ033_066.jpg,OBJ033,False,66,OBJ033,train
IE7615 Deep Learning for AI/images_OBJ033/OBJ033_067.jpg,OBJ033,False,67,OBJ033,train
IE7615 Deep Learning for AI/images_OBJ033/OBJ033_068.jpg,OBJ033,False,68,OBJ033,train
IE7615 Deep Learning for AI/images_OBJ033/OBJ033_069.jpg,OBJ033,False,69,OBJ033,train
IE7615 Deep Learning for AI/images_OBJ033/OBJ033_070.jpg,OBJ033,False,70,OBJ033,train
IE7615 Deep Learning for AI/images_OBJ033/OBJ033_071.jpg,OBJ033,False,71,OBJ033,train
IE7615 Deep Learning for AI/images_OBJ033/OBJ033_072.jpg,OBJ033,False,72,OBJ033,train
IE7615 Deep Learning for AI/images_OBJ033/OBJ033_073.jpg,OBJ033,False,73,OBJ033,train
IE7615 Deep Learning for AI/images_OBJ033/OBJ033_074.jpg,OBJ033,False,74,OBJ033,train
IE7615 Deep Learning for AI/images_OBJ033/OBJ033_075.jpg,OBJ033,False,75,OBJ033,train
IE7615 Deep Learning for AI/images_OBJ033/OBJ033_076.jpg,OBJ033,False,76,OBJ033,train
IE7615 Deep Learning for AI/images_OBJ033/OBJ033_077.jpg,OBJ033,False,77,OBJ033,train
IE7615 Deep Learning for AI/images_OBJ033/OBJ033_078.jpg,OBJ033,False,78,OBJ033,train
IE7615 Deep Learning for AI/images_OBJ033/OBJ033_079.jpg,OBJ033,False,79,OBJ033,train
IE7615 Deep Learning for AI/images_OBJ033/OBJ033_080.jpg,OBJ033,False,80,OBJ033,train
IE7615 Deep Learning for AI/images_OBJ033/OBJ033_081.jpg,OBJ033,False,81,OBJ033,train
IE7615 Deep Learning for AI/images_OBJ033/OBJ033_082.jpg,OBJ033,False,82,OBJ033,train
IE7615 Deep Learning for AI/images_OBJ033/OBJ033_083.jpg,OBJ033,False,83,OBJ033,train
IE7615 Deep Learning for AI/images_OBJ033/OBJ033_084.jpg,OBJ033,False,84,OBJ033,train
IE7615 Deep Learning for AI/images_OBJ033/OBJ033_085.jpg,OBJ033,False,85,OBJ033,train
IE7615 Deep Learning for AI/images_OBJ033/OBJ033_086.jpg,OBJ033,False,86,OBJ033,train
IE7615 Deep Learning for AI/images_OBJ033/OBJ033_087.jpg,OBJ033,False,87,OBJ033,train
IE7615 Deep Learning for AI/images_OBJ033/OBJ033_088.jpg,OBJ033,False,88,OBJ033,train
IE7615 Deep Learning for AI/images_OBJ033/OBJ033_089.jpg,OBJ033,False,89,OBJ033,train
IE7615 Deep Learning for AI/images_OBJ033/OBJ033_090.jpg,OBJ033,False,90,OBJ033,train
IE7615 Deep Learning for AI/images_OBJ033/OBJ033_091.jpg,OBJ033,False,91,OBJ033,train
IE7615 Deep Learning for AI/images_OBJ033/OBJ033_092.jpg,OBJ033,False,92,OBJ033,train
IE7615 Deep Learning for AI/images_OBJ033/OBJ033_093.jpg,OBJ033,False,93,OBJ033,train
IE7615 Deep Learning for AI/images_OBJ033/OBJ033_094.jpg,OBJ033,False,94,OBJ033,train
IE7615 Deep Learning for AI/images_OBJ033/OBJ033_095.jpg,OBJ033,False,95,OBJ033,train
IE7615 Deep Learning for AI/images_OBJ033/OBJ033_bg_001.jpg,OBJ033,True,1,no_object,test
IE7615 Deep Learning for AI/images_OBJ033/OBJ033_bg_002.jpg,OBJ033,True,2,no_object,test
IE7615 Deep Learning for AI/images_OBJ033/OBJ033_bg_003.jpg,OBJ033,True,3,no_object,test
IE7615 Deep Learning for AI/images_OBJ033/OBJ033_bg_004.jpg,OBJ033,True,4,no_object,test
IE7615 Deep Learning for AI/images_OBJ033/OBJ033_bg_005.jpg,OBJ033,True,5,no_object,test
IE7615 Deep Learning for AI/images_OBJ034/OBJ034_001.jpg,OBJ034,False,1,OBJ034,train
IE7615 Deep Learning for AI/images_OBJ034/OBJ034_002.jpg,OBJ034,False,2,OBJ034,train
IE7615 Deep Learning for AI/images_OBJ034/OBJ034_003.jpg,OBJ034,False,3,OBJ034,train
IE7615 Deep Learning for AI/images_OBJ034/OBJ034_004.jpg,OBJ034,False,4,OBJ034,train
IE7615 Deep Learning for AI/images_OBJ034/OBJ034_005.jpg,OBJ034,False,5,OBJ034,train
IE7615 Deep Learning for AI/images_OBJ034/OBJ034_006.jpg,OBJ034,False,6,OBJ034,val
IE7615 Deep Learning for AI/images_OBJ034/OBJ034_007.jpg,OBJ034,False,7,OBJ034,val
IE7615 Deep Learning for AI/images_OBJ034/OBJ034_008.jpg,OBJ034,False,8,OBJ034,val
IE7615 Deep Learning for AI/images_OBJ034/OBJ034_009.jpg,OBJ034,False,9,OBJ034,val
IE7615 Deep Learning for AI/images_OBJ034/OBJ034_010.jpg,OBJ034,False,10,OBJ034,val
IE7615 Deep Learning for AI/images_OBJ034/OBJ034_011.jpg,OBJ034,False,11,OBJ034,train
IE7615 Deep Learning for AI/images_OBJ034/OBJ034_012.jpg,OBJ034,False,12,OBJ034,train
IE7615 Deep Learning for AI/images_OBJ034/OBJ034_013.jpg,OBJ034,False,13,OBJ034,train
IE7615 Deep Learning for AI/images_OBJ034/OBJ034_014.jpg,OBJ034,False,14,OBJ034,train
IE7615 Deep Learning for AI/images_OBJ034/OBJ034_015.jpg,OBJ034,False,15,OBJ034,train
IE7615 Deep Learning for AI/images_OBJ034/OBJ034_016.jpg,OBJ034,False,16,OBJ034,train
IE7615 Deep Learning for AI/images_OBJ034/OBJ034_017.jpg,OBJ034,False,17,OBJ034,train
IE7615 Deep Learning for AI/images_OBJ034/OBJ034_018.jpg,OBJ034,False,18,OBJ034,train
IE7615 Deep Learning for AI/images_OBJ034/OBJ034_019.jpg,OBJ034,False,19,OBJ034,train
IE7615 Deep Learning for AI/images_OBJ034/OBJ034_020.jpg,OBJ034,False,20,OBJ034,train
IE7615 Deep Learning for AI/images_OBJ034/OBJ034_021.jpg,OBJ034,False,21,OBJ034,train
IE7615 Deep Learning for AI/images_OBJ034/OBJ034_022.jpg,OBJ034,False,22,OBJ034,train
IE7615 Deep Learning for AI/images_OBJ034/OBJ034_023.jpg,OBJ034,False,23,OBJ034,train
IE7615 Deep Learning for AI/images_OBJ034/OBJ034_024.jpg,OBJ034,False,24,OBJ034,train
IE7615 Deep Learning for AI/images_OBJ034/OBJ034_025.jpg,OBJ034,False,25,OBJ034,train
IE7615 Deep Learning for AI/images_OBJ034/OBJ034_026.jpg,OBJ034,False,26,OBJ034,test
IE7615 Deep Learning for AI/images_OBJ034/OBJ034_027.jpg,OBJ034,False,27,OBJ034,test
IE7615 Deep Learning for AI/images_OBJ034/OBJ034_028.jpg,OBJ034,False,28,OBJ034,test
IE7615 Deep Learning for AI/images_OBJ034/OBJ034_029.jpg,OBJ034,False,29,OBJ034,test
IE7615 Deep Learning for AI/images_OBJ034/OBJ034_030.jpg,OBJ034,False,30,OBJ034,test
IE7615 Deep Learning for AI/images_OBJ034/OBJ034_031.jpg,OBJ034,False,31,OBJ034,train
IE7615 Deep Learning for AI/images_OBJ034/OBJ034_032.jpg,OBJ034,False,32,OBJ034,train
IE7615 Deep Learning for AI/images_OBJ034/OBJ034_033.jpg,OBJ034,False,33,OBJ034,train
IE7615 Deep Learning for AI/images_OBJ034/OBJ034_034.jpg,OBJ034,False,34,OBJ034,train
IE7615 Deep Learning for AI/images_OBJ034/OBJ034_035.jpg,OBJ034,False,35,OBJ034,train
IE7615 Deep Learning for AI/images_OBJ034/OBJ034_036.jpg,OBJ034,False,36,OBJ034,train
IE7615 Deep Learning for AI/images_OBJ034/OBJ034_037.jpg,OBJ034,False,37,OBJ034,train
IE7615 Deep Learning for AI/images_OBJ034/OBJ034_038.jpg,OBJ034,False,38,OBJ034,train
IE7615 Deep Learning for AI/images_OBJ034/OBJ034_039.jpg,OBJ034,False,39,OBJ034,train
IE7615 Deep Learning for AI/images_OBJ034/OBJ034_040.jpg,OBJ034,False,40,OBJ034,train
IE7615 Deep Learning for AI/images_OBJ034/OBJ034_041.jpg,OBJ034,False,41,OBJ034,val
IE7615 Deep Learning for AI/images_OBJ034/OBJ034_042.jpg,OBJ034,False,42,OBJ034,val
IE7615 Deep Learning for AI/images_OBJ034/OBJ034_043.jpg,OBJ034,False,43,OBJ034,val
IE7615 Deep Learning for AI/images_OBJ034/OBJ034_044.jpg,OBJ034,False,44,OBJ034,val
IE7615 Deep Learning for AI/images_OBJ034/OBJ034_045.jpg,OBJ034,False,45,OBJ034,val
IE7615 Deep Learning for AI/images_OBJ034/OBJ034_046.jpg,OBJ034,False,46,OBJ034,train
IE7615 Deep Learning for AI/images_OBJ034/OBJ034_047.jpg,OBJ034,False,47,OBJ034,train
IE7615 Deep Learning for AI/images_OBJ034/OBJ034_048.jpg,OBJ034,False,48,OBJ034,train
IE7615 Deep Learning for AI/images_OBJ034/OBJ034_049.jpg,OBJ034,False,49,OBJ034,train
IE7615 Deep Learning for AI/images_OBJ034/OBJ034_050.jpg,OBJ034,False,50,OBJ034,train
IE7615 Deep Learning for AI/images_OBJ034/OBJ034_051.jpg,OBJ034,False,51,OBJ034,val
IE7615 Deep Learning for AI/images_OBJ034/OBJ034_052.jpg,OBJ034,False,52,OBJ034,val
IE7615 Deep Learning for AI/images_OBJ034/OBJ034_053.jpg,OBJ034,False,53,OBJ034,val
IE7615 Deep Learning for AI/images_OBJ034/OBJ034_054.jpg,OBJ034,False,54,OBJ034,val
IE7615 Deep Learning for AI/images_OBJ034/OBJ034_055.jpg,OBJ034,False,55,OBJ034,val
IE7615 Deep Learning for AI/images_OBJ034/OBJ034_056.jpg,OBJ034,False,56,OBJ034,test
IE7615 Deep Learning for AI/images_OBJ034/OBJ034_057.jpg,OBJ034,False,57,OBJ034,test
IE7615 Deep Learning for AI/images_OBJ034/OBJ034_058.jpg,OBJ034,False,58,OBJ034,test
IE7615 Deep Learning for AI/images_OBJ034/OBJ034_059.jpg,OBJ034,False,59,OBJ034,test
IE7615 Deep Learning for AI/images_OBJ034/OBJ034_060.jpg,OBJ034,False,60,OBJ034,test
IE7615 Deep Learning for AI/images_OBJ034/OBJ034_061.jpg,OBJ034,False,61,OBJ034,test
IE7615 Deep Learning for AI/images_OBJ034/OBJ034_062.jpg,OBJ034,False,62,OBJ034,test
IE7615 Deep Learning for AI/images_OBJ034/OBJ034_063.jpg,OBJ034,False,63,OBJ034,test
IE7615 Deep Learning for AI/images_OBJ034/OBJ034_064.jpg,OBJ034,False,64,OBJ034,test
IE7615 Deep Learning for AI/images_OBJ034/OBJ034_065.jpg,OBJ034,False,65,OBJ034,test
IE7615 Deep Learning for AI/images_OBJ034/OBJ034_066.jpg,OBJ034,False,66,OBJ034,train
IE7615 Deep Learning for AI/images_OBJ034/OBJ034_067.jpg,OBJ034,False,67,OBJ034,train
IE7615 Deep Learning for AI/images_OBJ034/OBJ034_068.jpg,OBJ034,False,68,OBJ034,train
IE7615 Deep Learning for AI/images_OBJ034/OBJ034_069.jpg,OBJ034,False,69,OBJ034,train
IE7615 Deep Learning for AI/images_OBJ034/OBJ034_070.jpg,OBJ034,False,70,OBJ034,train
IE7615 Deep Learning for AI/images_OBJ034/OBJ034_071.jpg,OBJ034,False,71,OBJ034,train
IE7615 Deep Learning for AI/images_OBJ034/OBJ034_072.jpg,OBJ034,False,72,OBJ034,train
IE7615 Deep Learning for AI/images_OBJ034/OBJ034_073.jpg,OBJ034,False,73,OBJ034,train
IE7615 Deep Learning for AI/images_OBJ034/OBJ034_074.jpg,OBJ034,False,74,OBJ034,train
IE7615 Deep Learning for AI/images_OBJ034/OBJ034_075.jpg,OBJ034,False,75,OBJ034,train
IE7615 Deep Learning for AI/images_OBJ034/OBJ034_076.jpg,OBJ034,False,76,OBJ034,train
IE7615 Deep Learning for AI/images_OBJ034/OBJ034_077.jpg,OBJ034,False,77,OBJ034,train
IE7615 Deep Learning for AI/images_OBJ034/OBJ034_078.jpg,OBJ034,False,78,OBJ034,train
IE7615 Deep Learning for AI/images_OBJ034/OBJ034_079.jpg,OBJ034,False,79,OBJ034,train
IE7615 Deep Learning for AI/images_OBJ034/OBJ034_080.jpg,OBJ034,False,80,OBJ034,train
IE7615 Deep Learning for AI/images_OBJ034/OBJ034_081.jpg,OBJ034,False,81,OBJ034,train
IE7615 Deep Learning for AI/images_OBJ034/OBJ034_082.jpg,OBJ034,False,82,OBJ034,train
IE7615 Deep Learning for AI/images_OBJ034/OBJ034_083.jpg,OBJ034,False,83,OBJ034,train
IE7615 Deep Learning for AI/images_OBJ034/OBJ034_084.jpg,OBJ034,False,84,OBJ034,train
IE7615 Deep Learning for AI/images_OBJ034/OBJ034_085.jpg,OBJ034,False,85,OBJ034,train
IE7615 Deep Learning for AI/images_OBJ034/OBJ034_086.jpg,OBJ034,False,86,OBJ034,train
IE7615 Deep Learning for AI/images_OBJ034/OBJ034_087.jpg,OBJ034,False,87,OBJ034,train
IE7615 Deep Learning for AI/images_OBJ034/OBJ034_088.jpg,OBJ034,False,88,OBJ034,train
IE7615 Deep Learning for AI/images_OBJ034/OBJ034_089.jpg,OBJ034,False,89,OBJ034,train
IE7615 Deep Learning for AI/images_OBJ034/OBJ034_090.jpg,OBJ034,False,90,OBJ034,train
IE7615 Deep Learning for AI/images_OBJ034/OBJ034_091.jpg,OBJ034,False,91,OBJ034,train
IE7615 Deep Learning for AI/images_OBJ034/OBJ034_092.jpg,OBJ034,False,92,OBJ034,train
IE7615 Deep Learning for AI/images_OBJ034/OBJ034_093.jpg,OBJ034,False,93,OBJ034,train
IE7615 Deep Learning for AI/images_OBJ034/OBJ034_094.jpg,OBJ034,False,94,OBJ034,train
IE7615 Deep Learning for AI/images_OBJ034/OBJ034_095.jpg,OBJ034,False,95,OBJ034,train
IE7615 Deep Learning for AI/images_OBJ034/OBJ034_bg_001.jpg,OBJ034,True,1,no_object,train
IE7615 Deep Learning for AI/images_OBJ034/OBJ034_bg_002.jpg,OBJ034,True,2,no_object,train
IE7615 Deep Learning for AI/images_OBJ034/OBJ034_bg_003.jpg,OBJ034,True,3,no_object,train
IE7615 Deep Learning for AI/images_OBJ034/OBJ034_bg_004.jpg,OBJ034,True,4,no_object,train
IE7615 Deep Learning for AI/images_OBJ034/OBJ034_bg_005.jpg,OBJ034,True,5,no_object,train
IE7615 Deep Learning for AI/images_OBJ035/OBJ035_001.jpg,OBJ035,False,1,OBJ035,train
IE7615 Deep Learning for AI/images_OBJ035/OBJ035_002.jpg,OBJ035,False,2,OBJ035,train
IE7615 Deep Learning for AI/images_OBJ035/OBJ035_003.jpg,OBJ035,False,3,OBJ035,train
IE7615 Deep Learning for AI/images_OBJ035/OBJ035_004.jpg,OBJ035,False,4,OBJ035,train
IE7615 Deep Learning for AI/images_OBJ035/OBJ035_005.jpg,OBJ035,False,5,OBJ035,train
IE7615 Deep Learning for AI/images_OBJ035/OBJ035_006.jpg,OBJ035,False,6,OBJ035,train
IE7615 Deep Learning for AI/images_OBJ035/OBJ035_007.jpg,OBJ035,False,7,OBJ035,train
IE7615 Deep Learning for AI/images_OBJ035/OBJ035_008.jpg,OBJ035,False,8,OBJ035,train
IE7615 Deep Learning for AI/images_OBJ035/OBJ035_009.jpg,OBJ035,False,9,OBJ035,train
IE7615 Deep Learning for AI/images_OBJ035/OBJ035_010.jpg,OBJ035,False,10,OBJ035,train
IE7615 Deep Learning for AI/images_OBJ035/OBJ035_011.jpg,OBJ035,False,11,OBJ035,train
IE7615 Deep Learning for AI/images_OBJ035/OBJ035_012.jpg,OBJ035,False,12,OBJ035,train
IE7615 Deep Learning for AI/images_OBJ035/OBJ035_013.jpg,OBJ035,False,13,OBJ035,train
IE7615 Deep Learning for AI/images_OBJ035/OBJ035_014.jpg,OBJ035,False,14,OBJ035,train
IE7615 Deep Learning for AI/images_OBJ035/OBJ035_015.jpg,OBJ035,False,15,OBJ035,train
IE7615 Deep Learning for AI/images_OBJ035/OBJ035_016.jpg,OBJ035,False,16,OBJ035,train
IE7615 Deep Learning for AI/images_OBJ035/OBJ035_017.jpg,OBJ035,False,17,OBJ035,train
IE7615 Deep Learning for AI/images_OBJ035/OBJ035_018.jpg,OBJ035,False,18,OBJ035,train
IE7615 Deep Learning for AI/images_OBJ035/OBJ035_019.jpg,OBJ035,False,19,OBJ035,train
IE7615 Deep Learning for AI/images_OBJ035/OBJ035_020.jpg,OBJ035,False,20,OBJ035,train
IE7615 Deep Learning for AI/images_OBJ035/OBJ035_021.jpg,OBJ035,False,21,OBJ035,train
IE7615 Deep Learning for AI/images_OBJ035/OBJ035_022.jpg,OBJ035,False,22,OBJ035,train
IE7615 Deep Learning for AI/images_OBJ035/OBJ035_023.jpg,OBJ035,False,23,OBJ035,train
IE7615 Deep Learning for AI/images_OBJ035/OBJ035_024.jpg,OBJ035,False,24,OBJ035,train
IE7615 Deep Learning for AI/images_OBJ035/OBJ035_025.jpg,OBJ035,False,25,OBJ035,train
IE7615 Deep Learning for AI/images_OBJ035/OBJ035_026.jpg,OBJ035,False,26,OBJ035,train
IE7615 Deep Learning for AI/images_OBJ035/OBJ035_027.jpg,OBJ035,False,27,OBJ035,train
IE7615 Deep Learning for AI/images_OBJ035/OBJ035_028.jpg,OBJ035,False,28,OBJ035,train
IE7615 Deep Learning for AI/images_OBJ035/OBJ035_029.jpg,OBJ035,False,29,OBJ035,train
IE7615 Deep Learning for AI/images_OBJ035/OBJ035_030.jpg,OBJ035,False,30,OBJ035,train
IE7615 Deep Learning for AI/images_OBJ035/OBJ035_031.jpg,OBJ035,False,31,OBJ035,train
IE7615 Deep Learning for AI/images_OBJ035/OBJ035_032.jpg,OBJ035,False,32,OBJ035,train
IE7615 Deep Learning for AI/images_OBJ035/OBJ035_033.jpg,OBJ035,False,33,OBJ035,train
IE7615 Deep Learning for AI/images_OBJ035/OBJ035_034.jpg,OBJ035,False,34,OBJ035,train
IE7615 Deep Learning for AI/images_OBJ035/OBJ035_035.jpg,OBJ035,False,35,OBJ035,train
IE7615 Deep Learning for AI/images_OBJ035/OBJ035_036.jpg,OBJ035,False,36,OBJ035,val
IE7615 Deep Learning for AI/images_OBJ035/OBJ035_037.jpg,OBJ035,False,37,OBJ035,val
IE7615 Deep Learning for AI/images_OBJ035/OBJ035_038.jpg,OBJ035,False,38,OBJ035,val
IE7615 Deep Learning for AI/images_OBJ035/OBJ035_039.jpg,OBJ035,False,39,OBJ035,val
IE7615 Deep Learning for AI/images_OBJ035/OBJ035_040.jpg,OBJ035,False,40,OBJ035,val
IE7615 Deep Learning for AI/images_OBJ035/OBJ035_041.jpg,OBJ035,False,41,OBJ035,val
IE7615 Deep Learning for AI/images_OBJ035/OBJ035_042.jpg,OBJ035,False,42,OBJ035,val
IE7615 Deep Learning for AI/images_OBJ035/OBJ035_043.jpg,OBJ035,False,43,OBJ035,val
IE7615 Deep Learning for AI/images_OBJ035/OBJ035_044.jpg,OBJ035,False,44,OBJ035,val
IE7615 Deep Learning for AI/images_OBJ035/OBJ035_045.jpg,OBJ035,False,45,OBJ035,val
IE7615 Deep Learning for AI/images_OBJ035/OBJ035_046.jpg,OBJ035,False,46,OBJ035,train
IE7615 Deep Learning for AI/images_OBJ035/OBJ035_047.jpg,OBJ035,False,47,OBJ035,train
IE7615 Deep Learning for AI/images_OBJ035/OBJ035_048.jpg,OBJ035,False,48,OBJ035,train
IE7615 Deep Learning for AI/images_OBJ035/OBJ035_049.jpg,OBJ035,False,49,OBJ035,train
IE7615 Deep Learning for AI/images_OBJ035/OBJ035_050.jpg,OBJ035,False,50,OBJ035,train
IE7615 Deep Learning for AI/images_OBJ035/OBJ035_051.jpg,OBJ035,False,51,OBJ035,test
IE7615 Deep Learning for AI/images_OBJ035/OBJ035_052.jpg,OBJ035,False,52,OBJ035,test
IE7615 Deep Learning for AI/images_OBJ035/OBJ035_053.jpg,OBJ035,False,53,OBJ035,test
IE7615 Deep Learning for AI/images_OBJ035/OBJ035_054.jpg,OBJ035,False,54,OBJ035,test
IE7615 Deep Learning for AI/images_OBJ035/OBJ035_055.jpg,OBJ035,False,55,OBJ035,test
IE7615 Deep Learning for AI/images_OBJ035/OBJ035_056.jpg,OBJ035,False,56,OBJ035,val
IE7615 Deep Learning for AI/images_OBJ035/OBJ035_057.jpg,OBJ035,False,57,OBJ035,val
IE7615 Deep Learning for AI/images_OBJ035/OBJ035_058.jpg,OBJ035,False,58,OBJ035,val
IE7615 Deep Learning for AI/images_OBJ035/OBJ035_059.jpg,OBJ035,False,59,OBJ035,val
IE7615 Deep Learning for AI/images_OBJ035/OBJ035_060.jpg,OBJ035,False,60,OBJ035,val
IE7615 Deep Learning for AI/images_OBJ035/OBJ035_061.jpg,OBJ035,False,61,OBJ035,test
IE7615 Deep Learning for AI/images_OBJ035/OBJ035_062.jpg,OBJ035,False,62,OBJ035,test
IE7615 Deep Learning for AI/images_OBJ035/OBJ035_063.jpg,OBJ035,False,63,OBJ035,test
IE7615 Deep Learning for AI/images_OBJ035/OBJ035_064.jpg,OBJ035,False,64,OBJ035,test
IE7615 Deep Learning for AI/images_OBJ035/OBJ035_065.jpg,OBJ035,False,65,OBJ035,test
IE7615 Deep Learning for AI/images_OBJ035/OBJ035_066.jpg,OBJ035,False,66,OBJ035,train
IE7615 Deep Learning for AI/images_OBJ035/OBJ035_067.jpg,OBJ035,False,67,OBJ035,train
IE7615 Deep Learning for AI/images_OBJ035/OBJ035_068.jpg,OBJ035,False,68,OBJ035,train
IE7615 Deep Learning for AI/images_OBJ035/OBJ035_069.jpg,OBJ035,False,69,OBJ035,train
IE7615 Deep Learning for AI/images_OBJ035/OBJ035_070.jpg,OBJ035,False,70,OBJ035,train
IE7615 Deep Learning for AI/images_OBJ035/OBJ035_071.jpg,OBJ035,False,71,OBJ035,train
IE7615 Deep Learning for AI/images_OBJ035/OBJ035_072.jpg,OBJ035,False,72,OBJ035,train
IE7615 Deep Learning for AI/images_OBJ035/OBJ035_073.jpg,OBJ035,False,73,OBJ035,train
IE7615 Deep Learning for AI/images_OBJ035/OBJ035_074.jpg,OBJ035,False,74,OBJ035,train
IE7615 Deep Learning for AI/images_OBJ035/OBJ035_075.jpg,OBJ035,False,75,OBJ035,train
IE7615 Deep Learning for AI/images_OBJ035/OBJ035_076.jpg,OBJ035,False,76,OBJ035,train
IE7615 Deep Learning for AI/images_OBJ035/OBJ035_077.jpg,OBJ035,False,77,OBJ035,train
IE7615 Deep Learning for AI/images_OBJ035/OBJ035_078.jpg,OBJ035,False,78,OBJ035,train
IE7615 Deep Learning for AI/images_OBJ035/OBJ035_079.jpg,OBJ035,False,79,OBJ035,train
IE7615 Deep Learning for AI/images_OBJ035/OBJ035_080.jpg,OBJ035,False,80,OBJ035,train
IE7615 Deep Learning for AI/images_OBJ035/OBJ035_081.jpg,OBJ035,False,81,OBJ035,train
IE7615 Deep Learning for AI/images_OBJ035/OBJ035_082.jpg,OBJ035,False,82,OBJ035,train
IE7615 Deep Learning for AI/images_OBJ035/OBJ035_083.jpg,OBJ035,False,83,OBJ035,train
IE7615 Deep Learning for AI/images_OBJ035/OBJ035_084.jpg,OBJ035,False,84,OBJ035,train
IE7615 Deep Learning for AI/images_OBJ035/OBJ035_085.jpg,OBJ035,False,85,OBJ035,train
IE7615 Deep Learning for AI/images_OBJ035/OBJ035_086.jpg,OBJ035,False,86,OBJ035,test
IE7615 Deep Learning for AI/images_OBJ035/OBJ035_087.jpg,OBJ035,False,87,OBJ035,test
IE7615 Deep Learning for AI/images_OBJ035/OBJ035_088.jpg,OBJ035,False,88,OBJ035,test
IE7615 Deep Learning for AI/images_OBJ035/OBJ035_089.jpg,OBJ035,False,89,OBJ035,test
IE7615 Deep Learning for AI/images_OBJ035/OBJ035_090.jpg,OBJ035,False,90,OBJ035,test
IE7615 Deep Learning for AI/images_OBJ035/OBJ035_091.jpg,OBJ035,False,91,OBJ035,train
IE7615 Deep Learning for AI/images_OBJ035/OBJ035_092.jpg,OBJ035,False,92,OBJ035,train
IE7615 Deep Learning for AI/images_OBJ035/OBJ035_093.jpg,OBJ035,False,93,OBJ035,train
IE7615 Deep Learning for AI/images_OBJ035/OBJ035_094.jpg,OBJ035,False,94,OBJ035,train
IE7615 Deep Learning for AI/images_OBJ035/OBJ035_095.jpg,OBJ035,False,95,OBJ035,train
IE7615 Deep Learning for AI/images_OBJ035/OBJ035_bg_001.jpg,OBJ035,True,1,no_object,train
IE7615 Deep Learning for AI/images_OBJ035/OBJ035_bg_002.jpg,OBJ035,True,2,no_object,train
IE7615 Deep Learning for AI/images_OBJ035/OBJ035_bg_003.jpg,OBJ035,True,3,no_object,train
IE7615 Deep Learning for AI/images_OBJ035/OBJ035_bg_004.jpg,OBJ035,True,4,no_object,train
IE7615 Deep Learning for AI/images_OBJ035/OBJ035_bg_005.jpg,OBJ035,True,5,no_object,train
IE7615 Deep Learning for AI/images_OBJ036/OBJ036_001.jpg,OBJ036,False,1,OBJ036,train
IE7615 Deep Learning for AI/images_OBJ036/OBJ036_002.jpg,OBJ036,False,2,OBJ036,train
IE7615 Deep Learning for AI/images_OBJ036/OBJ036_003.jpg,OBJ036,False,3,OBJ036,train
IE7615 Deep Learning for AI/images_OBJ036/OBJ036_004.jpg,OBJ036,False,4,OBJ036,train
IE7615 Deep Learning for AI/images_OBJ036/OBJ036_005.jpg,OBJ036,False,5,OBJ036,train
IE7615 Deep Learning for AI/images_OBJ036/OBJ036_006.jpg,OBJ036,False,6,OBJ036,train
IE7615 Deep Learning for AI/images_OBJ036/OBJ036_007.jpg,OBJ036,False,7,OBJ036,train
IE7615 Deep Learning for AI/images_OBJ036/OBJ036_008.jpg,OBJ036,False,8,OBJ036,train
IE7615 Deep Learning for AI/images_OBJ036/OBJ036_009.jpg,OBJ036,False,9,OBJ036,train
IE7615 Deep Learning for AI/images_OBJ036/OBJ036_010.jpg,OBJ036,False,10,OBJ036,train
IE7615 Deep Learning for AI/images_OBJ036/OBJ036_011.jpg,OBJ036,False,11,OBJ036,train
IE7615 Deep Learning for AI/images_OBJ036/OBJ036_012.jpg,OBJ036,False,12,OBJ036,train
IE7615 Deep Learning for AI/images_OBJ036/OBJ036_013.jpg,OBJ036,False,13,OBJ036,train
IE7615 Deep Learning for AI/images_OBJ036/OBJ036_014.jpg,OBJ036,False,14,OBJ036,train
IE7615 Deep Learning for AI/images_OBJ036/OBJ036_015.jpg,OBJ036,False,15,OBJ036,train
IE7615 Deep Learning for AI/images_OBJ036/OBJ036_016.jpg,OBJ036,False,16,OBJ036,train
IE7615 Deep Learning for AI/images_OBJ036/OBJ036_017.jpg,OBJ036,False,17,OBJ036,train
IE7615 Deep Learning for AI/images_OBJ036/OBJ036_018.jpg,OBJ036,False,18,OBJ036,train
IE7615 Deep Learning for AI/images_OBJ036/OBJ036_019.jpg,OBJ036,False,19,OBJ036,train
IE7615 Deep Learning for AI/images_OBJ036/OBJ036_020.jpg,OBJ036,False,20,OBJ036,train
IE7615 Deep Learning for AI/images_OBJ036/OBJ036_021.jpg,OBJ036,False,21,OBJ036,val
IE7615 Deep Learning for AI/images_OBJ036/OBJ036_022.jpg,OBJ036,False,22,OBJ036,val
IE7615 Deep Learning for AI/images_OBJ036/OBJ036_023.jpg,OBJ036,False,23,OBJ036,val
IE7615 Deep Learning for AI/images_OBJ036/OBJ036_024.jpg,OBJ036,False,24,OBJ036,val
IE7615 Deep Learning for AI/images_OBJ036/OBJ036_025.jpg,OBJ036,False,25,OBJ036,val
IE7615 Deep Learning for AI/images_OBJ036/OBJ036_026.jpg,OBJ036,False,26,OBJ036,test
IE7615 Deep Learning for AI/images_OBJ036/OBJ036_027.jpg,OBJ036,False,27,OBJ036,test
IE7615 Deep Learning for AI/images_OBJ036/OBJ036_028.jpg,OBJ036,False,28,OBJ036,test
IE7615 Deep Learning for AI/images_OBJ036/OBJ036_029.jpg,OBJ036,False,29,OBJ036,test
IE7615 Deep Learning for AI/images_OBJ036/OBJ036_030.jpg,OBJ036,False,30,OBJ036,test
IE7615 Deep Learning for AI/images_OBJ036/OBJ036_031.jpg,OBJ036,False,31,OBJ036,train
IE7615 Deep Learning for AI/images_OBJ036/OBJ036_032.jpg,OBJ036,False,32,OBJ036,train
IE7615 Deep Learning for AI/images_OBJ036/OBJ036_033.jpg,OBJ036,False,33,OBJ036,train
IE7615 Deep Learning for AI/images_OBJ036/OBJ036_034.jpg,OBJ036,False,34,OBJ036,train
IE7615 Deep Learning for AI/images_OBJ036/OBJ036_035.jpg,OBJ036,False,35,OBJ036,train
IE7615 Deep Learning for AI/images_OBJ036/OBJ036_036.jpg,OBJ036,False,36,OBJ036,train
IE7615 Deep Learning for AI/images_OBJ036/OBJ036_037.jpg,OBJ036,False,37,OBJ036,train
IE7615 Deep Learning for AI/images_OBJ036/OBJ036_038.jpg,OBJ036,False,38,OBJ036,train
IE7615 Deep Learning for AI/images_OBJ036/OBJ036_039.jpg,OBJ036,False,39,OBJ036,train
IE7615 Deep Learning for AI/images_OBJ036/OBJ036_040.jpg,OBJ036,False,40,OBJ036,train
IE7615 Deep Learning for AI/images_OBJ036/OBJ036_041.jpg,OBJ036,False,41,OBJ036,test
IE7615 Deep Learning for AI/images_OBJ036/OBJ036_042.jpg,OBJ036,False,42,OBJ036,test
IE7615 Deep Learning for AI/images_OBJ036/OBJ036_043.jpg,OBJ036,False,43,OBJ036,test
IE7615 Deep Learning for AI/images_OBJ036/OBJ036_044.jpg,OBJ036,False,44,OBJ036,test
IE7615 Deep Learning for AI/images_OBJ036/OBJ036_045.jpg,OBJ036,False,45,OBJ036,test
IE7615 Deep Learning for AI/images_OBJ036/OBJ036_046.jpg,OBJ036,False,46,OBJ036,train
IE7615 Deep Learning for AI/images_OBJ036/OBJ036_047.jpg,OBJ036,False,47,OBJ036,train
IE7615 Deep Learning for AI/images_OBJ036/OBJ036_048.jpg,OBJ036,False,48,OBJ036,train
IE7615 Deep Learning for AI/images_OBJ036/OBJ036_049.jpg,OBJ036,False,49,OBJ036,train
IE7615 Deep Learning for AI/images_OBJ036/OBJ036_050.jpg,OBJ036,False,50,OBJ036,train
IE7615 Deep Learning for AI/images_OBJ036/OBJ036_051.jpg,OBJ036,False,51,OBJ036,train
IE7615 Deep Learning for AI/images_OBJ036/OBJ036_052.jpg,OBJ036,False,52,OBJ036,train
IE7615 Deep Learning for AI/images_OBJ036/OBJ036_053.jpg,OBJ036,False,53,OBJ036,train
IE7615 Deep Learning for AI/images_OBJ036/OBJ036_054.jpg,OBJ036,False,54,OBJ036,train
IE7615 Deep Learning for AI/images_OBJ036/OBJ036_055.jpg,OBJ036,False,55,OBJ036,train
IE7615 Deep Learning for AI/images_OBJ036/OBJ036_056.jpg,OBJ036,False,56,OBJ036,train
IE7615 Deep Learning for AI/images_OBJ036/OBJ036_057.jpg,OBJ036,False,57,OBJ036,train
IE7615 Deep Learning for AI/images_OBJ036/OBJ036_058.jpg,OBJ036,False,58,OBJ036,train
IE7615 Deep Learning for AI/images_OBJ036/OBJ036_059.jpg,OBJ036,False,59,OBJ036,train
IE7615 Deep Learning for AI/images_OBJ036/OBJ036_060.jpg,OBJ036,False,60,OBJ036,train
IE7615 Deep Learning for AI/images_OBJ036/OBJ036_061.jpg,OBJ036,False,61,OBJ036,val
IE7615 Deep Learning for AI/images_OBJ036/OBJ036_062.jpg,OBJ036,False,62,OBJ036,val
IE7615 Deep Learning for AI/images_OBJ036/OBJ036_063.jpg,OBJ036,False,63,OBJ036,val
IE7615 Deep Learning for AI/images_OBJ036/OBJ036_064.jpg,OBJ036,False,64,OBJ036,val
IE7615 Deep Learning for AI/images_OBJ036/OBJ036_065.jpg,OBJ036,False,65,OBJ036,val
IE7615 Deep Learning for AI/images_OBJ036/OBJ036_066.jpg,OBJ036,False,66,OBJ036,train
IE7615 Deep Learning for AI/images_OBJ036/OBJ036_067.jpg,OBJ036,False,67,OBJ036,train
IE7615 Deep Learning for AI/images_OBJ036/OBJ036_068.jpg,OBJ036,False,68,OBJ036,train
IE7615 Deep Learning for AI/images_OBJ036/OBJ036_069.jpg,OBJ036,False,69,OBJ036,train
IE7615 Deep Learning for AI/images_OBJ036/OBJ036_070.jpg,OBJ036,False,70,OBJ036,train
IE7615 Deep Learning for AI/images_OBJ036/OBJ036_071.jpg,OBJ036,False,71,OBJ036,train
IE7615 Deep Learning for AI/images_OBJ036/OBJ036_072.jpg,OBJ036,False,72,OBJ036,train
IE7615 Deep Learning for AI/images_OBJ036/OBJ036_073.jpg,OBJ036,False,73,OBJ036,train
IE7615 Deep Learning for AI/images_OBJ036/OBJ036_074.jpg,OBJ036,False,74,OBJ036,train
IE7615 Deep Learning for AI/images_OBJ036/OBJ036_075.jpg,OBJ036,False,75,OBJ036,train
IE7615 Deep Learning for AI/images_OBJ036/OBJ036_076.jpg,OBJ036,False,76,OBJ036,train
IE7615 Deep Learning for AI/images_OBJ036/OBJ036_077.jpg,OBJ036,False,77,OBJ036,train
IE7615 Deep Learning for AI/images_OBJ036/OBJ036_078.jpg,OBJ036,False,78,OBJ036,train
IE7615 Deep Learning for AI/images_OBJ036/OBJ036_079.jpg,OBJ036,False,79,OBJ036,train
IE7615 Deep Learning for AI/images_OBJ036/OBJ036_080.jpg,OBJ036,False,80,OBJ036,train
IE7615 Deep Learning for AI/images_OBJ036/OBJ036_081.jpg,OBJ036,False,81,OBJ036,test
IE7615 Deep Learning for AI/images_OBJ036/OBJ036_082.jpg,OBJ036,False,82,OBJ036,test
IE7615 Deep Learning for AI/images_OBJ036/OBJ036_083.jpg,OBJ036,False,83,OBJ036,test
IE7615 Deep Learning for AI/images_OBJ036/OBJ036_084.jpg,OBJ036,False,84,OBJ036,test
IE7615 Deep Learning for AI/images_OBJ036/OBJ036_085.jpg,OBJ036,False,85,OBJ036,test
IE7615 Deep Learning for AI/images_OBJ036/OBJ036_086.jpg,OBJ036,False,86,OBJ036,train
IE7615 Deep Learning for AI/images_OBJ036/OBJ036_087.jpg,OBJ036,False,87,OBJ036,train
IE7615 Deep Learning for AI/images_OBJ036/OBJ036_088.jpg,OBJ036,False,88,OBJ036,train
IE7615 Deep Learning for AI/images_OBJ036/OBJ036_089.jpg,OBJ036,False,89,OBJ036,train
IE7615 Deep Learning for AI/images_OBJ036/OBJ036_090.jpg,OBJ036,False,90,OBJ036,train
IE7615 Deep Learning for AI/images_OBJ036/OBJ036_091.jpg,OBJ036,False,91,OBJ036,val
IE7615 Deep Learning for AI/images_OBJ036/OBJ036_092.jpg,OBJ036,False,92,OBJ036,val
IE7615 Deep Learning for AI/images_OBJ036/OBJ036_093.jpg,OBJ036,False,93,OBJ036,val
IE7615 Deep Learning for AI/images_OBJ036/OBJ036_094.jpg,OBJ036,False,94,OBJ036,val
IE7615 Deep Learning for AI/images_OBJ036/OBJ036_095.jpg,OBJ036,False,95,OBJ036,val
IE7615 Deep Learning for AI/images_OBJ036/OBJ036_bg_001.jpg,OBJ036,True,1,no_object,train
IE7615 Deep Learning for AI/images_OBJ036/OBJ036_bg_002.jpg,OBJ036,True,2,no_object,train
IE7615 Deep Learning for AI/images_OBJ036/OBJ036_bg_003.jpg,OBJ036,True,3,no_object,train
IE7615 Deep Learning for AI/images_OBJ036/OBJ036_bg_004.jpg,OBJ036,True,4,no_object,train
IE7615 Deep Learning for AI/images_OBJ036/OBJ036_bg_005.jpg,OBJ036,True,5,no_object,train
IE7615 Deep Learning for AI/images_OBJ037/OBJ037_001.jpg,OBJ037,False,1,OBJ037,train
IE7615 Deep Learning for AI/images_OBJ037/OBJ037_002.jpg,OBJ037,False,2,OBJ037,train
IE7615 Deep Learning for AI/images_OBJ037/OBJ037_003.jpg,OBJ037,False,3,OBJ037,train
IE7615 Deep Learning for AI/images_OBJ037/OBJ037_004.jpg,OBJ037,False,4,OBJ037,train
IE7615 Deep Learning for AI/images_OBJ037/OBJ037_005.jpg,OBJ037,False,5,OBJ037,train
IE7615 Deep Learning for AI/images_OBJ037/OBJ037_006.jpg,OBJ037,False,6,OBJ037,train
IE7615 Deep Learning for AI/images_OBJ037/OBJ037_007.jpg,OBJ037,False,7,OBJ037,train
IE7615 Deep Learning for AI/images_OBJ037/OBJ037_008.jpg,OBJ037,False,8,OBJ037,train
IE7615 Deep Learning for AI/images_OBJ037/OBJ037_009.jpg,OBJ037,False,9,OBJ037,train
IE7615 Deep Learning for AI/images_OBJ037/OBJ037_010.jpg,OBJ037,False,10,OBJ037,train
IE7615 Deep Learning for AI/images_OBJ037/OBJ037_011.jpg,OBJ037,False,11,OBJ037,train
IE7615 Deep Learning for AI/images_OBJ037/OBJ037_012.jpg,OBJ037,False,12,OBJ037,train
IE7615 Deep Learning for AI/images_OBJ037/OBJ037_013.jpg,OBJ037,False,13,OBJ037,train
IE7615 Deep Learning for AI/images_OBJ037/OBJ037_014.jpg,OBJ037,False,14,OBJ037,train
IE7615 Deep Learning for AI/images_OBJ037/OBJ037_015.jpg,OBJ037,False,15,OBJ037,train
IE7615 Deep Learning for AI/images_OBJ037/OBJ037_016.jpg,OBJ037,False,16,OBJ037,train
IE7615 Deep Learning for AI/images_OBJ037/OBJ037_017.jpg,OBJ037,False,17,OBJ037,train
IE7615 Deep Learning for AI/images_OBJ037/OBJ037_018.jpg,OBJ037,False,18,OBJ037,train
IE7615 Deep Learning for AI/images_OBJ037/OBJ037_019.jpg,OBJ037,False,19,OBJ037,train
IE7615 Deep Learning for AI/images_OBJ037/OBJ037_020.jpg,OBJ037,False,20,OBJ037,train
IE7615 Deep Learning for AI/images_OBJ037/OBJ037_021.jpg,OBJ037,False,21,OBJ037,test
IE7615 Deep Learning for AI/images_OBJ037/OBJ037_022.jpg,OBJ037,False,22,OBJ037,test
IE7615 Deep Learning for AI/images_OBJ037/OBJ037_023.jpg,OBJ037,False,23,OBJ037,test
IE7615 Deep Learning for AI/images_OBJ037/OBJ037_024.jpg,OBJ037,False,24,OBJ037,test
IE7615 Deep Learning for AI/images_OBJ037/OBJ037_025.jpg,OBJ037,False,25,OBJ037,test
IE7615 Deep Learning for AI/images_OBJ037/OBJ037_026.jpg,OBJ037,False,26,OBJ037,train
IE7615 Deep Learning for AI/images_OBJ037/OBJ037_027.jpg,OBJ037,False,27,OBJ037,train
IE7615 Deep Learning for AI/images_OBJ037/OBJ037_028.jpg,OBJ037,False,28,OBJ037,train
IE7615 Deep Learning for AI/images_OBJ037/OBJ037_029.jpg,OBJ037,False,29,OBJ037,train
IE7615 Deep Learning for AI/images_OBJ037/OBJ037_030.jpg,OBJ037,False,30,OBJ037,train
IE7615 Deep Learning for AI/images_OBJ037/OBJ037_031.jpg,OBJ037,False,31,OBJ037,test
IE7615 Deep Learning for AI/images_OBJ037/OBJ037_032.jpg,OBJ037,False,32,OBJ037,test
IE7615 Deep Learning for AI/images_OBJ037/OBJ037_033.jpg,OBJ037,False,33,OBJ037,test
IE7615 Deep Learning for AI/images_OBJ037/OBJ037_034.jpg,OBJ037,False,34,OBJ037,test
IE7615 Deep Learning for AI/images_OBJ037/OBJ037_035.jpg,OBJ037,False,35,OBJ037,test
IE7615 Deep Learning for AI/images_OBJ037/OBJ037_036.jpg,OBJ037,False,36,OBJ037,train
IE7615 Deep Learning for AI/images_OBJ037/OBJ037_037.jpg,OBJ037,False,37,OBJ037,train
IE7615 Deep Learning for AI/images_OBJ037/OBJ037_038.jpg,OBJ037,False,38,OBJ037,train
IE7615 Deep Learning for AI/images_OBJ037/OBJ037_039.jpg,OBJ037,False,39,OBJ037,train
IE7615 Deep Learning for AI/images_OBJ037/OBJ037_040.jpg,OBJ037,False,40,OBJ037,train
IE7615 Deep Learning for AI/images_OBJ037/OBJ037_041.jpg,OBJ037,False,41,OBJ037,train
IE7615 Deep Learning for AI/images_OBJ037/OBJ037_042.jpg,OBJ037,False,42,OBJ037,train
IE7615 Deep Learning for AI/images_OBJ037/OBJ037_043.jpg,OBJ037,False,43,OBJ037,train
IE7615 Deep Learning for AI/images_OBJ037/OBJ037_044.jpg,OBJ037,False,44,OBJ037,train
IE7615 Deep Learning for AI/images_OBJ037/OBJ037_045.jpg,OBJ037,False,45,OBJ037,train
IE7615 Deep Learning for AI/images_OBJ037/OBJ037_046.jpg,OBJ037,False,46,OBJ037,test
IE7615 Deep Learning for AI/images_OBJ037/OBJ037_047.jpg,OBJ037,False,47,OBJ037,test
IE7615 Deep Learning for AI/images_OBJ037/OBJ037_048.jpg,OBJ037,False,48,OBJ037,test
IE7615 Deep Learning for AI/images_OBJ037/OBJ037_049.jpg,OBJ037,False,49,OBJ037,test
IE7615 Deep Learning for AI/images_OBJ037/OBJ037_050.jpg,OBJ037,False,50,OBJ037,test
IE7615 Deep Learning for AI/images_OBJ037/OBJ037_051.jpg,OBJ037,False,51,OBJ037,train
IE7615 Deep Learning for AI/images_OBJ037/OBJ037_052.jpg,OBJ037,False,52,OBJ037,train
IE7615 Deep Learning for AI/images_OBJ037/OBJ037_053.jpg,OBJ037,False,53,OBJ037,train
IE7615 Deep Learning for AI/images_OBJ037/OBJ037_054.jpg,OBJ037,False,54,OBJ037,train
IE7615 Deep Learning for AI/images_OBJ037/OBJ037_055.jpg,OBJ037,False,55,OBJ037,train
IE7615 Deep Learning for AI/images_OBJ037/OBJ037_056.jpg,OBJ037,False,56,OBJ037,train
IE7615 Deep Learning for AI/images_OBJ037/OBJ037_057.jpg,OBJ037,False,57,OBJ037,train
IE7615 Deep Learning for AI/images_OBJ037/OBJ037_058.jpg,OBJ037,False,58,OBJ037,train
IE7615 Deep Learning for AI/images_OBJ037/OBJ037_059.jpg,OBJ037,False,59,OBJ037,train
IE7615 Deep Learning for AI/images_OBJ037/OBJ037_060.jpg,OBJ037,False,60,OBJ037,train
IE7615 Deep Learning for AI/images_OBJ037/OBJ037_061.jpg,OBJ037,False,61,OBJ037,val
IE7615 Deep Learning for AI/images_OBJ037/OBJ037_062.jpg,OBJ037,False,62,OBJ037,val
IE7615 Deep Learning for AI/images_OBJ037/OBJ037_063.jpg,OBJ037,False,63,OBJ037,val
IE7615 Deep Learning for AI/images_OBJ037/OBJ037_064.jpg,OBJ037,False,64,OBJ037,val
IE7615 Deep Learning for AI/images_OBJ037/OBJ037_065.jpg,OBJ037,False,65,OBJ037,val
IE7615 Deep Learning for AI/images_OBJ037/OBJ037_066.jpg,OBJ037,False,66,OBJ037,train
IE7615 Deep Learning for AI/images_OBJ037/OBJ037_067.jpg,OBJ037,False,67,OBJ037,train
IE7615 Deep Learning for AI/images_OBJ037/OBJ037_068.jpg,OBJ037,False,68,OBJ037,train
IE7615 Deep Learning for AI/images_OBJ037/OBJ037_069.jpg,OBJ037,False,69,OBJ037,train
IE7615 Deep Learning for AI/images_OBJ037/OBJ037_070.jpg,OBJ037,False,70,OBJ037,train
IE7615 Deep Learning for AI/images_OBJ037/OBJ037_071.jpg,OBJ037,False,71,OBJ037,train
IE7615 Deep Learning for AI/images_OBJ037/OBJ037_072.jpg,OBJ037,False,72,OBJ037,train
IE7615 Deep Learning for AI/images_OBJ037/OBJ037_073.jpg,OBJ037,False,73,OBJ037,train
IE7615 Deep Learning for AI/images_OBJ037/OBJ037_074.jpg,OBJ037,False,74,OBJ037,train
IE7615 Deep Learning for AI/images_OBJ037/OBJ037_075.jpg,OBJ037,False,75,OBJ037,train
IE7615 Deep Learning for AI/images_OBJ037/OBJ037_076.jpg,OBJ037,False,76,OBJ037,val
IE7615 Deep Learning for AI/images_OBJ037/OBJ037_077.jpg,OBJ037,False,77,OBJ037,val
IE7615 Deep Learning for AI/images_OBJ037/OBJ037_078.jpg,OBJ037,False,78,OBJ037,val
IE7615 Deep Learning for AI/images_OBJ037/OBJ037_079.jpg,OBJ037,False,79,OBJ037,val
IE7615 Deep Learning for AI/images_OBJ037/OBJ037_080.jpg,OBJ037,False,80,OBJ037,val
IE7615 Deep Learning for AI/images_OBJ037/OBJ037_081.jpg,OBJ037,False,81,OBJ037,val
IE7615 Deep Learning for AI/images_OBJ037/OBJ037_082.jpg,OBJ037,False,82,OBJ037,val
IE7615 Deep Learning for AI/images_OBJ037/OBJ037_083.jpg,OBJ037,False,83,OBJ037,val
IE7615 Deep Learning for AI/images_OBJ037/OBJ037_084.jpg,OBJ037,False,84,OBJ037,val
IE7615 Deep Learning for AI/images_OBJ037/OBJ037_085.jpg,OBJ037,False,85,OBJ037,val
IE7615 Deep Learning for AI/images_OBJ037/OBJ037_086.jpg,OBJ037,False,86,OBJ037,train
IE7615 Deep Learning for AI/images_OBJ037/OBJ037_087.jpg,OBJ037,False,87,OBJ037,train
IE7615 Deep Learning for AI/images_OBJ037/OBJ037_088.jpg,OBJ037,False,88,OBJ037,train
IE7615 Deep Learning for AI/images_OBJ037/OBJ037_089.jpg,OBJ037,False,89,OBJ037,train
IE7615 Deep Learning for AI/images_OBJ037/OBJ037_090.jpg,OBJ037,False,90,OBJ037,train
IE7615 Deep Learning for AI/images_OBJ037/OBJ037_091.jpg,OBJ037,False,91,OBJ037,train
IE7615 Deep Learning for AI/images_OBJ037/OBJ037_092.jpg,OBJ037,False,92,OBJ037,train
IE7615 Deep Learning for AI/images_OBJ037/OBJ037_093.jpg,OBJ037,False,93,OBJ037,train
IE7615 Deep Learning for AI/images_OBJ037/OBJ037_094.jpg,OBJ037,False,94,OBJ037,train
IE7615 Deep Learning for AI/images_OBJ037/OBJ037_095.jpg,OBJ037,False,95,OBJ037,train
IE7615 Deep Learning for AI/images_OBJ037/OBJ037_bg_001.jpg,OBJ037,True,1,no_object,test
IE7615 Deep Learning for AI/images_OBJ037/OBJ037_bg_002.jpg,OBJ037,True,2,no_object,test
IE7615 Deep Learning for AI/images_OBJ037/OBJ037_bg_003.jpg,OBJ037,True,3,no_object,test
IE7615 Deep Learning for AI/images_OBJ037/OBJ037_bg_004.jpg,OBJ037,True,4,no_object,test
IE7615 Deep Learning for AI/images_OBJ037/OBJ037_bg_005.jpg,OBJ037,True,5,no_object,test
IE7615 Deep Learning for AI/images_OBJ038/OBJ038_001.jpg,OBJ038,False,1,OBJ038,train
IE7615 Deep Learning for AI/images_OBJ038/OBJ038_002.jpg,OBJ038,False,2,OBJ038,train
IE7615 Deep Learning for AI/images_OBJ038/OBJ038_003.jpg,OBJ038,False,3,OBJ038,train
IE7615 Deep Learning for AI/images_OBJ038/OBJ038_004.jpg,OBJ038,False,4,OBJ038,train
IE7615 Deep Learning for AI/images_OBJ038/OBJ038_005.jpg,OBJ038,False,5,OBJ038,train
IE7615 Deep Learning for AI/images_OBJ038/OBJ038_006.jpg,OBJ038,False,6,OBJ038,test
IE7615 Deep Learning for AI/images_OBJ038/OBJ038_007.jpg,OBJ038,False,7,OBJ038,test
IE7615 Deep Learning for AI/images_OBJ038/OBJ038_008.jpg,OBJ038,False,8,OBJ038,test
IE7615 Deep Learning for AI/images_OBJ038/OBJ038_009.jpg,OBJ038,False,9,OBJ038,test
IE7615 Deep Learning for AI/images_OBJ038/OBJ038_010.jpg,OBJ038,False,10,OBJ038,test
IE7615 Deep Learning for AI/images_OBJ038/OBJ038_011.jpg,OBJ038,False,11,OBJ038,val
IE7615 Deep Learning for AI/images_OBJ038/OBJ038_012.jpg,OBJ038,False,12,OBJ038,val
IE7615 Deep Learning for AI/images_OBJ038/OBJ038_013.jpg,OBJ038,False,13,OBJ038,val
IE7615 Deep Learning for AI/images_OBJ038/OBJ038_014.jpg,OBJ038,False,14,OBJ038,val
IE7615 Deep Learning for AI/images_OBJ038/OBJ038_015.jpg,OBJ038,False,15,OBJ038,val
IE7615 Deep Learning for AI/images_OBJ038/OBJ038_016.jpg,OBJ038,False,16,OBJ038,train
IE7615 Deep Learning for AI/images_OBJ038/OBJ038_017.jpg,OBJ038,False,17,OBJ038,train
IE7615 Deep Learning for AI/images_OBJ038/OBJ038_018.jpg,OBJ038,False,18,OBJ038,train
IE7615 Deep Learning for AI/images_OBJ038/OBJ038_019.jpg,OBJ038,False,19,OBJ038,train
IE7615 Deep Learning for AI/images_OBJ038/OBJ038_020.jpg,OBJ038,False,20,OBJ038,train
IE7615 Deep Learning for AI/images_OBJ038/OBJ038_021.jpg,OBJ038,False,21,OBJ038,test
IE7615 Deep Learning for AI/images_OBJ038/OBJ038_022.jpg,OBJ038,False,22,OBJ038,test
IE7615 Deep Learning for AI/images_OBJ038/OBJ038_023.jpg,OBJ038,False,23,OBJ038,test
IE7615 Deep Learning for AI/images_OBJ038/OBJ038_024.jpg,OBJ038,False,24,OBJ038,test
IE7615 Deep Learning for AI/images_OBJ038/OBJ038_025.jpg,OBJ038,False,25,OBJ038,test
IE7615 Deep Learning for AI/images_OBJ038/OBJ038_026.jpg,OBJ038,False,26,OBJ038,train
IE7615 Deep Learning for AI/images_OBJ038/OBJ038_027.jpg,OBJ038,False,27,OBJ038,train
IE7615 Deep Learning for AI/images_OBJ038/OBJ038_028.jpg,OBJ038,False,28,OBJ038,train
IE7615 Deep Learning for AI/images_OBJ038/OBJ038_029.jpg,OBJ038,False,29,OBJ038,train
IE7615 Deep Learning for AI/images_OBJ038/OBJ038_030.jpg,OBJ038,False,30,OBJ038,train
IE7615 Deep Learning for AI/images_OBJ038/OBJ038_031.jpg,OBJ038,False,31,OBJ038,train
IE7615 Deep Learning for AI/images_OBJ038/OBJ038_032.jpg,OBJ038,False,32,OBJ038,train
IE7615 Deep Learning for AI/images_OBJ038/OBJ038_033.jpg,OBJ038,False,33,OBJ038,train
IE7615 Deep Learning for AI/images_OBJ038/OBJ038_034.jpg,OBJ038,False,34,OBJ038,train
IE7615 Deep Learning for AI/images_OBJ038/OBJ038_035.jpg,OBJ038,False,35,OBJ038,train
IE7615 Deep Learning for AI/images_OBJ038/OBJ038_036.jpg,OBJ038,False,36,OBJ038,train
IE7615 Deep Learning for AI/images_OBJ038/OBJ038_037.jpg,OBJ038,False,37,OBJ038,train
IE7615 Deep Learning for AI/images_OBJ038/OBJ038_038.jpg,OBJ038,False,38,OBJ038,train
IE7615 Deep Learning for AI/images_OBJ038/OBJ038_039.jpg,OBJ038,False,39,OBJ038,train
IE7615 Deep Learning for AI/images_OBJ038/OBJ038_040.jpg,OBJ038,False,40,OBJ038,train
IE7615 Deep Learning for AI/images_OBJ038/OBJ038_041.jpg,OBJ038,False,41,OBJ038,train
IE7615 Deep Learning for AI/images_OBJ038/OBJ038_042.jpg,OBJ038,False,42,OBJ038,train
IE7615 Deep Learning for AI/images_OBJ038/OBJ038_043.jpg,OBJ038,False,43,OBJ038,train
IE7615 Deep Learning for AI/images_OBJ038/OBJ038_044.jpg,OBJ038,False,44,OBJ038,train
IE7615 Deep Learning for AI/images_OBJ038/OBJ038_045.jpg,OBJ038,False,45,OBJ038,train
IE7615 Deep Learning for AI/images_OBJ038/OBJ038_046.jpg,OBJ038,False,46,OBJ038,train
IE7615 Deep Learning for AI/images_OBJ038/OBJ038_047.jpg,OBJ038,False,47,OBJ038,train
IE7615 Deep Learning for AI/images_OBJ038/OBJ038_048.jpg,OBJ038,False,48,OBJ038,train
IE7615 Deep Learning for AI/images_OBJ038/OBJ038_049.jpg,OBJ038,False,49,OBJ038,train
IE7615 Deep Learning for AI/images_OBJ038/OBJ038_050.jpg,OBJ038,False,50,OBJ038,train
IE7615 Deep Learning for AI/images_OBJ038/OBJ038_051.jpg,OBJ038,False,51,OBJ038,train
IE7615 Deep Learning for AI/images_OBJ038/OBJ038_052.jpg,OBJ038,False,52,OBJ038,train
IE7615 Deep Learning for AI/images_OBJ038/OBJ038_053.jpg,OBJ038,False,53,OBJ038,train
IE7615 Deep Learning for AI/images_OBJ038/OBJ038_054.jpg,OBJ038,False,54,OBJ038,train
IE7615 Deep Learning for AI/images_OBJ038/OBJ038_055.jpg,OBJ038,False,55,OBJ038,train
IE7615 Deep Learning for AI/images_OBJ038/OBJ038_056.jpg,OBJ038,False,56,OBJ038,val
IE7615 Deep Learning for AI/images_OBJ038/OBJ038_057.jpg,OBJ038,False,57,OBJ038,val
IE7615 Deep Learning for AI/images_OBJ038/OBJ038_058.jpg,OBJ038,False,58,OBJ038,val
IE7615 Deep Learning for AI/images_OBJ038/OBJ038_059.jpg,OBJ038,False,59,OBJ038,val
IE7615 Deep Learning for AI/images_OBJ038/OBJ038_060.jpg,OBJ038,False,60,OBJ038,val
IE7615 Deep Learning for AI/images_OBJ038/OBJ038_061.jpg,OBJ038,False,61,OBJ038,test
IE7615 Deep Learning for AI/images_OBJ038/OBJ038_062.jpg,OBJ038,False,62,OBJ038,test
IE7615 Deep Learning for AI/images_OBJ038/OBJ038_063.jpg,OBJ038,False,63,OBJ038,test
IE7615 Deep Learning for AI/images_OBJ038/OBJ038_064.jpg,OBJ038,False,64,OBJ038,test
IE7615 Deep Learning for AI/images_OBJ038/OBJ038_065.jpg,OBJ038,False,65,OBJ038,test
IE7615 Deep Learning for AI/images_OBJ038/OBJ038_066.jpg,OBJ038,False,66,OBJ038,train
IE7615 Deep Learning for AI/images_OBJ038/OBJ038_067.jpg,OBJ038,False,67,OBJ038,train
IE7615 Deep Learning for AI/images_OBJ038/OBJ038_068.jpg,OBJ038,False,68,OBJ038,train
IE7615 Deep Learning for AI/images_OBJ038/OBJ038_069.jpg,OBJ038,False,69,OBJ038,train
IE7615 Deep Learning for AI/images_OBJ038/OBJ038_070.jpg,OBJ038,False,70,OBJ038,train
IE7615 Deep Learning for AI/images_OBJ038/OBJ038_071.jpg,OBJ038,False,71,OBJ038,train
IE7615 Deep Learning for AI/images_OBJ038/OBJ038_072.jpg,OBJ038,False,72,OBJ038,train
IE7615 Deep Learning for AI/images_OBJ038/OBJ038_073.jpg,OBJ038,False,73,OBJ038,train
IE7615 Deep Learning for AI/images_OBJ038/OBJ038_074.jpg,OBJ038,False,74,OBJ038,train
IE7615 Deep Learning for AI/images_OBJ038/OBJ038_075.jpg,OBJ038,False,75,OBJ038,train
IE7615 Deep Learning for AI/images_OBJ038/OBJ038_076.jpg,OBJ038,False,76,OBJ038,train
IE7615 Deep Learning for AI/images_OBJ038/OBJ038_077.jpg,OBJ038,False,77,OBJ038,train
IE7615 Deep Learning for AI/images_OBJ038/OBJ038_078.jpg,OBJ038,False,78,OBJ038,train
IE7615 Deep Learning for AI/images_OBJ038/OBJ038_079.jpg,OBJ038,False,79,OBJ038,train
IE7615 Deep Learning for AI/images_OBJ038/OBJ038_080.jpg,OBJ038,False,80,OBJ038,train
IE7615 Deep Learning for AI/images_OBJ038/OBJ038_081.jpg,OBJ038,False,81,OBJ038,val
IE7615 Deep Learning for AI/images_OBJ038/OBJ038_082.jpg,OBJ038,False,82,OBJ038,val
IE7615 Deep Learning for AI/images_OBJ038/OBJ038_083.jpg,OBJ038,False,83,OBJ038,val
IE7615 Deep Learning for AI/images_OBJ038/OBJ038_084.jpg,OBJ038,False,84,OBJ038,val
IE7615 Deep Learning for AI/images_OBJ038/OBJ038_085.jpg,OBJ038,False,85,OBJ038,val
IE7615 Deep Learning for AI/images_OBJ038/OBJ038_086.jpg,OBJ038,False,86,OBJ038,train
IE7615 Deep Learning for AI/images_OBJ038/OBJ038_087.jpg,OBJ038,False,87,OBJ038,train
IE7615 Deep Learning for AI/images_OBJ038/OBJ038_088.jpg,OBJ038,False,88,OBJ038,train
IE7615 Deep Learning for AI/images_OBJ038/OBJ038_089.jpg,OBJ038,False,89,OBJ038,train
IE7615 Deep Learning for AI/images_OBJ038/OBJ038_090.jpg,OBJ038,False,90,OBJ038,train
IE7615 Deep Learning for AI/images_OBJ038/OBJ038_091.jpg,OBJ038,False,91,OBJ038,train
IE7615 Deep Learning for AI/images_OBJ038/OBJ038_092.jpg,OBJ038,False,92,OBJ038,train
IE7615 Deep Learning for AI/images_OBJ038/OBJ038_093.jpg,OBJ038,False,93,OBJ038,train
IE7615 Deep Learning for AI/images_OBJ038/OBJ038_094.jpg,OBJ038,False,94,OBJ038,train
IE7615 Deep Learning for AI/images_OBJ038/OBJ038_095.jpg,OBJ038,False,95,OBJ038,train
IE7615 Deep Learning for AI/images_OBJ038/OBJ038_bg_001.jpg,OBJ038,True,1,no_object,train
IE7615 Deep Learning for AI/images_OBJ038/OBJ038_bg_002.jpg,OBJ038,True,2,no_object,train
IE7615 Deep Learning for AI/images_OBJ038/OBJ038_bg_003.jpg,OBJ038,True,3,no_object,train
IE7615 Deep Learning for AI/images_OBJ038/OBJ038_bg_004.jpg,OBJ038,True,4,no_object,train
IE7615 Deep Learning for AI/images_OBJ038/OBJ038_bg_005.jpg,OBJ038,True,5,no_object,train
IE7615 Deep Learning for AI/images_OBJ039/OBJ039_001.jpg,OBJ039,False,1,OBJ039,train
IE7615 Deep Learning for AI/images_OBJ039/OBJ039_002.jpg,OBJ039,False,2,OBJ039,train
IE7615 Deep Learning for AI/images_OBJ039/OBJ039_003.jpg,OBJ039,False,3,OBJ039,train
IE7615 Deep Learning for AI/images_OBJ039/OBJ039_004.jpg,OBJ039,False,4,OBJ039,train
IE7615 Deep Learning for AI/images_OBJ039/OBJ039_005.jpg,OBJ039,False,5,OBJ039,train
IE7615 Deep Learning for AI/images_OBJ039/OBJ039_006.jpg,OBJ039,False,6,OBJ039,val
IE7615 Deep Learning for AI/images_OBJ039/OBJ039_007.jpg,OBJ039,False,7,OBJ039,val
IE7615 Deep Learning for AI/images_OBJ039/OBJ039_008.jpg,OBJ039,False,8,OBJ039,val
IE7615 Deep Learning for AI/images_OBJ039/OBJ039_009.jpg,OBJ039,False,9,OBJ039,val
IE7615 Deep Learning for AI/images_OBJ039/OBJ039_010.jpg,OBJ039,False,10,OBJ039,val
IE7615 Deep Learning for AI/images_OBJ039/OBJ039_011.jpg,OBJ039,False,11,OBJ039,train
IE7615 Deep Learning for AI/images_OBJ039/OBJ039_012.jpg,OBJ039,False,12,OBJ039,train
IE7615 Deep Learning for AI/images_OBJ039/OBJ039_013.jpg,OBJ039,False,13,OBJ039,train
IE7615 Deep Learning for AI/images_OBJ039/OBJ039_014.jpg,OBJ039,False,14,OBJ039,train
IE7615 Deep Learning for AI/images_OBJ039/OBJ039_015.jpg,OBJ039,False,15,OBJ039,train
IE7615 Deep Learning for AI/images_OBJ039/OBJ039_016.jpg,OBJ039,False,16,OBJ039,test
IE7615 Deep Learning for AI/images_OBJ039/OBJ039_017.jpg,OBJ039,False,17,OBJ039,test
IE7615 Deep Learning for AI/images_OBJ039/OBJ039_018.jpg,OBJ039,False,18,OBJ039,test
IE7615 Deep Learning for AI/images_OBJ039/OBJ039_019.jpg,OBJ039,False,19,OBJ039,test
IE7615 Deep Learning for AI/images_OBJ039/OBJ039_020.jpg,OBJ039,False,20,OBJ039,test
IE7615 Deep Learning for AI/images_OBJ039/OBJ039_021.jpg,OBJ039,False,21,OBJ039,train
IE7615 Deep Learning for AI/images_OBJ039/OBJ039_022.jpg,OBJ039,False,22,OBJ039,train
IE7615 Deep Learning for AI/images_OBJ039/OBJ039_023.jpg,OBJ039,False,23,OBJ039,train
IE7615 Deep Learning for AI/images_OBJ039/OBJ039_024.jpg,OBJ039,False,24,OBJ039,train
IE7615 Deep Learning for AI/images_OBJ039/OBJ039_025.jpg,OBJ039,False,25,OBJ039,train
IE7615 Deep Learning for AI/images_OBJ039/OBJ039_026.jpg,OBJ039,False,26,OBJ039,train
IE7615 Deep Learning for AI/images_OBJ039/OBJ039_027.jpg,OBJ039,False,27,OBJ039,train
IE7615 Deep Learning for AI/images_OBJ039/OBJ039_028.jpg,OBJ039,False,28,OBJ039,train
IE7615 Deep Learning for AI/images_OBJ039/OBJ039_029.jpg,OBJ039,False,29,OBJ039,train
IE7615 Deep Learning for AI/images_OBJ039/OBJ039_030.jpg,OBJ039,False,30,OBJ039,train
IE7615 Deep Learning for AI/images_OBJ039/OBJ039_031.jpg,OBJ039,False,31,OBJ039,test
IE7615 Deep Learning for AI/images_OBJ039/OBJ039_032.jpg,OBJ039,False,32,OBJ039,test
IE7615 Deep Learning for AI/images_OBJ039/OBJ039_033.jpg,OBJ039,False,33,OBJ039,test
IE7615 Deep Learning for AI/images_OBJ039/OBJ039_034.jpg,OBJ039,False,34,OBJ039,test
IE7615 Deep Learning for AI/images_OBJ039/OBJ039_035.jpg,OBJ039,False,35,OBJ039,test
IE7615 Deep Learning for AI/images_OBJ039/OBJ039_036.jpg,OBJ039,False,36,OBJ039,train
IE7615 Deep Learning for AI/images_OBJ039/OBJ039_037.jpg,OBJ039,False,37,OBJ039,train
IE7615 Deep Learning for AI/images_OBJ039/OBJ039_038.jpg,OBJ039,False,38,OBJ039,train
IE7615 Deep Learning for AI/images_OBJ039/OBJ039_039.jpg,OBJ039,False,39,OBJ039,train
IE7615 Deep Learning for AI/images_OBJ039/OBJ039_040.jpg,OBJ039,False,40,OBJ039,train
IE7615 Deep Learning for AI/images_OBJ039/OBJ039_041.jpg,OBJ039,False,41,OBJ039,train
IE7615 Deep Learning for AI/images_OBJ039/OBJ039_042.jpg,OBJ039,False,42,OBJ039,train
IE7615 Deep Learning for AI/images_OBJ039/OBJ039_043.jpg,OBJ039,False,43,OBJ039,train
IE7615 Deep Learning for AI/images_OBJ039/OBJ039_044.jpg,OBJ039,False,44,OBJ039,train
IE7615 Deep Learning for AI/images_OBJ039/OBJ039_045.jpg,OBJ039,False,45,OBJ039,train
IE7615 Deep Learning for AI/images_OBJ039/OBJ039_046.jpg,OBJ039,False,46,OBJ039,test
IE7615 Deep Learning for AI/images_OBJ039/OBJ039_047.jpg,OBJ039,False,47,OBJ039,test
IE7615 Deep Learning for AI/images_OBJ039/OBJ039_048.jpg,OBJ039,False,48,OBJ039,test
IE7615 Deep Learning for AI/images_OBJ039/OBJ039_049.jpg,OBJ039,False,49,OBJ039,test
IE7615 Deep Learning for AI/images_OBJ039/OBJ039_050.jpg,OBJ039,False,50,OBJ039,test
IE7615 Deep Learning for AI/images_OBJ039/OBJ039_051.jpg,OBJ039,False,51,OBJ039,train
IE7615 Deep Learning for AI/images_OBJ039/OBJ039_052.jpg,OBJ039,False,52,OBJ039,train
IE7615 Deep Learning for AI/images_OBJ039/OBJ039_053.jpg,OBJ039,False,53,OBJ039,train
IE7615 Deep Learning for AI/images_OBJ039/OBJ039_054.jpg,OBJ039,False,54,OBJ039,train
IE7615 Deep Learning for AI/images_OBJ039/OBJ039_055.jpg,OBJ039,False,55,OBJ039,train
IE7615 Deep Learning for AI/images_OBJ039/OBJ039_056.jpg,OBJ039,False,56,OBJ039,val
IE7615 Deep Learning for AI/images_OBJ039/OBJ039_057.jpg,OBJ039,False,57,OBJ039,val
IE7615 Deep Learning for AI/images_OBJ039/OBJ039_058.jpg,OBJ039,False,58,OBJ039,val
IE7615 Deep Learning for AI/images_OBJ039/OBJ039_059.jpg,OBJ039,False,59,OBJ039,val
IE7615 Deep Learning for AI/images_OBJ039/OBJ039_060.jpg,OBJ039,False,60,OBJ039,val
IE7615 Deep Learning for AI/images_OBJ039/OBJ039_061.jpg,OBJ039,False,61,OBJ039,train
IE7615 Deep Learning for AI/images_OBJ039/OBJ039_062.jpg,OBJ039,False,62,OBJ039,train
IE7615 Deep Learning for AI/images_OBJ039/OBJ039_063.jpg,OBJ039,False,63,OBJ039,train
IE7615 Deep Learning for AI/images_OBJ039/OBJ039_064.jpg,OBJ039,False,64,OBJ039,train
IE7615 Deep Learning for AI/images_OBJ039/OBJ039_065.jpg,OBJ039,False,65,OBJ039,train
IE7615 Deep Learning for AI/images_OBJ039/OBJ039_066.jpg,OBJ039,False,66,OBJ039,val
IE7615 Deep Learning for AI/images_OBJ039/OBJ039_067.jpg,OBJ039,False,67,OBJ039,val
IE7615 Deep Learning for AI/images_OBJ039/OBJ039_068.jpg,OBJ039,False,68,OBJ039,val
IE7615 Deep Learning for AI/images_OBJ039/OBJ039_069.jpg,OBJ039,False,69,OBJ039,val
IE7615 Deep Learning for AI/images_OBJ039/OBJ039_070.jpg,OBJ039,False,70,OBJ039,val
IE7615 Deep Learning for AI/images_OBJ039/OBJ039_071.jpg,OBJ039,False,71,OBJ039,train
IE7615 Deep Learning for AI/images_OBJ039/OBJ039_072.jpg,OBJ039,False,72,OBJ039,train
IE7615 Deep Learning for AI/images_OBJ039/OBJ039_073.jpg,OBJ039,False,73,OBJ039,train
IE7615 Deep Learning for AI/images_OBJ039/OBJ039_074.jpg,OBJ039,False,74,OBJ039,train
IE7615 Deep Learning for AI/images_OBJ039/OBJ039_075.jpg,OBJ039,False,75,OBJ039,train
IE7615 Deep Learning for AI/images_OBJ039/OBJ039_076.jpg,OBJ039,False,76,OBJ039,train
IE7615 Deep Learning for AI/images_OBJ039/OBJ039_077.jpg,OBJ039,False,77,OBJ039,train
IE7615 Deep Learning for AI/images_OBJ039/OBJ039_078.jpg,OBJ039,False,78,OBJ039,train
IE7615 Deep Learning for AI/images_OBJ039/OBJ039_079.jpg,OBJ039,False,79,OBJ039,train
IE7615 Deep Learning for AI/images_OBJ039/OBJ039_080.jpg,OBJ039,False,80,OBJ039,train
IE7615 Deep Learning for AI/images_OBJ039/OBJ039_081.jpg,OBJ039,False,81,OBJ039,train
IE7615 Deep Learning for AI/images_OBJ039/OBJ039_082.jpg,OBJ039,False,82,OBJ039,train
IE7615 Deep Learning for AI/images_OBJ039/OBJ039_083.jpg,OBJ039,False,83,OBJ039,train
IE7615 Deep Learning for AI/images_OBJ039/OBJ039_084.jpg,OBJ039,False,84,OBJ039,train
IE7615 Deep Learning for AI/images_OBJ039/OBJ039_085.jpg,OBJ039,False,85,OBJ039,train
IE7615 Deep Learning for AI/images_OBJ039/OBJ039_086.jpg,OBJ039,False,86,OBJ039,train
IE7615 Deep Learning for AI/images_OBJ039/OBJ039_087.jpg,OBJ039,False,87,OBJ039,train
IE7615 Deep Learning for AI/images_OBJ039/OBJ039_088.jpg,OBJ039,False,88,OBJ039,train
IE7615 Deep Learning for AI/images_OBJ039/OBJ039_089.jpg,OBJ039,False,89,OBJ039,train
IE7615 Deep Learning for AI/images_OBJ039/OBJ039_090.jpg,OBJ039,False,90,OBJ039,train
IE7615 Deep Learning for AI/images_OBJ039/OBJ039_091.jpg,OBJ039,False,91,OBJ039,train
IE7615 Deep Learning for AI/images_OBJ039/OBJ039_092.jpg,OBJ039,False,92,OBJ039,train
IE7615 Deep Learning for AI/images_OBJ039/OBJ039_093.jpg,OBJ039,False,93,OBJ039,train
IE7615 Deep Learning for AI/images_OBJ039/OBJ039_094.jpg,OBJ039,False,94,OBJ039,train
IE7615 Deep Learning for AI/images_OBJ039/OBJ039_095.jpg,OBJ039,False,95,OBJ039,train
IE7615 Deep Learning for AI/images_OBJ039/OBJ039_bg_001.jpg,OBJ039,True,1,no_object,train
IE7615 Deep Learning for AI/images_OBJ039/OBJ039_bg_002.jpg,OBJ039,True,2,no_object,train
IE7615 Deep Learning for AI/images_OBJ039/OBJ039_bg_003.jpg,OBJ039,True,3,no_object,train
IE7615 Deep Learning for AI/images_OBJ039/OBJ039_bg_004.jpg,OBJ039,True,4,no_object,train
IE7615 Deep Learning for AI/images_OBJ039/OBJ039_bg_005.jpg,OBJ039,True,5,no_object,train
IE7615 Deep Learning for AI/images_OBJ040/OBJ040_001.JPG,OBJ040,False,1,OBJ040,val
IE7615 Deep Learning for AI/images_OBJ040/OBJ040_002.JPG,OBJ040,False,2,OBJ040,val
IE7615 Deep Learning for AI/images_OBJ040/OBJ040_003.JPG,OBJ040,False,3,OBJ040,val
IE7615 Deep Learning for AI/images_OBJ040/OBJ040_004.JPG,OBJ040,False,4,OBJ040,val
IE7615 Deep Learning for AI/images_OBJ040/OBJ040_005.JPG,OBJ040,False,5,OBJ040,val
IE7615 Deep Learning for AI/images_OBJ040/OBJ040_006.JPG,OBJ040,False,6,OBJ040,train
IE7615 Deep Learning for AI/images_OBJ040/OBJ040_007.JPG,OBJ040,False,7,OBJ040,train
IE7615 Deep Learning for AI/images_OBJ040/OBJ040_008.JPG,OBJ040,False,8,OBJ040,train
IE7615 Deep Learning for AI/images_OBJ040/OBJ040_009.JPG,OBJ040,False,9,OBJ040,train
IE7615 Deep Learning for AI/images_OBJ040/OBJ040_010.JPG,OBJ040,False,10,OBJ040,train
IE7615 Deep Learning for AI/images_OBJ040/OBJ040_011.JPG,OBJ040,False,11,OBJ040,train
IE7615 Deep Learning for AI/images_OBJ040/OBJ040_012.JPG,OBJ040,False,12,OBJ040,train
IE7615 Deep Learning for AI/images_OBJ040/OBJ040_013.JPG,OBJ040,False,13,OBJ040,train
IE7615 Deep Learning for AI/images_OBJ040/OBJ040_014.JPG,OBJ040,False,14,OBJ040,train
IE7615 Deep Learning for AI/images_OBJ040/OBJ040_015.JPG,OBJ040,False,15,OBJ040,train
IE7615 Deep Learning for AI/images_OBJ040/OBJ040_016.JPG,OBJ040,False,16,OBJ040,train
IE7615 Deep Learning for AI/images_OBJ040/OBJ040_017.JPG,OBJ040,False,17,OBJ040,train
IE7615 Deep Learning for AI/images_OBJ040/OBJ040_018.JPG,OBJ040,False,18,OBJ040,train
IE7615 Deep Learning for AI/images_OBJ040/OBJ040_019.JPG,OBJ040,False,19,OBJ040,train
IE7615 Deep Learning for AI/images_OBJ040/OBJ040_020.JPG,OBJ040,False,20,OBJ040,train
IE7615 Deep Learning for AI/images_OBJ040/OBJ040_021.JPG,OBJ040,False,21,OBJ040,train
IE7615 Deep Learning for AI/images_OBJ040/OBJ040_022.JPG,OBJ040,False,22,OBJ040,train
IE7615 Deep Learning for AI/images_OBJ040/OBJ040_023.JPG,OBJ040,False,23,OBJ040,train
IE7615 Deep Learning for AI/images_OBJ040/OBJ040_024.JPG,OBJ040,False,24,OBJ040,train
IE7615 Deep Learning for AI/images_OBJ040/OBJ040_025.JPG,OBJ040,False,25,OBJ040,train
IE7615 Deep Learning for AI/images_OBJ040/OBJ040_026.JPG,OBJ040,False,26,OBJ040,train
IE7615 Deep Learning for AI/images_OBJ040/OBJ040_027.JPG,OBJ040,False,27,OBJ040,train
IE7615 Deep Learning for AI/images_OBJ040/OBJ040_028.JPG,OBJ040,False,28,OBJ040,train
IE7615 Deep Learning for AI/images_OBJ040/OBJ040_029.JPG,OBJ040,False,29,OBJ040,train
IE7615 Deep Learning for AI/images_OBJ040/OBJ040_030.JPG,OBJ040,False,30,OBJ040,train
IE7615 Deep Learning for AI/images_OBJ040/OBJ040_031.JPG,OBJ040,False,31,OBJ040,val
IE7615 Deep Learning for AI/images_OBJ040/OBJ040_032.JPG,OBJ040,False,32,OBJ040,val
IE7615 Deep Learning for AI/images_OBJ040/OBJ040_033.JPG,OBJ040,False,33,OBJ040,val
IE7615 Deep Learning for AI/images_OBJ040/OBJ040_034.JPG,OBJ040,False,34,OBJ040,val
IE7615 Deep Learning for AI/images_OBJ040/OBJ040_035.JPG,OBJ040,False,35,OBJ040,val
IE7615 Deep Learning for AI/images_OBJ040/OBJ040_036.JPG,OBJ040,False,36,OBJ040,test
IE7615 Deep Learning for AI/images_OBJ040/OBJ040_037.JPG,OBJ040,False,37,OBJ040,test
IE7615 Deep Learning for AI/images_OBJ040/OBJ040_038.JPG,OBJ040,False,38,OBJ040,test
IE7615 Deep Learning for AI/images_OBJ040/OBJ040_039.JPG,OBJ040,False,39,OBJ040,test
IE7615 Deep Learning for AI/images_OBJ040/OBJ040_040.JPG,OBJ040,False,40,OBJ040,test
IE7615 Deep Learning for AI/images_OBJ040/OBJ040_041.JPG,OBJ040,False,41,OBJ040,train
IE7615 Deep Learning for AI/images_OBJ040/OBJ040_042.JPG,OBJ040,False,42,OBJ040,train
IE7615 Deep Learning for AI/images_OBJ040/OBJ040_043.JPG,OBJ040,False,43,OBJ040,train
IE7615 Deep Learning for AI/images_OBJ040/OBJ040_044.JPG,OBJ040,False,44,OBJ040,train
IE7615 Deep Learning for AI/images_OBJ040/OBJ040_045.JPG,OBJ040,False,45,OBJ040,train
IE7615 Deep Learning for AI/images_OBJ040/OBJ040_046.JPG,OBJ040,False,46,OBJ040,train
IE7615 Deep Learning for AI/images_OBJ040/OBJ040_047.JPG,OBJ040,False,47,OBJ040,train
IE7615 Deep Learning for AI/images_OBJ040/OBJ040_048.JPG,OBJ040,False,48,OBJ040,train
IE7615 Deep Learning for AI/images_OBJ040/OBJ040_049.JPG,OBJ040,False,49,OBJ040,train
IE7615 Deep Learning for AI/images_OBJ040/OBJ040_050.JPG,OBJ040,False,50,OBJ040,train
IE7615 Deep Learning for AI/images_OBJ040/OBJ040_051.JPG,OBJ040,False,51,OBJ040,train
IE7615 Deep Learning for AI/images_OBJ040/OBJ040_052.JPG,OBJ040,False,52,OBJ040,train
IE7615 Deep Learning for AI/images_OBJ040/OBJ040_053.JPG,OBJ040,False,53,OBJ040,train
IE7615 Deep Learning for AI/images_OBJ040/OBJ040_054.JPG,OBJ040,False,54,OBJ040,train
IE7615 Deep Learning for AI/images_OBJ040/OBJ040_055.JPG,OBJ040,False,55,OBJ040,train
IE7615 Deep Learning for AI/images_OBJ040/OBJ040_056.JPG,OBJ040,False,56,OBJ040,train
IE7615 Deep Learning for AI/images_OBJ040/OBJ040_057.JPG,OBJ040,False,57,OBJ040,train
IE7615 Deep Learning for AI/images_OBJ040/OBJ040_058.JPG,OBJ040,False,58,OBJ040,train
IE7615 Deep Learning for AI/images_OBJ040/OBJ040_059.JPG,OBJ040,False,59,OBJ040,train
IE7615 Deep Learning for AI/images_OBJ040/OBJ040_060.JPG,OBJ040,False,60,OBJ040,train
IE7615 Deep Learning for AI/images_OBJ040/OBJ040_061.JPG,OBJ040,False,61,OBJ040,train
IE7615 Deep Learning for AI/images_OBJ040/OBJ040_062.JPG,OBJ040,False,62,OBJ040,train
IE7615 Deep Learning for AI/images_OBJ040/OBJ040_063.JPG,OBJ040,False,63,OBJ040,train
IE7615 Deep Learning for AI/images_OBJ040/OBJ040_064.JPG,OBJ040,False,64,OBJ040,train
IE7615 Deep Learning for AI/images_OBJ040/OBJ040_065.JPG,OBJ040,False,65,OBJ040,train
IE7615 Deep Learning for AI/images_OBJ040/OBJ040_066.JPG,OBJ040,False,66,OBJ040,val
IE7615 Deep Learning for AI/images_OBJ040/OBJ040_067.JPG,OBJ040,False,67,OBJ040,val
IE7615 Deep Learning for AI/images_OBJ040/OBJ040_068.JPG,OBJ040,False,68,OBJ040,val
IE7615 Deep Learning for AI/images_OBJ040/OBJ040_069.JPG,OBJ040,False,69,OBJ040,val
IE7615 Deep Learning for AI/images_OBJ040/OBJ040_070.JPG,OBJ040,False,70,OBJ040,val
IE7615 Deep Learning for AI/images_OBJ040/OBJ040_071.JPG,OBJ040,False,71,OBJ040,train
IE7615 Deep Learning for AI/images_OBJ040/OBJ040_072.JPG,OBJ040,False,72,OBJ040,train
IE7615 Deep Learning for AI/images_OBJ040/OBJ040_073.JPG,OBJ040,False,73,OBJ040,train
IE7615 Deep Learning for AI/images_OBJ040/OBJ040_074.JPG,OBJ040,False,74,OBJ040,train
IE7615 Deep Learning for AI/images_OBJ040/OBJ040_075.JPG,OBJ040,False,75,OBJ040,train
IE7615 Deep Learning for AI/images_OBJ040/OBJ040_076.JPG,OBJ040,False,76,OBJ040,test
IE7615 Deep Learning for AI/images_OBJ040/OBJ040_077.JPG,OBJ040,False,77,OBJ040,test
IE7615 Deep Learning for AI/images_OBJ040/OBJ040_078.JPG,OBJ040,False,78,OBJ040,test
IE7615 Deep Learning for AI/images_OBJ040/OBJ040_079.JPG,OBJ040,False,79,OBJ040,test
IE7615 Deep Learning for AI/images_OBJ040/OBJ040_080.JPG,OBJ040,False,80,OBJ040,test
IE7615 Deep Learning for AI/images_OBJ040/OBJ040_081.JPG,OBJ040,False,81,OBJ040,train
IE7615 Deep Learning for AI/images_OBJ040/OBJ040_082.JPG,OBJ040,False,82,OBJ040,train
IE7615 Deep Learning for AI/images_OBJ040/OBJ040_083.JPG,OBJ040,False,83,OBJ040,train
IE7615 Deep Learning for AI/images_OBJ040/OBJ040_084.JPG,OBJ040,False,84,OBJ040,train
IE7615 Deep Learning for AI/images_OBJ040/OBJ040_085.JPG,OBJ040,False,85,OBJ040,train
IE7615 Deep Learning for AI/images_OBJ040/OBJ040_086.JPG,OBJ040,False,86,OBJ040,test
IE7615 Deep Learning for AI/images_OBJ040/OBJ040_087.JPG,OBJ040,False,87,OBJ040,test
IE7615 Deep Learning for AI/images_OBJ040/OBJ040_088.JPG,OBJ040,False,88,OBJ040,test
IE7615 Deep Learning for AI/images_OBJ040/OBJ040_089.JPG,OBJ040,False,89,OBJ040,test
IE7615 Deep Learning for AI/images_OBJ040/OBJ040_090.JPG,OBJ040,False,90,OBJ040,test
IE7615 Deep Learning for AI/images_OBJ040/OBJ040_091.JPG,OBJ040,False,91,OBJ040,train
IE7615 Deep Learning for AI/images_OBJ040/OBJ040_092.JPG,OBJ040,False,92,OBJ040,train
IE7615 Deep Learning for AI/images_OBJ040/OBJ040_093.JPG,OBJ040,False,93,OBJ040,train
IE7615 Deep Learning for AI/images_OBJ040/OBJ040_094.JPG,OBJ040,False,94,OBJ040,train
IE7615 Deep Learning for AI/images_OBJ040/OBJ040_095.JPG,OBJ040,False,95,OBJ040,train
IE7615 Deep Learning for AI/images_OBJ040/OBJ040_bg_001.JPG,OBJ040,True,1,no_object,train
IE7615 Deep Learning for AI/images_OBJ040/OBJ040_bg_002.JPG,OBJ040,True,2,no_object,train
IE7615 Deep Learning for AI/images_OBJ040/OBJ040_bg_003.JPG,OBJ040,True,3,no_object,train
IE7615 Deep Learning for AI/images_OBJ040/OBJ040_bg_004.JPG,OBJ040,True,4,no_object,train
IE7615 Deep Learning for AI/images_OBJ040/OBJ040_bg_005.JPG,OBJ040,True,5,no_object,train
IE7615 Deep Learning for AI/images_OBJ041/OBJ041_001.jpg,OBJ041,False,1,OBJ041,train
IE7615 Deep Learning for AI/images_OBJ041/OBJ041_002.jpg,OBJ041,False,2,OBJ041,train
IE7615 Deep Learning for AI/images_OBJ041/OBJ041_003.jpg,OBJ041,False,3,OBJ041,train
IE7615 Deep Learning for AI/images_OBJ041/OBJ041_004.jpg,OBJ041,False,4,OBJ041,train
IE7615 Deep Learning for AI/images_OBJ041/OBJ041_005.jpg,OBJ041,False,5,OBJ041,train
IE7615 Deep Learning for AI/images_OBJ041/OBJ041_006.jpg,OBJ041,False,6,OBJ041,val
IE7615 Deep Learning for AI/images_OBJ041/OBJ041_007.jpg,OBJ041,False,7,OBJ041,val
IE7615 Deep Learning for AI/images_OBJ041/OBJ041_008.jpg,OBJ041,False,8,OBJ041,val
IE7615 Deep Learning for AI/images_OBJ041/OBJ041_009.jpg,OBJ041,False,9,OBJ041,val
IE7615 Deep Learning for AI/images_OBJ041/OBJ041_010.jpg,OBJ041,False,10,OBJ041,val
IE7615 Deep Learning for AI/images_OBJ041/OBJ041_011.jpg,OBJ041,False,11,OBJ041,train
IE7615 Deep Learning for AI/images_OBJ041/OBJ041_012.jpg,OBJ041,False,12,OBJ041,train
IE7615 Deep Learning for AI/images_OBJ041/OBJ041_013.jpg,OBJ041,False,13,OBJ041,train
IE7615 Deep Learning for AI/images_OBJ041/OBJ041_014.jpg,OBJ041,False,14,OBJ041,train
IE7615 Deep Learning for AI/images_OBJ041/OBJ041_015.jpg,OBJ041,False,15,OBJ041,train
IE7615 Deep Learning for AI/images_OBJ041/OBJ041_016.jpg,OBJ041,False,16,OBJ041,val
IE7615 Deep Learning for AI/images_OBJ041/OBJ041_017.jpg,OBJ041,False,17,OBJ041,val
IE7615 Deep Learning for AI/images_OBJ041/OBJ041_018.jpg,OBJ041,False,18,OBJ041,val
IE7615 Deep Learning for AI/images_OBJ041/OBJ041_019.jpg,OBJ041,False,19,OBJ041,val
IE7615 Deep Learning for AI/images_OBJ041/OBJ041_020.jpg,OBJ041,False,20,OBJ041,val
IE7615 Deep Learning for AI/images_OBJ041/OBJ041_021.jpg,OBJ041,False,21,OBJ041,train
IE7615 Deep Learning for AI/images_OBJ041/OBJ041_022.jpg,OBJ041,False,22,OBJ041,train
IE7615 Deep Learning for AI/images_OBJ041/OBJ041_023.jpg,OBJ041,False,23,OBJ041,train
IE7615 Deep Learning for AI/images_OBJ041/OBJ041_024.jpg,OBJ041,False,24,OBJ041,train
IE7615 Deep Learning for AI/images_OBJ041/OBJ041_025.jpg,OBJ041,False,25,OBJ041,train
IE7615 Deep Learning for AI/images_OBJ041/OBJ041_026.jpg,OBJ041,False,26,OBJ041,test
IE7615 Deep Learning for AI/images_OBJ041/OBJ041_027.jpg,OBJ041,False,27,OBJ041,test
IE7615 Deep Learning for AI/images_OBJ041/OBJ041_028.jpg,OBJ041,False,28,OBJ041,test
IE7615 Deep Learning for AI/images_OBJ041/OBJ041_029.jpg,OBJ041,False,29,OBJ041,test
IE7615 Deep Learning for AI/images_OBJ041/OBJ041_030.jpg,OBJ041,False,30,OBJ041,test
IE7615 Deep Learning for AI/images_OBJ041/OBJ041_031.jpg,OBJ041,False,31,OBJ041,train
IE7615 Deep Learning for AI/images_OBJ041/OBJ041_032.jpg,OBJ041,False,32,OBJ041,train
IE7615 Deep Learning for AI/images_OBJ041/OBJ041_033.jpg,OBJ041,False,33,OBJ041,train
IE7615 Deep Learning for AI/images_OBJ041/OBJ041_034.jpg,OBJ041,False,34,OBJ041,train
IE7615 Deep Learning for AI/images_OBJ041/OBJ041_035.jpg,OBJ041,False,35,OBJ041,train
IE7615 Deep Learning for AI/images_OBJ041/OBJ041_036.jpg,OBJ041,False,36,OBJ041,test
IE7615 Deep Learning for AI/images_OBJ041/OBJ041_037.jpg,OBJ041,False,37,OBJ041,test
IE7615 Deep Learning for AI/images_OBJ041/OBJ041_038.jpg,OBJ041,False,38,OBJ041,test
IE7615 Deep Learning for AI/images_OBJ041/OBJ041_039.jpg,OBJ041,False,39,OBJ041,test
IE7615 Deep Learning for AI/images_OBJ041/OBJ041_040.jpg,OBJ041,False,40,OBJ041,test
IE7615 Deep Learning for AI/images_OBJ041/OBJ041_041.jpg,OBJ041,False,41,OBJ041,val
IE7615 Deep Learning for AI/images_OBJ041/OBJ041_042.jpg,OBJ041,False,42,OBJ041,val
IE7615 Deep Learning for AI/images_OBJ041/OBJ041_043.jpg,OBJ041,False,43,OBJ041,val
IE7615 Deep Learning for AI/images_OBJ041/OBJ041_044.jpg,OBJ041,False,44,OBJ041,val
IE7615 Deep Learning for AI/images_OBJ041/OBJ041_045.jpg,OBJ041,False,45,OBJ041,val
IE7615 Deep Learning for AI/images_OBJ041/OBJ041_046.jpg,OBJ041,False,46,OBJ041,train
IE7615 Deep Learning for AI/images_OBJ041/OBJ041_047.jpg,OBJ041,False,47,OBJ041,train
IE7615 Deep Learning for AI/images_OBJ041/OBJ041_048.jpg,OBJ041,False,48,OBJ041,train
IE7615 Deep Learning for AI/images_OBJ041/OBJ041_049.jpg,OBJ041,False,49,OBJ041,train
IE7615 Deep Learning for AI/images_OBJ041/OBJ041_050.jpg,OBJ041,False,50,OBJ041,train
IE7615 Deep Learning for AI/images_OBJ041/OBJ041_051.jpg,OBJ041,False,51,OBJ041,train
IE7615 Deep Learning for AI/images_OBJ041/OBJ041_052.jpg,OBJ041,False,52,OBJ041,train
IE7615 Deep Learning for AI/images_OBJ041/OBJ041_053.jpg,OBJ041,False,53,OBJ041,train
IE7615 Deep Learning for AI/images_OBJ041/OBJ041_054.jpg,OBJ041,False,54,OBJ041,train
IE7615 Deep Learning for AI/images_OBJ041/OBJ041_055.jpg,OBJ041,False,55,OBJ041,train
IE7615 Deep Learning for AI/images_OBJ041/OBJ041_056.jpg,OBJ041,False,56,OBJ041,train
IE7615 Deep Learning for AI/images_OBJ041/OBJ041_057.jpg,OBJ041,False,57,OBJ041,train
IE7615 Deep Learning for AI/images_OBJ041/OBJ041_058.jpg,OBJ041,False,58,OBJ041,train
IE7615 Deep Learning for AI/images_OBJ041/OBJ041_059.jpg,OBJ041,False,59,OBJ041,train
IE7615 Deep Learning for AI/images_OBJ041/OBJ041_060.jpg,OBJ041,False,60,OBJ041,train
IE7615 Deep Learning for AI/images_OBJ041/OBJ041_061.jpg,OBJ041,False,61,OBJ041,train
IE7615 Deep Learning for AI/images_OBJ041/OBJ041_062.jpg,OBJ041,False,62,OBJ041,train
IE7615 Deep Learning for AI/images_OBJ041/OBJ041_063.jpg,OBJ041,False,63,OBJ041,train
IE7615 Deep Learning for AI/images_OBJ041/OBJ041_064.jpg,OBJ041,False,64,OBJ041,train
IE7615 Deep Learning for AI/images_OBJ041/OBJ041_065.jpg,OBJ041,False,65,OBJ041,train
IE7615 Deep Learning for AI/images_OBJ041/OBJ041_066.jpg,OBJ041,False,66,OBJ041,train
IE7615 Deep Learning for AI/images_OBJ041/OBJ041_067.jpg,OBJ041,False,67,OBJ041,train
IE7615 Deep Learning for AI/images_OBJ041/OBJ041_068.jpg,OBJ041,False,68,OBJ041,train
IE7615 Deep Learning for AI/images_OBJ041/OBJ041_069.jpg,OBJ041,False,69,OBJ041,train
IE7615 Deep Learning for AI/images_OBJ041/OBJ041_070.jpg,OBJ041,False,70,OBJ041,train
IE7615 Deep Learning for AI/images_OBJ041/OBJ041_071.jpg,OBJ041,False,71,OBJ041,train
IE7615 Deep Learning for AI/images_OBJ041/OBJ041_072.jpg,OBJ041,False,72,OBJ041,train
IE7615 Deep Learning for AI/images_OBJ041/OBJ041_073.jpg,OBJ041,False,73,OBJ041,train
IE7615 Deep Learning for AI/images_OBJ041/OBJ041_074.jpg,OBJ041,False,74,OBJ041,train
IE7615 Deep Learning for AI/images_OBJ041/OBJ041_075.jpg,OBJ041,False,75,OBJ041,train
IE7615 Deep Learning for AI/images_OBJ041/OBJ041_076.jpg,OBJ041,False,76,OBJ041,test
IE7615 Deep Learning for AI/images_OBJ041/OBJ041_077.jpg,OBJ041,False,77,OBJ041,test
IE7615 Deep Learning for AI/images_OBJ041/OBJ041_078.jpg,OBJ041,False,78,OBJ041,test
IE7615 Deep Learning for AI/images_OBJ041/OBJ041_079.jpg,OBJ041,False,79,OBJ041,test
IE7615 Deep Learning for AI/images_OBJ041/OBJ041_080.jpg,OBJ041,False,80,OBJ041,test
IE7615 Deep Learning for AI/images_OBJ041/OBJ041_081.jpg,OBJ041,False,81,OBJ041,train
IE7615 Deep Learning for AI/images_OBJ041/OBJ041_082.jpg,OBJ041,False,82,OBJ041,train
IE7615 Deep Learning for AI/images_OBJ041/OBJ041_083.jpg,OBJ041,False,83,OBJ041,train
IE7615 Deep Learning for AI/images_OBJ041/OBJ041_084.jpg,OBJ041,False,84,OBJ041,train
IE7615 Deep Learning for AI/images_OBJ041/OBJ041_085.jpg,OBJ041,False,85,OBJ041,train
IE7615 Deep Learning for AI/images_OBJ041/OBJ041_086.jpg,OBJ041,False,86,OBJ041,train
IE7615 Deep Learning for AI/images_OBJ041/OBJ041_087.jpg,OBJ041,False,87,OBJ041,train
IE7615 Deep Learning for AI/images_OBJ041/OBJ041_088.jpg,OBJ041,False,88,OBJ041,train
IE7615 Deep Learning for AI/images_OBJ041/OBJ041_089.jpg,OBJ041,False,89,OBJ041,train
IE7615 Deep Learning for AI/images_OBJ041/OBJ041_090.jpg,OBJ041,False,90,OBJ041,train
IE7615 Deep Learning for AI/images_OBJ041/OBJ041_091.jpg,OBJ041,False,91,OBJ041,train
IE7615 Deep Learning for AI/images_OBJ041/OBJ041_092.jpg,OBJ041,False,92,OBJ041,train
IE7615 Deep Learning for AI/images_OBJ041/OBJ041_093.jpg,OBJ041,False,93,OBJ041,train
IE7615 Deep Learning for AI/images_OBJ041/OBJ041_094.jpg,OBJ041,False,94,OBJ041,train
IE7615 Deep Learning for AI/images_OBJ041/OBJ041_095.jpg,OBJ041,False,95,OBJ041,train
IE7615 Deep Learning for AI/images_OBJ041/OBJ041_bg_001.jpg,OBJ041,True,1,no_object,test
IE7615 Deep Learning for AI/images_OBJ041/OBJ041_bg_002.jpg,OBJ041,True,2,no_object,test
IE7615 Deep Learning for AI/images_OBJ041/OBJ041_bg_003.jpg,OBJ041,True,3,no_object,test
IE7615 Deep Learning for AI/images_OBJ041/OBJ041_bg_004.jpg,OBJ041,True,4,no_object,test
IE7615 Deep Learning for AI/images_OBJ041/OBJ041_bg_005.jpg,OBJ041,True,5,no_object,test
IE7615 Deep Learning for AI/images_OBJ042/OBJ042_001.jpg,OBJ042,False,1,OBJ042,train
IE7615 Deep Learning for AI/images_OBJ042/OBJ042_002.jpg,OBJ042,False,2,OBJ042,train
IE7615 Deep Learning for AI/images_OBJ042/OBJ042_003.jpg,OBJ042,False,3,OBJ042,train
IE7615 Deep Learning for AI/images_OBJ042/OBJ042_004.jpg,OBJ042,False,4,OBJ042,train
IE7615 Deep Learning for AI/images_OBJ042/OBJ042_005.jpg,OBJ042,False,5,OBJ042,train
IE7615 Deep Learning for AI/images_OBJ042/OBJ042_006.jpg,OBJ042,False,6,OBJ042,train
IE7615 Deep Learning for AI/images_OBJ042/OBJ042_007.jpg,OBJ042,False,7,OBJ042,train
IE7615 Deep Learning for AI/images_OBJ042/OBJ042_008.jpg,OBJ042,False,8,OBJ042,train
IE7615 Deep Learning for AI/images_OBJ042/OBJ042_009.jpg,OBJ042,False,9,OBJ042,train
IE7615 Deep Learning for AI/images_OBJ042/OBJ042_010.jpg,OBJ042,False,10,OBJ042,train
IE7615 Deep Learning for AI/images_OBJ042/OBJ042_011.jpg,OBJ042,False,11,OBJ042,train
IE7615 Deep Learning for AI/images_OBJ042/OBJ042_012.jpg,OBJ042,False,12,OBJ042,train
IE7615 Deep Learning for AI/images_OBJ042/OBJ042_013.jpg,OBJ042,False,13,OBJ042,train
IE7615 Deep Learning for AI/images_OBJ042/OBJ042_014.jpg,OBJ042,False,14,OBJ042,train
IE7615 Deep Learning for AI/images_OBJ042/OBJ042_015.jpg,OBJ042,False,15,OBJ042,train
IE7615 Deep Learning for AI/images_OBJ042/OBJ042_016.jpg,OBJ042,False,16,OBJ042,test
IE7615 Deep Learning for AI/images_OBJ042/OBJ042_017.jpg,OBJ042,False,17,OBJ042,test
IE7615 Deep Learning for AI/images_OBJ042/OBJ042_018.jpg,OBJ042,False,18,OBJ042,test
IE7615 Deep Learning for AI/images_OBJ042/OBJ042_019.jpg,OBJ042,False,19,OBJ042,test
IE7615 Deep Learning for AI/images_OBJ042/OBJ042_020.jpg,OBJ042,False,20,OBJ042,test
IE7615 Deep Learning for AI/images_OBJ042/OBJ042_021.jpg,OBJ042,False,21,OBJ042,val
IE7615 Deep Learning for AI/images_OBJ042/OBJ042_022.jpg,OBJ042,False,22,OBJ042,val
IE7615 Deep Learning for AI/images_OBJ042/OBJ042_023.jpg,OBJ042,False,23,OBJ042,val
IE7615 Deep Learning for AI/images_OBJ042/OBJ042_024.jpg,OBJ042,False,24,OBJ042,val
IE7615 Deep Learning for AI/images_OBJ042/OBJ042_025.jpg,OBJ042,False,25,OBJ042,val
IE7615 Deep Learning for AI/images_OBJ042/OBJ042_026.jpg,OBJ042,False,26,OBJ042,train
IE7615 Deep Learning for AI/images_OBJ042/OBJ042_027.jpg,OBJ042,False,27,OBJ042,train
IE7615 Deep Learning for AI/images_OBJ042/OBJ042_028.jpg,OBJ042,False,28,OBJ042,train
IE7615 Deep Learning for AI/images_OBJ042/OBJ042_029.jpg,OBJ042,False,29,OBJ042,train
IE7615 Deep Learning for AI/images_OBJ042/OBJ042_030.jpg,OBJ042,False,30,OBJ042,train
IE7615 Deep Learning for AI/images_OBJ042/OBJ042_031.jpg,OBJ042,False,31,OBJ042,train
IE7615 Deep Learning for AI/images_OBJ042/OBJ042_032.jpg,OBJ042,False,32,OBJ042,train
IE7615 Deep Learning for AI/images_OBJ042/OBJ042_033.jpg,OBJ042,False,33,OBJ042,unseen
IE7615 Deep Learning for AI/images_OBJ042/OBJ042_034.jpg,OBJ042,False,34,OBJ042,unseen
IE7615 Deep Learning for AI/images_OBJ042/OBJ042_035.jpg,OBJ042,False,35,OBJ042,unseen
IE7615 Deep Learning for AI/images_OBJ042/OBJ042_036.jpg,OBJ042,False,36,OBJ042,unseen
IE7615 Deep Learning for AI/images_OBJ042/OBJ042_037.jpg,OBJ042,False,37,OBJ042,unseen
IE7615 Deep Learning for AI/images_OBJ042/OBJ042_038.jpg,OBJ042,False,38,OBJ042,unseen
IE7615 Deep Learning for AI/images_OBJ042/OBJ042_039.jpg,OBJ042,False,39,OBJ042,unseen
IE7615 Deep Learning for AI/images_OBJ042/OBJ042_040.jpg,OBJ042,False,40,OBJ042,unseen
IE7615 Deep Learning for AI/images_OBJ042/OBJ042_041.jpg,OBJ042,False,41,OBJ042,unseen
IE7615 Deep Learning for AI/images_OBJ042/OBJ042_042.jpg,OBJ042,False,42,OBJ042,train
IE7615 Deep Learning for AI/images_OBJ042/OBJ042_043.jpg,OBJ042,False,43,OBJ042,train
IE7615 Deep Learning for AI/images_OBJ042/OBJ042_044.jpg,OBJ042,False,44,OBJ042,train
IE7615 Deep Learning for AI/images_OBJ042/OBJ042_045.jpg,OBJ042,False,45,OBJ042,train
IE7615 Deep Learning for AI/images_OBJ042/OBJ042_046.jpg,OBJ042,False,46,OBJ042,train
IE7615 Deep Learning for AI/images_OBJ042/OBJ042_047.jpg,OBJ042,False,47,OBJ042,train
IE7615 Deep Learning for AI/images_OBJ042/OBJ042_048.jpg,OBJ042,False,48,OBJ042,train
IE7615 Deep Learning for AI/images_OBJ042/OBJ042_049.jpg,OBJ042,False,49,OBJ042,train
IE7615 Deep Learning for AI/images_OBJ042/OBJ042_050.jpg,OBJ042,False,50,OBJ042,train
IE7615 Deep Learning for AI/images_OBJ042/OBJ042_051.jpg,OBJ042,False,51,OBJ042,val
IE7615 Deep Learning for AI/images_OBJ042/OBJ042_052.jpg,OBJ042,False,52,OBJ042,val
IE7615 Deep Learning for AI/images_OBJ042/OBJ042_053.jpg,OBJ042,False,53,OBJ042,val
IE7615 Deep Learning for AI/images_OBJ042/OBJ042_054.jpg,OBJ042,False,54,OBJ042,val
IE7615 Deep Learning for AI/images_OBJ042/OBJ042_055.jpg,OBJ042,False,55,OBJ042,val
IE7615 Deep Learning for AI/images_OBJ042/OBJ042_056.jpg,OBJ042,False,56,OBJ042,train
IE7615 Deep Learning for AI/images_OBJ042/OBJ042_057.jpg,OBJ042,False,57,OBJ042,train
IE7615 Deep Learning for AI/images_OBJ042/OBJ042_058.jpg,OBJ042,False,58,OBJ042,train
IE7615 Deep Learning for AI/images_OBJ042/OBJ042_059.jpg,OBJ042,False,59,OBJ042,train
IE7615 Deep Learning for AI/images_OBJ042/OBJ042_060.jpg,OBJ042,False,60,OBJ042,train
IE7615 Deep Learning for AI/images_OBJ042/OBJ042_061.jpg,OBJ042,False,61,OBJ042,val
IE7615 Deep Learning for AI/images_OBJ042/OBJ042_062.jpg,OBJ042,False,62,OBJ042,val
IE7615 Deep Learning for AI/images_OBJ042/OBJ042_063.jpg,OBJ042,False,63,OBJ042,val
IE7615 Deep Learning for AI/images_OBJ042/OBJ042_064.jpg,OBJ042,False,64,OBJ042,val
IE7615 Deep Learning for AI/images_OBJ042/OBJ042_065.jpg,OBJ042,False,65,OBJ042,val
IE7615 Deep Learning for AI/images_OBJ042/OBJ042_066.jpg,OBJ042,False,66,OBJ042,train
IE7615 Deep Learning for AI/images_OBJ042/OBJ042_067.jpg,OBJ042,False,67,OBJ042,train
IE7615 Deep Learning for AI/images_OBJ042/OBJ042_068.jpg,OBJ042,False,68,OBJ042,train
IE7615 Deep Learning for AI/images_OBJ042/OBJ042_069.jpg,OBJ042,False,69,OBJ042,train
IE7615 Deep Learning for AI/images_OBJ042/OBJ042_070.jpg,OBJ042,False,70,OBJ042,train
IE7615 Deep Learning for AI/images_OBJ042/OBJ042_071.jpg,OBJ042,False,71,OBJ042,test
IE7615 Deep Learning for AI/images_OBJ042/OBJ042_072.jpg,OBJ042,False,72,OBJ042,test
IE7615 Deep Learning for AI/images_OBJ042/OBJ042_073.jpg,OBJ042,False,73,OBJ042,test
IE7615 Deep Learning for AI/images_OBJ042/OBJ042_074.jpg,OBJ042,False,74,OBJ042,test
IE7615 Deep Learning for AI/images_OBJ042/OBJ042_075.jpg,OBJ042,False,75,OBJ042,test
IE7615 Deep Learning for AI/images_OBJ042/OBJ042_076.jpg,OBJ042,False,76,OBJ042,train
IE7615 Deep Learning for AI/images_OBJ042/OBJ042_077.jpg,OBJ042,False,77,OBJ042,train
IE7615 Deep Learning for AI/images_OBJ042/OBJ042_078.jpg,OBJ042,False,78,OBJ042,train
IE7615 Deep Learning for AI/images_OBJ042/OBJ042_079.jpg,OBJ042,False,79,OBJ042,train
IE7615 Deep Learning for AI/images_OBJ042/OBJ042_080.jpg,OBJ042,False,80,OBJ042,train
IE7615 Deep Learning for AI/images_OBJ042/OBJ042_081.jpg,OBJ042,False,81,OBJ042,train
IE7615 Deep Learning for AI/images_OBJ042/OBJ042_082.jpg,OBJ042,False,82,OBJ042,train
IE7615 Deep Learning for AI/images_OBJ042/OBJ042_083.jpg,OBJ042,False,83,OBJ042,train
IE7615 Deep Learning for AI/images_OBJ042/OBJ042_084.jpg,OBJ042,False,84,OBJ042,train
IE7615 Deep Learning for AI/images_OBJ042/OBJ042_085.jpg,OBJ042,False,85,OBJ042,train
IE7615 Deep Learning for AI/images_OBJ042/OBJ042_086.jpg,OBJ042,False,86,OBJ042,test
IE7615 Deep Learning for AI/images_OBJ042/OBJ042_087.jpg,OBJ042,False,87,OBJ042,test
IE7615 Deep Learning for AI/images_OBJ042/OBJ042_088.jpg,OBJ042,False,88,OBJ042,test
IE7615 Deep Learning for AI/images_OBJ042/OBJ042_089.jpg,OBJ042,False,89,OBJ042,test
IE7615 Deep Learning for AI/images_OBJ042/OBJ042_090.jpg,OBJ042,False,90,OBJ042,test
IE7615 Deep Learning for AI/images_OBJ042/OBJ042_091.jpg,OBJ042,False,91,OBJ042,train
IE7615 Deep Learning for AI/images_OBJ042/OBJ042_092.jpg,OBJ042,False,92,OBJ042,train
IE7615 Deep Learning for AI/images_OBJ042/OBJ042_093.jpg,OBJ042,False,93,OBJ042,train
IE7615 Deep Learning for AI/images_OBJ042/OBJ042_094.jpg,OBJ042,False,94,OBJ042,train
IE7615 Deep Learning for AI/images_OBJ042/OBJ042_095.jpg,OBJ042,False,95,OBJ042,train
IE7615 Deep Learning for AI/images_OBJ042/OBJ042_bg_001.jpg,OBJ042,True,1,no_object,train
IE7615 Deep Learning for AI/images_OBJ042/OBJ042_bg_002.jpg,OBJ042,True,2,no_object,train
IE7615 Deep Learning for AI/images_OBJ042/OBJ042_bg_003.jpg,OBJ042,True,3,no_object,train
IE7615 Deep Learning for AI/images_OBJ042/OBJ042_bg_004.jpg,OBJ042,True,4,no_object,train
IE7615 Deep Learning for AI/images_OBJ042/OBJ042_bg_005.jpg,OBJ042,True,5,no_object,train
IE7615 Deep Learning for AI/images_OBJ043/OBJ043_001.jpg,OBJ043,False,1,OBJ043,train
IE7615 Deep Learning for AI/images_OBJ043/OBJ043_002.jpg,OBJ043,False,2,OBJ043,train
IE7615 Deep Learning for AI/images_OBJ043/OBJ043_003.jpg,OBJ043,False,3,OBJ043,train
IE7615 Deep Learning for AI/images_OBJ043/OBJ043_004.jpg,OBJ043,False,4,OBJ043,train
IE7615 Deep Learning for AI/images_OBJ043/OBJ043_005.jpg,OBJ043,False,5,OBJ043,train
IE7615 Deep Learning for AI/images_OBJ043/OBJ043_006.jpg,OBJ043,False,6,OBJ043,train
IE7615 Deep Learning for AI/images_OBJ043/OBJ043_007.jpg,OBJ043,False,7,OBJ043,train
IE7615 Deep Learning for AI/images_OBJ043/OBJ043_008.jpg,OBJ043,False,8,OBJ043,train
IE7615 Deep Learning for AI/images_OBJ043/OBJ043_009.jpg,OBJ043,False,9,OBJ043,train
IE7615 Deep Learning for AI/images_OBJ043/OBJ043_010.jpg,OBJ043,False,10,OBJ043,train
IE7615 Deep Learning for AI/images_OBJ043/OBJ043_011.jpg,OBJ043,False,11,OBJ043,val
IE7615 Deep Learning for AI/images_OBJ043/OBJ043_012.jpg,OBJ043,False,12,OBJ043,val
IE7615 Deep Learning for AI/images_OBJ043/OBJ043_013.jpg,OBJ043,False,13,OBJ043,val
IE7615 Deep Learning for AI/images_OBJ043/OBJ043_014.jpg,OBJ043,False,14,OBJ043,val
IE7615 Deep Learning for AI/images_OBJ043/OBJ043_015.jpg,OBJ043,False,15,OBJ043,val
IE7615 Deep Learning for AI/images_OBJ043/OBJ043_016.jpg,OBJ043,False,16,OBJ043,train
IE7615 Deep Learning for AI/images_OBJ043/OBJ043_017.jpg,OBJ043,False,17,OBJ043,train
IE7615 Deep Learning for AI/images_OBJ043/OBJ043_018.jpg,OBJ043,False,18,OBJ043,train
IE7615 Deep Learning for AI/images_OBJ043/OBJ043_019.jpg,OBJ043,False,19,OBJ043,train
IE7615 Deep Learning for AI/images_OBJ043/OBJ043_020.jpg,OBJ043,False,20,OBJ043,train
IE7615 Deep Learning for AI/images_OBJ043/OBJ043_021.jpg,OBJ043,False,21,OBJ043,train
IE7615 Deep Learning for AI/images_OBJ043/OBJ043_022.jpg,OBJ043,False,22,OBJ043,train
IE7615 Deep Learning for AI/images_OBJ043/OBJ043_023.jpg,OBJ043,False,23,OBJ043,train
IE7615 Deep Learning for AI/images_OBJ043/OBJ043_024.jpg,OBJ043,False,24,OBJ043,train
IE7615 Deep Learning for AI/images_OBJ043/OBJ043_025.jpg,OBJ043,False,25,OBJ043,train
IE7615 Deep Learning for AI/images_OBJ043/OBJ043_026.jpg,OBJ043,False,26,OBJ043,train
IE7615 Deep Learning for AI/images_OBJ043/OBJ043_027.jpg,OBJ043,False,27,OBJ043,train
IE7615 Deep Learning for AI/images_OBJ043/OBJ043_028.jpg,OBJ043,False,28,OBJ043,train
IE7615 Deep Learning for AI/images_OBJ043/OBJ043_029.jpg,OBJ043,False,29,OBJ043,train
IE7615 Deep Learning for AI/images_OBJ043/OBJ043_030.jpg,OBJ043,False,30,OBJ043,train
IE7615 Deep Learning for AI/images_OBJ043/OBJ043_031.jpg,OBJ043,False,31,OBJ043,train
IE7615 Deep Learning for AI/images_OBJ043/OBJ043_032.jpg,OBJ043,False,32,OBJ043,train
IE7615 Deep Learning for AI/images_OBJ043/OBJ043_033.jpg,OBJ043,False,33,OBJ043,train
IE7615 Deep Learning for AI/images_OBJ043/OBJ043_034.jpg,OBJ043,False,34,OBJ043,train
IE7615 Deep Learning for AI/images_OBJ043/OBJ043_035.jpg,OBJ043,False,35,OBJ043,train
IE7615 Deep Learning for AI/images_OBJ043/OBJ043_036.jpg,OBJ043,False,36,OBJ043,test
IE7615 Deep Learning for AI/images_OBJ043/OBJ043_037.jpg,OBJ043,False,37,OBJ043,test
IE7615 Deep Learning for AI/images_OBJ043/OBJ043_038.jpg,OBJ043,False,38,OBJ043,test
IE7615 Deep Learning for AI/images_OBJ043/OBJ043_039.jpg,OBJ043,False,39,OBJ043,test
IE7615 Deep Learning for AI/images_OBJ043/OBJ043_040.jpg,OBJ043,False,40,OBJ043,test
IE7615 Deep Learning for AI/images_OBJ043/OBJ043_041.jpg,OBJ043,False,41,OBJ043,test
IE7615 Deep Learning for AI/images_OBJ043/OBJ043_042.jpg,OBJ043,False,42,OBJ043,test
IE7615 Deep Learning for AI/images_OBJ043/OBJ043_043.jpg,OBJ043,False,43,OBJ043,test
IE7615 Deep Learning for AI/images_OBJ043/OBJ043_044.jpg,OBJ043,False,44,OBJ043,test
IE7615 Deep Learning for AI/images_OBJ043/OBJ043_045.jpg,OBJ043,False,45,OBJ043,test
IE7615 Deep Learning for AI/images_OBJ043/OBJ043_046.jpg,OBJ043,False,46,OBJ043,test
IE7615 Deep Learning for AI/images_OBJ043/OBJ043_047.jpg,OBJ043,False,47,OBJ043,test
IE7615 Deep Learning for AI/images_OBJ043/OBJ043_048.jpg,OBJ043,False,48,OBJ043,test
IE7615 Deep Learning for AI/images_OBJ043/OBJ043_049.jpg,OBJ043,False,49,OBJ043,test
IE7615 Deep Learning for AI/images_OBJ043/OBJ043_050.jpg,OBJ043,False,50,OBJ043,test
IE7615 Deep Learning for AI/images_OBJ043/OBJ043_051.jpg,OBJ043,False,51,OBJ043,train
IE7615 Deep Learning for AI/images_OBJ043/OBJ043_052.jpg,OBJ043,False,52,OBJ043,train
IE7615 Deep Learning for AI/images_OBJ043/OBJ043_053.jpg,OBJ043,False,53,OBJ043,train
IE7615 Deep Learning for AI/images_OBJ043/OBJ043_054.jpg,OBJ043,False,54,OBJ043,train
IE7615 Deep Learning for AI/images_OBJ043/OBJ043_055.jpg,OBJ043,False,55,OBJ043,train
IE7615 Deep Learning for AI/images_OBJ043/OBJ043_056.jpg,OBJ043,False,56,OBJ043,val
IE7615 Deep Learning for AI/images_OBJ043/OBJ043_057.jpg,OBJ043,False,57,OBJ043,val
IE7615 Deep Learning for AI/images_OBJ043/OBJ043_058.jpg,OBJ043,False,58,OBJ043,val
IE7615 Deep Learning for AI/images_OBJ043/OBJ043_059.jpg,OBJ043,False,59,OBJ043,val
IE7615 Deep Learning for AI/images_OBJ043/OBJ043_060.jpg,OBJ043,False,60,OBJ043,val
IE7615 Deep Learning for AI/images_OBJ043/OBJ043_061.jpg,OBJ043,False,61,OBJ043,train
IE7615 Deep Learning for AI/images_OBJ043/OBJ043_062.jpg,OBJ043,False,62,OBJ043,train
IE7615 Deep Learning for AI/images_OBJ043/OBJ043_063.jpg,OBJ043,False,63,OBJ043,train
IE7615 Deep Learning for AI/images_OBJ043/OBJ043_064.jpg,OBJ043,False,64,OBJ043,train
IE7615 Deep Learning for AI/images_OBJ043/OBJ043_065.jpg,OBJ043,False,65,OBJ043,train
IE7615 Deep Learning for AI/images_OBJ043/OBJ043_066.jpg,OBJ043,False,66,OBJ043,train
IE7615 Deep Learning for AI/images_OBJ043/OBJ043_067.jpg,OBJ043,False,67,OBJ043,train
IE7615 Deep Learning for AI/images_OBJ043/OBJ043_068.jpg,OBJ043,False,68,OBJ043,train
IE7615 Deep Learning for AI/images_OBJ043/OBJ043_069.jpg,OBJ043,False,69,OBJ043,train
IE7615 Deep Learning for AI/images_OBJ043/OBJ043_070.jpg,OBJ043,False,70,OBJ043,train
IE7615 Deep Learning for AI/images_OBJ043/OBJ043_071.jpg,OBJ043,False,71,OBJ043,val
IE7615 Deep Learning for AI/images_OBJ043/OBJ043_072.jpg,OBJ043,False,72,OBJ043,val
IE7615 Deep Learning for AI/images_OBJ043/OBJ043_073.jpg,OBJ043,False,73,OBJ043,val
IE7615 Deep Learning for AI/images_OBJ043/OBJ043_074.jpg,OBJ043,False,74,OBJ043,val
IE7615 Deep Learning for AI/images_OBJ043/OBJ043_075.jpg,OBJ043,False,75,OBJ043,val
IE7615 Deep Learning for AI/images_OBJ043/OBJ043_076.jpg,OBJ043,False,76,OBJ043,train
IE7615 Deep Learning for AI/images_OBJ043/OBJ043_077.jpg,OBJ043,False,77,OBJ043,train
IE7615 Deep Learning for AI/images_OBJ043/OBJ043_078.jpg,OBJ043,False,78,OBJ043,train
IE7615 Deep Learning for AI/images_OBJ043/OBJ043_079.jpg,OBJ043,False,79,OBJ043,train
IE7615 Deep Learning for AI/images_OBJ043/OBJ043_080.jpg,OBJ043,False,80,OBJ043,train
IE7615 Deep Learning for AI/images_OBJ043/OBJ043_081.jpg,OBJ043,False,81,OBJ043,train
IE7615 Deep Learning for AI/images_OBJ043/OBJ043_082.jpg,OBJ043,False,82,OBJ043,train
IE7615 Deep Learning for AI/images_OBJ043/OBJ043_083.jpg,OBJ043,False,83,OBJ043,train
IE7615 Deep Learning for AI/images_OBJ043/OBJ043_084.jpg,OBJ043,False,84,OBJ043,train
IE7615 Deep Learning for AI/images_OBJ043/OBJ043_085.jpg,OBJ043,False,85,OBJ043,train
IE7615 Deep Learning for AI/images_OBJ043/OBJ043_086.jpg,OBJ043,False,86,OBJ043,train
IE7615 Deep Learning for AI/images_OBJ043/OBJ043_087.jpg,OBJ043,False,87,OBJ043,train
IE7615 Deep Learning for AI/images_OBJ043/OBJ043_088.jpg,OBJ043,False,88,OBJ043,train
IE7615 Deep Learning for AI/images_OBJ043/OBJ043_089.jpg,OBJ043,False,89,OBJ043,train
IE7615 Deep Learning for AI/images_OBJ043/OBJ043_090.jpg,OBJ043,False,90,OBJ043,train
IE7615 Deep Learning for AI/images_OBJ043/OBJ043_091.jpg,OBJ043,False,91,OBJ043,train
IE7615 Deep Learning for AI/images_OBJ043/OBJ043_092.jpg,OBJ043,False,92,OBJ043,train
IE7615 Deep Learning for AI/images_OBJ043/OBJ043_093.jpg,OBJ043,False,93,OBJ043,train
IE7615 Deep Learning for AI/images_OBJ043/OBJ043_094.jpg,OBJ043,False,94,OBJ043,train
IE7615 Deep Learning for AI/images_OBJ043/OBJ043_095.jpg,OBJ043,False,95,OBJ043,train
IE7615 Deep Learning for AI/images_OBJ043/OBJ043_bg_001.jpg,OBJ043,True,1,no_object,val
IE7615 Deep Learning for AI/images_OBJ043/OBJ043_bg_002.jpg,OBJ043,True,2,no_object,val
IE7615 Deep Learning for AI/images_OBJ043/OBJ043_bg_003.jpg,OBJ043,True,3,no_object,val
IE7615 Deep Learning for AI/images_OBJ043/OBJ043_bg_004.jpg,OBJ043,True,4,no_object,val
IE7615 Deep Learning for AI/images_OBJ043/OBJ043_bg_005.jpg,OBJ043,True,5,no_object,val
IE7615 Deep Learning for AI/images_OBJ044/OBJ044_001.jpg,OBJ044,False,1,OBJ044,train
IE7615 Deep Learning for AI/images_OBJ044/OBJ044_002.jpg,OBJ044,False,2,OBJ044,train
IE7615 Deep Learning for AI/images_OBJ044/OBJ044_003.jpg,OBJ044,False,3,OBJ044,train
IE7615 Deep Learning for AI/images_OBJ044/OBJ044_004.jpg,OBJ044,False,4,OBJ044,train
IE7615 Deep Learning for AI/images_OBJ044/OBJ044_005.jpg,OBJ044,False,5,OBJ044,train
IE7615 Deep Learning for AI/images_OBJ044/OBJ044_006.jpg,OBJ044,False,6,OBJ044,val
IE7615 Deep Learning for AI/images_OBJ044/OBJ044_007.jpg,OBJ044,False,7,OBJ044,val
IE7615 Deep Learning for AI/images_OBJ044/OBJ044_008.jpg,OBJ044,False,8,OBJ044,val
IE7615 Deep Learning for AI/images_OBJ044/OBJ044_009.jpg,OBJ044,False,9,OBJ044,val
IE7615 Deep Learning for AI/images_OBJ044/OBJ044_010.jpg,OBJ044,False,10,OBJ044,val
IE7615 Deep Learning for AI/images_OBJ044/OBJ044_011.jpg,OBJ044,False,11,OBJ044,train
IE7615 Deep Learning for AI/images_OBJ044/OBJ044_012.jpg,OBJ044,False,12,OBJ044,train
IE7615 Deep Learning for AI/images_OBJ044/OBJ044_013.jpg,OBJ044,False,13,OBJ044,train
IE7615 Deep Learning for AI/images_OBJ044/OBJ044_014.jpg,OBJ044,False,14,OBJ044,train
IE7615 Deep Learning for AI/images_OBJ044/OBJ044_015.jpg,OBJ044,False,15,OBJ044,train
IE7615 Deep Learning for AI/images_OBJ044/OBJ044_016.jpg,OBJ044,False,16,OBJ044,val
IE7615 Deep Learning for AI/images_OBJ044/OBJ044_017.jpg,OBJ044,False,17,OBJ044,val
IE7615 Deep Learning for AI/images_OBJ044/OBJ044_018.jpg,OBJ044,False,18,OBJ044,val
IE7615 Deep Learning for AI/images_OBJ044/OBJ044_019.jpg,OBJ044,False,19,OBJ044,val
IE7615 Deep Learning for AI/images_OBJ044/OBJ044_020.jpg,OBJ044,False,20,OBJ044,val
IE7615 Deep Learning for AI/images_OBJ044/OBJ044_021.jpg,OBJ044,False,21,OBJ044,train
IE7615 Deep Learning for AI/images_OBJ044/OBJ044_022.jpg,OBJ044,False,22,OBJ044,train
IE7615 Deep Learning for AI/images_OBJ044/OBJ044_023.jpg,OBJ044,False,23,OBJ044,train
IE7615 Deep Learning for AI/images_OBJ044/OBJ044_024.jpg,OBJ044,False,24,OBJ044,train
IE7615 Deep Learning for AI/images_OBJ044/OBJ044_025.jpg,OBJ044,False,25,OBJ044,train
IE7615 Deep Learning for AI/images_OBJ044/OBJ044_026.jpg,OBJ044,False,26,OBJ044,test
IE7615 Deep Learning for AI/images_OBJ044/OBJ044_027.jpg,OBJ044,False,27,OBJ044,test
IE7615 Deep Learning for AI/images_OBJ044/OBJ044_028.jpg,OBJ044,False,28,OBJ044,test
IE7615 Deep Learning for AI/images_OBJ044/OBJ044_029.jpg,OBJ044,False,29,OBJ044,test
IE7615 Deep Learning for AI/images_OBJ044/OBJ044_030.jpg,OBJ044,False,30,OBJ044,test
IE7615 Deep Learning for AI/images_OBJ044/OBJ044_031.jpg,OBJ044,False,31,OBJ044,train
IE7615 Deep Learning for AI/images_OBJ044/OBJ044_032.jpg,OBJ044,False,32,OBJ044,train
IE7615 Deep Learning for AI/images_OBJ044/OBJ044_033.jpg,OBJ044,False,33,OBJ044,train
IE7615 Deep Learning for AI/images_OBJ044/OBJ044_034.jpg,OBJ044,False,34,OBJ044,train
IE7615 Deep Learning for AI/images_OBJ044/OBJ044_035.jpg,OBJ044,False,35,OBJ044,train
IE7615 Deep Learning for AI/images_OBJ044/OBJ044_036.jpg,OBJ044,False,36,OBJ044,train
IE7615 Deep Learning for AI/images_OBJ044/OBJ044_037.jpg,OBJ044,False,37,OBJ044,train
IE7615 Deep Learning for AI/images_OBJ044/OBJ044_038.jpg,OBJ044,False,38,OBJ044,train
IE7615 Deep Learning for AI/images_OBJ044/OBJ044_039.jpg,OBJ044,False,39,OBJ044,train
IE7615 Deep Learning for AI/images_OBJ044/OBJ044_040.jpg,OBJ044,False,40,OBJ044,train
IE7615 Deep Learning for AI/images_OBJ044/OBJ044_041.jpg,OBJ044,False,41,OBJ044,train
IE7615 Deep Learning for AI/images_OBJ044/OBJ044_042.jpg,OBJ044,False,42,OBJ044,train
IE7615 Deep Learning for AI/images_OBJ044/OBJ044_043.jpg,OBJ044,False,43,OBJ044,train
IE7615 Deep Learning for AI/images_OBJ044/OBJ044_044.jpg,OBJ044,False,44,OBJ044,train
IE7615 Deep Learning for AI/images_OBJ044/OBJ044_045.jpg,OBJ044,False,45,OBJ044,train
IE7615 Deep Learning for AI/images_OBJ044/OBJ044_046.jpg,OBJ044,False,46,OBJ044,train
IE7615 Deep Learning for AI/images_OBJ044/OBJ044_047.jpg,OBJ044,False,47,OBJ044,train
IE7615 Deep Learning for AI/images_OBJ044/OBJ044_048.jpg,OBJ044,False,48,OBJ044,train
IE7615 Deep Learning for AI/images_OBJ044/OBJ044_049.jpg,OBJ044,False,49,OBJ044,train
IE7615 Deep Learning for AI/images_OBJ044/OBJ044_050.jpg,OBJ044,False,50,OBJ044,train
IE7615 Deep Learning for AI/images_OBJ044/OBJ044_051.jpg,OBJ044,False,51,OBJ044,train
IE7615 Deep Learning for AI/images_OBJ044/OBJ044_052.jpg,OBJ044,False,52,OBJ044,train
IE7615 Deep Learning for AI/images_OBJ044/OBJ044_053.jpg,OBJ044,False,53,OBJ044,train
IE7615 Deep Learning for AI/images_OBJ044/OBJ044_054.jpg,OBJ044,False,54,OBJ044,train
IE7615 Deep Learning for AI/images_OBJ044/OBJ044_055.jpg,OBJ044,False,55,OBJ044,train
IE7615 Deep Learning for AI/images_OBJ044/OBJ044_056.jpg,OBJ044,False,56,OBJ044,train
IE7615 Deep Learning for AI/images_OBJ044/OBJ044_057.jpg,OBJ044,False,57,OBJ044,train
IE7615 Deep Learning for AI/images_OBJ044/OBJ044_058.jpg,OBJ044,False,58,OBJ044,train
IE7615 Deep Learning for AI/images_OBJ044/OBJ044_059.jpg,OBJ044,False,59,OBJ044,train
IE7615 Deep Learning for AI/images_OBJ044/OBJ044_060.jpg,OBJ044,False,60,OBJ044,train
IE7615 Deep Learning for AI/images_OBJ044/OBJ044_061.jpg,OBJ044,False,61,OBJ044,test
IE7615 Deep Learning for AI/images_OBJ044/OBJ044_062.jpg,OBJ044,False,62,OBJ044,test
IE7615 Deep Learning for AI/images_OBJ044/OBJ044_063.jpg,OBJ044,False,63,OBJ044,test
IE7615 Deep Learning for AI/images_OBJ044/OBJ044_064.jpg,OBJ044,False,64,OBJ044,test
IE7615 Deep Learning for AI/images_OBJ044/OBJ044_065.jpg,OBJ044,False,65,OBJ044,test
IE7615 Deep Learning for AI/images_OBJ044/OBJ044_066.jpg,OBJ044,False,66,OBJ044,train
IE7615 Deep Learning for AI/images_OBJ044/OBJ044_067.jpg,OBJ044,False,67,OBJ044,train
IE7615 Deep Learning for AI/images_OBJ044/OBJ044_068.jpg,OBJ044,False,68,OBJ044,train
IE7615 Deep Learning for AI/images_OBJ044/OBJ044_069.jpg,OBJ044,False,69,OBJ044,train
IE7615 Deep Learning for AI/images_OBJ044/OBJ044_070.jpg,OBJ044,False,70,OBJ044,train
IE7615 Deep Learning for AI/images_OBJ044/OBJ044_071.jpg,OBJ044,False,71,OBJ044,train
IE7615 Deep Learning for AI/images_OBJ044/OBJ044_072.jpg,OBJ044,False,72,OBJ044,train
IE7615 Deep Learning for AI/images_OBJ044/OBJ044_073.jpg,OBJ044,False,73,OBJ044,train
IE7615 Deep Learning for AI/images_OBJ044/OBJ044_074.jpg,OBJ044,False,74,OBJ044,train
IE7615 Deep Learning for AI/images_OBJ044/OBJ044_075.jpg,OBJ044,False,75,OBJ044,train
IE7615 Deep Learning for AI/images_OBJ044/OBJ044_076.jpg,OBJ044,False,76,OBJ044,test
IE7615 Deep Learning for AI/images_OBJ044/OBJ044_077.jpg,OBJ044,False,77,OBJ044,test
IE7615 Deep Learning for AI/images_OBJ044/OBJ044_078.jpg,OBJ044,False,78,OBJ044,test
IE7615 Deep Learning for AI/images_OBJ044/OBJ044_079.jpg,OBJ044,False,79,OBJ044,test
IE7615 Deep Learning for AI/images_OBJ044/OBJ044_080.jpg,OBJ044,False,80,OBJ044,test
IE7615 Deep Learning for AI/images_OBJ044/OBJ044_081.jpg,OBJ044,False,81,OBJ044,train
IE7615 Deep Learning for AI/images_OBJ044/OBJ044_082.jpg,OBJ044,False,82,OBJ044,train
IE7615 Deep Learning for AI/images_OBJ044/OBJ044_083.jpg,OBJ044,False,83,OBJ044,train
IE7615 Deep Learning for AI/images_OBJ044/OBJ044_084.jpg,OBJ044,False,84,OBJ044,train
IE7615 Deep Learning for AI/images_OBJ044/OBJ044_085.jpg,OBJ044,False,85,OBJ044,train
IE7615 Deep Learning for AI/images_OBJ044/OBJ044_086.jpg,OBJ044,False,86,OBJ044,train
IE7615 Deep Learning for AI/images_OBJ044/OBJ044_087.jpg,OBJ044,False,87,OBJ044,train
IE7615 Deep Learning for AI/images_OBJ044/OBJ044_088.jpg,OBJ044,False,88,OBJ044,train
IE7615 Deep Learning for AI/images_OBJ044/OBJ044_089.jpg,OBJ044,False,89,OBJ044,train
IE7615 Deep Learning for AI/images_OBJ044/OBJ044_090.jpg,OBJ044,False,90,OBJ044,train
IE7615 Deep Learning for AI/images_OBJ044/OBJ044_091.jpg,OBJ044,False,91,OBJ044,val
IE7615 Deep Learning for AI/images_OBJ044/OBJ044_092.jpg,OBJ044,False,92,OBJ044,val
IE7615 Deep Learning for AI/images_OBJ044/OBJ044_093.jpg,OBJ044,False,93,OBJ044,val
IE7615 Deep Learning for AI/images_OBJ044/OBJ044_094.jpg,OBJ044,False,94,OBJ044,val
IE7615 Deep Learning for AI/images_OBJ044/OBJ044_095.jpg,OBJ044,False,95,OBJ044,val
IE7615 Deep Learning for AI/images_OBJ044/OBJ044_bg_001.jpg,OBJ044,True,1,no_object,val
IE7615 Deep Learning for AI/images_OBJ044/OBJ044_bg_002.jpg,OBJ044,True,2,no_object,val
IE7615 Deep Learning for AI/images_OBJ044/OBJ044_bg_003.jpg,OBJ044,True,3,no_object,val
IE7615 Deep Learning for AI/images_OBJ044/OBJ044_bg_004.jpg,OBJ044,True,4,no_object,val
IE7615 Deep Learning for AI/images_OBJ044/OBJ044_bg_005.jpg,OBJ044,True,5,no_object,val
IE7615 Deep Learning for AI/images_OBJ045/OBJ045_001.jpg,OBJ045,False,1,OBJ045,train
IE7615 Deep Learning for AI/images_OBJ045/OBJ045_002.jpg,OBJ045,False,2,OBJ045,train
IE7615 Deep Learning for AI/images_OBJ045/OBJ045_003.jpg,OBJ045,False,3,OBJ045,train
IE7615 Deep Learning for AI/images_OBJ045/OBJ045_004.jpg,OBJ045,False,4,OBJ045,train
IE7615 Deep Learning for AI/images_OBJ045/OBJ045_005.jpg,OBJ045,False,5,OBJ045,train
IE7615 Deep Learning for AI/images_OBJ045/OBJ045_006.jpg,OBJ045,False,6,OBJ045,train
IE7615 Deep Learning for AI/images_OBJ045/OBJ045_007.jpg,OBJ045,False,7,OBJ045,train
IE7615 Deep Learning for AI/images_OBJ045/OBJ045_008.jpg,OBJ045,False,8,OBJ045,train
IE7615 Deep Learning for AI/images_OBJ045/OBJ045_009.jpg,OBJ045,False,9,OBJ045,train
IE7615 Deep Learning for AI/images_OBJ045/OBJ045_010.jpg,OBJ045,False,10,OBJ045,train
IE7615 Deep Learning for AI/images_OBJ045/OBJ045_011.jpg,OBJ045,False,11,OBJ045,test
IE7615 Deep Learning for AI/images_OBJ045/OBJ045_012.jpg,OBJ045,False,12,OBJ045,test
IE7615 Deep Learning for AI/images_OBJ045/OBJ045_013.jpg,OBJ045,False,13,OBJ045,test
IE7615 Deep Learning for AI/images_OBJ045/OBJ045_014.jpg,OBJ045,False,14,OBJ045,test
IE7615 Deep Learning for AI/images_OBJ045/OBJ045_015.jpg,OBJ045,False,15,OBJ045,test
IE7615 Deep Learning for AI/images_OBJ045/OBJ045_016.jpg,OBJ045,False,16,OBJ045,train
IE7615 Deep Learning for AI/images_OBJ045/OBJ045_017.jpg,OBJ045,False,17,OBJ045,train
IE7615 Deep Learning for AI/images_OBJ045/OBJ045_018.jpg,OBJ045,False,18,OBJ045,train
IE7615 Deep Learning for AI/images_OBJ045/OBJ045_019.jpg,OBJ045,False,19,OBJ045,train
IE7615 Deep Learning for AI/images_OBJ045/OBJ045_020.jpg,OBJ045,False,20,OBJ045,train
IE7615 Deep Learning for AI/images_OBJ045/OBJ045_021.jpg,OBJ045,False,21,OBJ045,train
IE7615 Deep Learning for AI/images_OBJ045/OBJ045_022.jpg,OBJ045,False,22,OBJ045,train
IE7615 Deep Learning for AI/images_OBJ045/OBJ045_023.jpg,OBJ045,False,23,OBJ045,train
IE7615 Deep Learning for AI/images_OBJ045/OBJ045_024.jpg,OBJ045,False,24,OBJ045,train
IE7615 Deep Learning for AI/images_OBJ045/OBJ045_025.jpg,OBJ045,False,25,OBJ045,train
IE7615 Deep Learning for AI/images_OBJ045/OBJ045_026.jpg,OBJ045,False,26,OBJ045,train
IE7615 Deep Learning for AI/images_OBJ045/OBJ045_027.jpg,OBJ045,False,27,OBJ045,train
IE7615 Deep Learning for AI/images_OBJ045/OBJ045_028.jpg,OBJ045,False,28,OBJ045,train
IE7615 Deep Learning for AI/images_OBJ045/OBJ045_029.jpg,OBJ045,False,29,OBJ045,train
IE7615 Deep Learning for AI/images_OBJ045/OBJ045_030.jpg,OBJ045,False,30,OBJ045,train
IE7615 Deep Learning for AI/images_OBJ045/OBJ045_031.jpg,OBJ045,False,31,OBJ045,val
IE7615 Deep Learning for AI/images_OBJ045/OBJ045_032.jpg,OBJ045,False,32,OBJ045,val
IE7615 Deep Learning for AI/images_OBJ045/OBJ045_033.jpg,OBJ045,False,33,OBJ045,val
IE7615 Deep Learning for AI/images_OBJ045/OBJ045_034.jpg,OBJ045,False,34,OBJ045,val
IE7615 Deep Learning for AI/images_OBJ045/OBJ045_035.jpg,OBJ045,False,35,OBJ045,val
IE7615 Deep Learning for AI/images_OBJ045/OBJ045_036.jpg,OBJ045,False,36,OBJ045,test
IE7615 Deep Learning for AI/images_OBJ045/OBJ045_037.jpg,OBJ045,False,37,OBJ045,test
IE7615 Deep Learning for AI/images_OBJ045/OBJ045_038.jpg,OBJ045,False,38,OBJ045,test
IE7615 Deep Learning for AI/images_OBJ045/OBJ045_039.jpg,OBJ045,False,39,OBJ045,test
IE7615 Deep Learning for AI/images_OBJ045/OBJ045_040.jpg,OBJ045,False,40,OBJ045,test
IE7615 Deep Learning for AI/images_OBJ045/OBJ045_041.jpg,OBJ045,False,41,OBJ045,test
IE7615 Deep Learning for AI/images_OBJ045/OBJ045_042.jpg,OBJ045,False,42,OBJ045,test
IE7615 Deep Learning for AI/images_OBJ045/OBJ045_043.jpg,OBJ045,False,43,OBJ045,test
IE7615 Deep Learning for AI/images_OBJ045/OBJ045_044.jpg,OBJ045,False,44,OBJ045,test
IE7615 Deep Learning for AI/images_OBJ045/OBJ045_045.jpg,OBJ045,False,45,OBJ045,test
IE7615 Deep Learning for AI/images_OBJ045/OBJ045_046.jpg,OBJ045,False,46,OBJ045,train
IE7615 Deep Learning for AI/images_OBJ045/OBJ045_047.jpg,OBJ045,False,47,OBJ045,train
IE7615 Deep Learning for AI/images_OBJ045/OBJ045_048.jpg,OBJ045,False,48,OBJ045,train
IE7615 Deep Learning for AI/images_OBJ045/OBJ045_049.jpg,OBJ045,False,49,OBJ045,train
IE7615 Deep Learning for AI/images_OBJ045/OBJ045_050.jpg,OBJ045,False,50,OBJ045,train
IE7615 Deep Learning for AI/images_OBJ045/OBJ045_051.jpg,OBJ045,False,51,OBJ045,train
IE7615 Deep Learning for AI/images_OBJ045/OBJ045_052.jpg,OBJ045,False,52,OBJ045,train
IE7615 Deep Learning for AI/images_OBJ045/OBJ045_053.jpg,OBJ045,False,53,OBJ045,train
IE7615 Deep Learning for AI/images_OBJ045/OBJ045_054.jpg,OBJ045,False,54,OBJ045,train
IE7615 Deep Learning for AI/images_OBJ045/OBJ045_055.jpg,OBJ045,False,55,OBJ045,train
IE7615 Deep Learning for AI/images_OBJ045/OBJ045_056.jpg,OBJ045,False,56,OBJ045,train
IE7615 Deep Learning for AI/images_OBJ045/OBJ045_057.jpg,OBJ045,False,57,OBJ045,train
IE7615 Deep Learning for AI/images_OBJ045/OBJ045_058.jpg,OBJ045,False,58,OBJ045,train
IE7615 Deep Learning for AI/images_OBJ045/OBJ045_059.jpg,OBJ045,False,59,OBJ045,train
IE7615 Deep Learning for AI/images_OBJ045/OBJ045_060.jpg,OBJ045,False,60,OBJ045,train
IE7615 Deep Learning for AI/images_OBJ045/OBJ045_061.jpg,OBJ045,False,61,OBJ045,val
IE7615 Deep Learning for AI/images_OBJ045/OBJ045_062.jpg,OBJ045,False,62,OBJ045,val
IE7615 Deep Learning for AI/images_OBJ045/OBJ045_063.jpg,OBJ045,False,63,OBJ045,val
IE7615 Deep Learning for AI/images_OBJ045/OBJ045_064.jpg,OBJ045,False,64,OBJ045,val
IE7615 Deep Learning for AI/images_OBJ045/OBJ045_065.jpg,OBJ045,False,65,OBJ045,val
IE7615 Deep Learning for AI/images_OBJ045/OBJ045_066.jpg,OBJ045,False,66,OBJ045,train
IE7615 Deep Learning for AI/images_OBJ045/OBJ045_067.jpg,OBJ045,False,67,OBJ045,train
IE7615 Deep Learning for AI/images_OBJ045/OBJ045_068.jpg,OBJ045,False,68,OBJ045,train
IE7615 Deep Learning for AI/images_OBJ045/OBJ045_069.jpg,OBJ045,False,69,OBJ045,train
IE7615 Deep Learning for AI/images_OBJ045/OBJ045_070.jpg,OBJ045,False,70,OBJ045,train
IE7615 Deep Learning for AI/images_OBJ045/OBJ045_071.jpg,OBJ045,False,71,OBJ045,train
IE7615 Deep Learning for AI/images_OBJ045/OBJ045_072.jpg,OBJ045,False,72,OBJ045,train
IE7615 Deep Learning for AI/images_OBJ045/OBJ045_073.jpg,OBJ045,False,73,OBJ045,train
IE7615 Deep Learning for AI/images_OBJ045/OBJ045_074.jpg,OBJ045,False,74,OBJ045,train
IE7615 Deep Learning for AI/images_OBJ045/OBJ045_075.jpg,OBJ045,False,75,OBJ045,train
IE7615 Deep Learning for AI/images_OBJ045/OBJ045_076.jpg,OBJ045,False,76,OBJ045,train
IE7615 Deep Learning for AI/images_OBJ045/OBJ045_077.jpg,OBJ045,False,77,OBJ045,train
IE7615 Deep Learning for AI/images_OBJ045/OBJ045_078.jpg,OBJ045,False,78,OBJ045,train
IE7615 Deep Learning for AI/images_OBJ045/OBJ045_079.jpg,OBJ045,False,79,OBJ045,train
IE7615 Deep Learning for AI/images_OBJ045/OBJ045_080.jpg,OBJ045,False,80,OBJ045,train
IE7615 Deep Learning for AI/images_OBJ045/OBJ045_081.jpg,OBJ045,False,81,OBJ045,val
IE7615 Deep Learning for AI/images_OBJ045/OBJ045_082.jpg,OBJ045,False,82,OBJ045,val
IE7615 Deep Learning for AI/images_OBJ045/OBJ045_083.jpg,OBJ045,False,83,OBJ045,val
IE7615 Deep Learning for AI/images_OBJ045/OBJ045_084.jpg,OBJ045,False,84,OBJ045,val
IE7615 Deep Learning for AI/images_OBJ045/OBJ045_085.jpg,OBJ045,False,85,OBJ045,val
IE7615 Deep Learning for AI/images_OBJ045/OBJ045_086.jpg,OBJ045,False,86,OBJ045,train
IE7615 Deep Learning for AI/images_OBJ045/OBJ045_087.jpg,OBJ045,False,87,OBJ045,train
IE7615 Deep Learning for AI/images_OBJ045/OBJ045_088.jpg,OBJ045,False,88,OBJ045,train
IE7615 Deep Learning for AI/images_OBJ045/OBJ045_089.jpg,OBJ045,False,89,OBJ045,train
IE7615 Deep Learning for AI/images_OBJ045/OBJ045_090.jpg,OBJ045,False,90,OBJ045,train
IE7615 Deep Learning for AI/images_OBJ045/OBJ045_091.jpg,OBJ045,False,91,OBJ045,train
IE7615 Deep Learning for AI/images_OBJ045/OBJ045_092.jpg,OBJ045,False,92,OBJ045,train
IE7615 Deep Learning for AI/images_OBJ045/OBJ045_093.jpg,OBJ045,False,93,OBJ045,train
IE7615 Deep Learning for AI/images_OBJ045/OBJ045_094.jpg,OBJ045,False,94,OBJ045,train
IE7615 Deep Learning for AI/images_OBJ045/OBJ045_095.jpg,OBJ045,False,95,OBJ045,train
IE7615 Deep Learning for AI/images_OBJ045/OBJ045_bg_001.jpg,OBJ045,True,1,no_object,train
IE7615 Deep Learning for AI/images_OBJ045/OBJ045_bg_002.jpg,OBJ045,True,2,no_object,train
IE7615 Deep Learning for AI/images_OBJ045/OBJ045_bg_003.jpg,OBJ045,True,3,no_object,train
IE7615 Deep Learning for AI/images_OBJ045/OBJ045_bg_004.jpg,OBJ045,True,4,no_object,train
IE7615 Deep Learning for AI/images_OBJ045/OBJ045_bg_005.jpg,OBJ045,True,5,no_object,train
IE7615 Deep Learning for AI/images_OBJ046/OBJ046_001.jpg,OBJ046,False,1,OBJ046,train
IE7615 Deep Learning for AI/images_OBJ046/OBJ046_002.jpg,OBJ046,False,2,OBJ046,train
IE7615 Deep Learning for AI/images_OBJ046/OBJ046_003.jpg,OBJ046,False,3,OBJ046,train
IE7615 Deep Learning for AI/images_OBJ046/OBJ046_004.jpg,OBJ046,False,4,OBJ046,train
IE7615 Deep Learning for AI/images_OBJ046/OBJ046_005.jpg,OBJ046,False,5,OBJ046,train
IE7615 Deep Learning for AI/images_OBJ046/OBJ046_006.jpg,OBJ046,False,6,OBJ046,train
IE7615 Deep Learning for AI/images_OBJ046/OBJ046_007.jpg,OBJ046,False,7,OBJ046,train
IE7615 Deep Learning for AI/images_OBJ046/OBJ046_008.jpg,OBJ046,False,8,OBJ046,train
IE7615 Deep Learning for AI/images_OBJ046/OBJ046_009.jpg,OBJ046,False,9,OBJ046,train
IE7615 Deep Learning for AI/images_OBJ046/OBJ046_010.jpg,OBJ046,False,10,OBJ046,train
IE7615 Deep Learning for AI/images_OBJ046/OBJ046_011.jpg,OBJ046,False,11,OBJ046,train
IE7615 Deep Learning for AI/images_OBJ046/OBJ046_012.jpg,OBJ046,False,12,OBJ046,train
IE7615 Deep Learning for AI/images_OBJ046/OBJ046_013.jpg,OBJ046,False,13,OBJ046,train
IE7615 Deep Learning for AI/images_OBJ046/OBJ046_014.jpg,OBJ046,False,14,OBJ046,train
IE7615 Deep Learning for AI/images_OBJ046/OBJ046_015.jpg,OBJ046,False,15,OBJ046,train
IE7615 Deep Learning for AI/images_OBJ046/OBJ046_016.jpg,OBJ046,False,16,OBJ046,train
IE7615 Deep Learning for AI/images_OBJ046/OBJ046_017.jpg,OBJ046,False,17,OBJ046,train
IE7615 Deep Learning for AI/images_OBJ046/OBJ046_018.jpg,OBJ046,False,18,OBJ046,train
IE7615 Deep Learning for AI/images_OBJ046/OBJ046_019.jpg,OBJ046,False,19,OBJ046,train
IE7615 Deep Learning for AI/images_OBJ046/OBJ046_020.jpg,OBJ046,False,20,OBJ046,train
IE7615 Deep Learning for AI/images_OBJ046/OBJ046_021.jpg,OBJ046,False,21,OBJ046,test
IE7615 Deep Learning for AI/images_OBJ046/OBJ046_022.jpg,OBJ046,False,22,OBJ046,test
IE7615 Deep Learning for AI/images_OBJ046/OBJ046_023.jpg,OBJ046,False,23,OBJ046,test
IE7615 Deep Learning for AI/images_OBJ046/OBJ046_024.jpg,OBJ046,False,24,OBJ046,test
IE7615 Deep Learning for AI/images_OBJ046/OBJ046_025.jpg,OBJ046,False,25,OBJ046,test
IE7615 Deep Learning for AI/images_OBJ046/OBJ046_026.jpg,OBJ046,False,26,OBJ046,train
IE7615 Deep Learning for AI/images_OBJ046/OBJ046_027.jpg,OBJ046,False,27,OBJ046,train
IE7615 Deep Learning for AI/images_OBJ046/OBJ046_028.jpg,OBJ046,False,28,OBJ046,train
IE7615 Deep Learning for AI/images_OBJ046/OBJ046_029.jpg,OBJ046,False,29,OBJ046,train
IE7615 Deep Learning for AI/images_OBJ046/OBJ046_030.jpg,OBJ046,False,30,OBJ046,train
IE7615 Deep Learning for AI/images_OBJ046/OBJ046_031.jpg,OBJ046,False,31,OBJ046,val
IE7615 Deep Learning for AI/images_OBJ046/OBJ046_032.jpg,OBJ046,False,32,OBJ046,val
IE7615 Deep Learning for AI/images_OBJ046/OBJ046_033.jpg,OBJ046,False,33,OBJ046,val
IE7615 Deep Learning for AI/images_OBJ046/OBJ046_034.jpg,OBJ046,False,34,OBJ046,val
IE7615 Deep Learning for AI/images_OBJ046/OBJ046_035.jpg,OBJ046,False,35,OBJ046,val
IE7615 Deep Learning for AI/images_OBJ046/OBJ046_036.jpg,OBJ046,False,36,OBJ046,train
IE7615 Deep Learning for AI/images_OBJ046/OBJ046_037.jpg,OBJ046,False,37,OBJ046,train
IE7615 Deep Learning for AI/images_OBJ046/OBJ046_038.jpg,OBJ046,False,38,OBJ046,train
IE7615 Deep Learning for AI/images_OBJ046/OBJ046_039.jpg,OBJ046,False,39,OBJ046,train
IE7615 Deep Learning for AI/images_OBJ046/OBJ046_040.jpg,OBJ046,False,40,OBJ046,train
IE7615 Deep Learning for AI/images_OBJ046/OBJ046_041.jpg,OBJ046,False,41,OBJ046,train
IE7615 Deep Learning for AI/images_OBJ046/OBJ046_042.jpg,OBJ046,False,42,OBJ046,train
IE7615 Deep Learning for AI/images_OBJ046/OBJ046_043.jpg,OBJ046,False,43,OBJ046,train
IE7615 Deep Learning for AI/images_OBJ046/OBJ046_044.jpg,OBJ046,False,44,OBJ046,train
IE7615 Deep Learning for AI/images_OBJ046/OBJ046_045.jpg,OBJ046,False,45,OBJ046,train
IE7615 Deep Learning for AI/images_OBJ046/OBJ046_046.jpg,OBJ046,False,46,OBJ046,train
IE7615 Deep Learning for AI/images_OBJ046/OBJ046_047.jpg,OBJ046,False,47,OBJ046,train
IE7615 Deep Learning for AI/images_OBJ046/OBJ046_048.jpg,OBJ046,False,48,OBJ046,train
IE7615 Deep Learning for AI/images_OBJ046/OBJ046_049.jpg,OBJ046,False,49,OBJ046,train
IE7615 Deep Learning for AI/images_OBJ046/OBJ046_050.jpg,OBJ046,False,50,OBJ046,train
IE7615 Deep Learning for AI/images_OBJ046/OBJ046_051.jpg,OBJ046,False,51,OBJ046,train
IE7615 Deep Learning for AI/images_OBJ046/OBJ046_052.jpg,OBJ046,False,52,OBJ046,train
IE7615 Deep Learning for AI/images_OBJ046/OBJ046_053.jpg,OBJ046,False,53,OBJ046,train
IE7615 Deep Learning for AI/images_OBJ046/OBJ046_054.jpg,OBJ046,False,54,OBJ046,train
IE7615 Deep Learning for AI/images_OBJ046/OBJ046_055.jpg,OBJ046,False,55,OBJ046,train
IE7615 Deep Learning for AI/images_OBJ046/OBJ046_056.jpg,OBJ046,False,56,OBJ046,train
IE7615 Deep Learning for AI/images_OBJ046/OBJ046_057.jpg,OBJ046,False,57,OBJ046,train
IE7615 Deep Learning for AI/images_OBJ046/OBJ046_058.jpg,OBJ046,False,58,OBJ046,train
IE7615 Deep Learning for AI/images_OBJ046/OBJ046_059.jpg,OBJ046,False,59,OBJ046,train
IE7615 Deep Learning for AI/images_OBJ046/OBJ046_060.jpg,OBJ046,False,60,OBJ046,train
IE7615 Deep Learning for AI/images_OBJ046/OBJ046_061.jpg,OBJ046,False,61,OBJ046,train
IE7615 Deep Learning for AI/images_OBJ046/OBJ046_062.jpg,OBJ046,False,62,OBJ046,train
IE7615 Deep Learning for AI/images_OBJ046/OBJ046_063.jpg,OBJ046,False,63,OBJ046,train
IE7615 Deep Learning for AI/images_OBJ046/OBJ046_064.jpg,OBJ046,False,64,OBJ046,train
IE7615 Deep Learning for AI/images_OBJ046/OBJ046_065.jpg,OBJ046,False,65,OBJ046,train
IE7615 Deep Learning for AI/images_OBJ046/OBJ046_066.jpg,OBJ046,False,66,OBJ046,train
IE7615 Deep Learning for AI/images_OBJ046/OBJ046_067.jpg,OBJ046,False,67,OBJ046,train
IE7615 Deep Learning for AI/images_OBJ046/OBJ046_068.jpg,OBJ046,False,68,OBJ046,train
IE7615 Deep Learning for AI/images_OBJ046/OBJ046_069.jpg,OBJ046,False,69,OBJ046,train
IE7615 Deep Learning for AI/images_OBJ046/OBJ046_070.jpg,OBJ046,False,70,OBJ046,train
IE7615 Deep Learning for AI/images_OBJ046/OBJ046_071.jpg,OBJ046,False,71,OBJ046,test
IE7615 Deep Learning for AI/images_OBJ046/OBJ046_072.jpg,OBJ046,False,72,OBJ046,test
IE7615 Deep Learning for AI/images_OBJ046/OBJ046_073.jpg,OBJ046,False,73,OBJ046,test
IE7615 Deep Learning for AI/images_OBJ046/OBJ046_074.jpg,OBJ046,False,74,OBJ046,test
IE7615 Deep Learning for AI/images_OBJ046/OBJ046_075.jpg,OBJ046,False,75,OBJ046,test
IE7615 Deep Learning for AI/images_OBJ046/OBJ046_076.jpg,OBJ046,False,76,OBJ046,val
IE7615 Deep Learning for AI/images_OBJ046/OBJ046_077.jpg,OBJ046,False,77,OBJ046,val
IE7615 Deep Learning for AI/images_OBJ046/OBJ046_078.jpg,OBJ046,False,78,OBJ046,val
IE7615 Deep Learning for AI/images_OBJ046/OBJ046_079.jpg,OBJ046,False,79,OBJ046,val
IE7615 Deep Learning for AI/images_OBJ046/OBJ046_080.jpg,OBJ046,False,80,OBJ046,val
IE7615 Deep Learning for AI/images_OBJ046/OBJ046_081.jpg,OBJ046,False,81,OBJ046,test
IE7615 Deep Learning for AI/images_OBJ046/OBJ046_082.jpg,OBJ046,False,82,OBJ046,test
IE7615 Deep Learning for AI/images_OBJ046/OBJ046_083.jpg,OBJ046,False,83,OBJ046,test
IE7615 Deep Learning for AI/images_OBJ046/OBJ046_084.jpg,OBJ046,False,84,OBJ046,test
IE7615 Deep Learning for AI/images_OBJ046/OBJ046_085.jpg,OBJ046,False,85,OBJ046,test
IE7615 Deep Learning for AI/images_OBJ046/OBJ046_086.jpg,OBJ046,False,86,OBJ046,val
IE7615 Deep Learning for AI/images_OBJ046/OBJ046_087.jpg,OBJ046,False,87,OBJ046,val
IE7615 Deep Learning for AI/images_OBJ046/OBJ046_088.jpg,OBJ046,False,88,OBJ046,val
IE7615 Deep Learning for AI/images_OBJ046/OBJ046_089.jpg,OBJ046,False,89,OBJ046,val
IE7615 Deep Learning for AI/images_OBJ046/OBJ046_090.jpg,OBJ046,False,90,OBJ046,val
IE7615 Deep Learning for AI/images_OBJ046/OBJ046_091.jpg,OBJ046,False,91,OBJ046,train
IE7615 Deep Learning for AI/images_OBJ046/OBJ046_092.jpg,OBJ046,False,92,OBJ046,train
IE7615 Deep Learning for AI/images_OBJ046/OBJ046_093.jpg,OBJ046,False,93,OBJ046,train
IE7615 Deep Learning for AI/images_OBJ046/OBJ046_094.jpg,OBJ046,False,94,OBJ046,train
IE7615 Deep Learning for AI/images_OBJ046/OBJ046_095.jpg,OBJ046,False,95,OBJ046,train
IE7615 Deep Learning for AI/images_OBJ046/OBJ046_bg_001.jpg,OBJ046,True,1,no_object,train
IE7615 Deep Learning for AI/images_OBJ046/OBJ046_bg_002.jpg,OBJ046,True,2,no_object,train
IE7615 Deep Learning for AI/images_OBJ046/OBJ046_bg_003.jpg,OBJ046,True,3,no_object,train
IE7615 Deep Learning for AI/images_OBJ046/OBJ046_bg_004.jpg,OBJ046,True,4,no_object,train
IE7615 Deep Learning for AI/images_OBJ046/OBJ046_bg_005.jpg,OBJ046,True,5,no_object,train
IE7615 Deep Learning for AI/images_OBJ047/OBJ047_001.jpg,OBJ047,False,1,OBJ047,train
IE7615 Deep Learning for AI/images_OBJ047/OBJ047_002.jpg,OBJ047,False,2,OBJ047,train
IE7615 Deep Learning for AI/images_OBJ047/OBJ047_003.jpg,OBJ047,False,3,OBJ047,train
IE7615 Deep Learning for AI/images_OBJ047/OBJ047_004.jpg,OBJ047,False,4,OBJ047,train
IE7615 Deep Learning for AI/images_OBJ047/OBJ047_005.jpg,OBJ047,False,5,OBJ047,train
IE7615 Deep Learning for AI/images_OBJ047/OBJ047_006.jpg,OBJ047,False,6,OBJ047,train
IE7615 Deep Learning for AI/images_OBJ047/OBJ047_007.jpg,OBJ047,False,7,OBJ047,train
IE7615 Deep Learning for AI/images_OBJ047/OBJ047_008.jpg,OBJ047,False,8,OBJ047,train
IE7615 Deep Learning for AI/images_OBJ047/OBJ047_009.jpg,OBJ047,False,9,OBJ047,train
IE7615 Deep Learning for AI/images_OBJ047/OBJ047_010.jpg,OBJ047,False,10,OBJ047,train
IE7615 Deep Learning for AI/images_OBJ047/OBJ047_011.jpg,OBJ047,False,11,OBJ047,test
IE7615 Deep Learning for AI/images_OBJ047/OBJ047_012.jpg,OBJ047,False,12,OBJ047,test
IE7615 Deep Learning for AI/images_OBJ047/OBJ047_013.jpg,OBJ047,False,13,OBJ047,test
IE7615 Deep Learning for AI/images_OBJ047/OBJ047_014.jpg,OBJ047,False,14,OBJ047,test
IE7615 Deep Learning for AI/images_OBJ047/OBJ047_015.jpg,OBJ047,False,15,OBJ047,test
IE7615 Deep Learning for AI/images_OBJ047/OBJ047_016.jpg,OBJ047,False,16,OBJ047,train
IE7615 Deep Learning for AI/images_OBJ047/OBJ047_017.jpg,OBJ047,False,17,OBJ047,train
IE7615 Deep Learning for AI/images_OBJ047/OBJ047_018.jpg,OBJ047,False,18,OBJ047,train
IE7615 Deep Learning for AI/images_OBJ047/OBJ047_019.jpg,OBJ047,False,19,OBJ047,train
IE7615 Deep Learning for AI/images_OBJ047/OBJ047_020.jpg,OBJ047,False,20,OBJ047,train
IE7615 Deep Learning for AI/images_OBJ047/OBJ047_021.jpg,OBJ047,False,21,OBJ047,train
IE7615 Deep Learning for AI/images_OBJ047/OBJ047_022.jpg,OBJ047,False,22,OBJ047,train
IE7615 Deep Learning for AI/images_OBJ047/OBJ047_023.jpg,OBJ047,False,23,OBJ047,train
IE7615 Deep Learning for AI/images_OBJ047/OBJ047_024.jpg,OBJ047,False,24,OBJ047,train
IE7615 Deep Learning for AI/images_OBJ047/OBJ047_025.jpg,OBJ047,False,25,OBJ047,train
IE7615 Deep Learning for AI/images_OBJ047/OBJ047_026.jpg,OBJ047,False,26,OBJ047,val
IE7615 Deep Learning for AI/images_OBJ047/OBJ047_027.jpg,OBJ047,False,27,OBJ047,val
IE7615 Deep Learning for AI/images_OBJ047/OBJ047_028.jpg,OBJ047,False,28,OBJ047,val
IE7615 Deep Learning for AI/images_OBJ047/OBJ047_029.jpg,OBJ047,False,29,OBJ047,val
IE7615 Deep Learning for AI/images_OBJ047/OBJ047_030.jpg,OBJ047,False,30,OBJ047,val
IE7615 Deep Learning for AI/images_OBJ047/OBJ047_031.jpg,OBJ047,False,31,OBJ047,test
IE7615 Deep Learning for AI/images_OBJ047/OBJ047_032.jpg,OBJ047,False,32,OBJ047,test
IE7615 Deep Learning for AI/images_OBJ047/OBJ047_033.jpg,OBJ047,False,33,OBJ047,test
IE7615 Deep Learning for AI/images_OBJ047/OBJ047_034.jpg,OBJ047,False,34,OBJ047,test
IE7615 Deep Learning for AI/images_OBJ047/OBJ047_035.jpg,OBJ047,False,35,OBJ047,test
IE7615 Deep Learning for AI/images_OBJ047/OBJ047_036.jpg,OBJ047,False,36,OBJ047,train
IE7615 Deep Learning for AI/images_OBJ047/OBJ047_037.jpg,OBJ047,False,37,OBJ047,train
IE7615 Deep Learning for AI/images_OBJ047/OBJ047_038.jpg,OBJ047,False,38,OBJ047,train
IE7615 Deep Learning for AI/images_OBJ047/OBJ047_039.jpg,OBJ047,False,39,OBJ047,train
IE7615 Deep Learning for AI/images_OBJ047/OBJ047_040.jpg,OBJ047,False,40,OBJ047,train
IE7615 Deep Learning for AI/images_OBJ047/OBJ047_041.jpg,OBJ047,False,41,OBJ047,test
IE7615 Deep Learning for AI/images_OBJ047/OBJ047_042.jpg,OBJ047,False,42,OBJ047,test
IE7615 Deep Learning for AI/images_OBJ047/OBJ047_043.jpg,OBJ047,False,43,OBJ047,test
IE7615 Deep Learning for AI/images_OBJ047/OBJ047_044.jpg,OBJ047,False,44,OBJ047,test
IE7615 Deep Learning for AI/images_OBJ047/OBJ047_045.jpg,OBJ047,False,45,OBJ047,test
IE7615 Deep Learning for AI/images_OBJ047/OBJ047_046.jpg,OBJ047,False,46,OBJ047,train
IE7615 Deep Learning for AI/images_OBJ047/OBJ047_047.jpg,OBJ047,False,47,OBJ047,train
IE7615 Deep Learning for AI/images_OBJ047/OBJ047_048.jpg,OBJ047,False,48,OBJ047,train
IE7615 Deep Learning for AI/images_OBJ047/OBJ047_049.jpg,OBJ047,False,49,OBJ047,train
IE7615 Deep Learning for AI/images_OBJ047/OBJ047_050.jpg,OBJ047,False,50,OBJ047,train
IE7615 Deep Learning for AI/images_OBJ047/OBJ047_051.jpg,OBJ047,False,51,OBJ047,train
IE7615 Deep Learning for AI/images_OBJ047/OBJ047_052.jpg,OBJ047,False,52,OBJ047,train
IE7615 Deep Learning for AI/images_OBJ047/OBJ047_053.jpg,OBJ047,False,53,OBJ047,train
IE7615 Deep Learning for AI/images_OBJ047/OBJ047_054.jpg,OBJ047,False,54,OBJ047,train
IE7615 Deep Learning for AI/images_OBJ047/OBJ047_055.jpg,OBJ047,False,55,OBJ047,train
IE7615 Deep Learning for AI/images_OBJ047/OBJ047_056.jpg,OBJ047,False,56,OBJ047,train
IE7615 Deep Learning for AI/images_OBJ047/OBJ047_057.jpg,OBJ047,False,57,OBJ047,train
IE7615 Deep Learning for AI/images_OBJ047/OBJ047_058.jpg,OBJ047,False,58,OBJ047,train
IE7615 Deep Learning for AI/images_OBJ047/OBJ047_059.jpg,OBJ047,False,59,OBJ047,train
IE7615 Deep Learning for AI/images_OBJ047/OBJ047_060.jpg,OBJ047,False,60,OBJ047,train
IE7615 Deep Learning for AI/images_OBJ047/OBJ047_061.jpg,OBJ047,False,61,OBJ047,train
IE7615 Deep Learning for AI/images_OBJ047/OBJ047_062.jpg,OBJ047,False,62,OBJ047,train
IE7615 Deep Learning for AI/images_OBJ047/OBJ047_063.jpg,OBJ047,False,63,OBJ047,train
IE7615 Deep Learning for AI/images_OBJ047/OBJ047_064.jpg,OBJ047,False,64,OBJ047,train
IE7615 Deep Learning for AI/images_OBJ047/OBJ047_065.jpg,OBJ047,False,65,OBJ047,train
IE7615 Deep Learning for AI/images_OBJ047/OBJ047_066.jpg,OBJ047,False,66,OBJ047,train
IE7615 Deep Learning for AI/images_OBJ047/OBJ047_067.jpg,OBJ047,False,67,OBJ047,train
IE7615 Deep Learning for AI/images_OBJ047/OBJ047_068.jpg,OBJ047,False,68,OBJ047,train
IE7615 Deep Learning for AI/images_OBJ047/OBJ047_069.jpg,OBJ047,False,69,OBJ047,train
IE7615 Deep Learning for AI/images_OBJ047/OBJ047_070.jpg,OBJ047,False,70,OBJ047,train
IE7615 Deep Learning for AI/images_OBJ047/OBJ047_071.jpg,OBJ047,False,71,OBJ047,train
IE7615 Deep Learning for AI/images_OBJ047/OBJ047_072.jpg,OBJ047,False,72,OBJ047,train
IE7615 Deep Learning for AI/images_OBJ047/OBJ047_073.jpg,OBJ047,False,73,OBJ047,train
IE7615 Deep Learning for AI/images_OBJ047/OBJ047_074.jpg,OBJ047,False,74,OBJ047,train
IE7615 Deep Learning for AI/images_OBJ047/OBJ047_075.jpg,OBJ047,False,75,OBJ047,train
IE7615 Deep Learning for AI/images_OBJ047/OBJ047_076.jpg,OBJ047,False,76,OBJ047,train
IE7615 Deep Learning for AI/images_OBJ047/OBJ047_077.jpg,OBJ047,False,77,OBJ047,train
IE7615 Deep Learning for AI/images_OBJ047/OBJ047_078.jpg,OBJ047,False,78,OBJ047,train
IE7615 Deep Learning for AI/images_OBJ047/OBJ047_079.jpg,OBJ047,False,79,OBJ047,train
IE7615 Deep Learning for AI/images_OBJ047/OBJ047_080.jpg,OBJ047,False,80,OBJ047,train
IE7615 Deep Learning for AI/images_OBJ047/OBJ047_081.jpg,OBJ047,False,81,OBJ047,val
IE7615 Deep Learning for AI/images_OBJ047/OBJ047_082.jpg,OBJ047,False,82,OBJ047,val
IE7615 Deep Learning for AI/images_OBJ047/OBJ047_083.jpg,OBJ047,False,83,OBJ047,val
IE7615 Deep Learning for AI/images_OBJ047/OBJ047_084.jpg,OBJ047,False,84,OBJ047,val
IE7615 Deep Learning for AI/images_OBJ047/OBJ047_085.jpg,OBJ047,False,85,OBJ047,val
IE7615 Deep Learning for AI/images_OBJ047/OBJ047_086.jpg,OBJ047,False,86,OBJ047,train
IE7615 Deep Learning for AI/images_OBJ047/OBJ047_087.jpg,OBJ047,False,87,OBJ047,train
IE7615 Deep Learning for AI/images_OBJ047/OBJ047_088.jpg,OBJ047,False,88,OBJ047,train
IE7615 Deep Learning for AI/images_OBJ047/OBJ047_089.jpg,OBJ047,False,89,OBJ047,train
IE7615 Deep Learning for AI/images_OBJ047/OBJ047_090.jpg,OBJ047,False,90,OBJ047,train
IE7615 Deep Learning for AI/images_OBJ047/OBJ047_091.jpg,OBJ047,False,91,OBJ047,val
IE7615 Deep Learning for AI/images_OBJ047/OBJ047_092.jpg,OBJ047,False,92,OBJ047,val
IE7615 Deep Learning for AI/images_OBJ047/OBJ047_093.jpg,OBJ047,False,93,OBJ047,val
IE7615 Deep Learning for AI/images_OBJ047/OBJ047_094.jpg,OBJ047,False,94,OBJ047,val
IE7615 Deep Learning for AI/images_OBJ047/OBJ047_095.jpg,OBJ047,False,95,OBJ047,val
IE7615 Deep Learning for AI/images_OBJ047/OBJ047_bg_001.jpg,OBJ047,True,1,no_object,train
IE7615 Deep Learning for AI/images_OBJ047/OBJ047_bg_002.jpg,OBJ047,True,2,no_object,train
IE7615 Deep Learning for AI/images_OBJ047/OBJ047_bg_003.jpg,OBJ047,True,3,no_object,train
IE7615 Deep Learning for AI/images_OBJ047/OBJ047_bg_004.jpg,OBJ047,True,4,no_object,train
IE7615 Deep Learning for AI/images_OBJ047/OBJ047_bg_005.jpg,OBJ047,True,5,no_object,train
IE7615 Deep Learning for AI/images_OBJ048/OBJ048_001.jpg,OBJ048,False,1,OBJ048,train
IE7615 Deep Learning for AI/images_OBJ048/OBJ048_002.jpg,OBJ048,False,2,OBJ048,train
IE7615 Deep Learning for AI/images_OBJ048/OBJ048_003.jpg,OBJ048,False,3,OBJ048,train
IE7615 Deep Learning for AI/images_OBJ048/OBJ048_004.jpg,OBJ048,False,4,OBJ048,train
IE7615 Deep Learning for AI/images_OBJ048/OBJ048_005.jpg,OBJ048,False,5,OBJ048,train
IE7615 Deep Learning for AI/images_OBJ048/OBJ048_006.jpg,OBJ048,False,6,OBJ048,train
IE7615 Deep Learning for AI/images_OBJ048/OBJ048_007.jpg,OBJ048,False,7,OBJ048,train
IE7615 Deep Learning for AI/images_OBJ048/OBJ048_008.jpg,OBJ048,False,8,OBJ048,train
IE7615 Deep Learning for AI/images_OBJ048/OBJ048_009.jpg,OBJ048,False,9,OBJ048,train
IE7615 Deep Learning for AI/images_OBJ048/OBJ048_010.jpg,OBJ048,False,10,OBJ048,train
IE7615 Deep Learning for AI/images_OBJ048/OBJ048_011.jpg,OBJ048,False,11,OBJ048,train
IE7615 Deep Learning for AI/images_OBJ048/OBJ048_012.jpg,OBJ048,False,12,OBJ048,train
IE7615 Deep Learning for AI/images_OBJ048/OBJ048_013.jpg,OBJ048,False,13,OBJ048,train
IE7615 Deep Learning for AI/images_OBJ048/OBJ048_014.jpg,OBJ048,False,14,OBJ048,train
IE7615 Deep Learning for AI/images_OBJ048/OBJ048_015.jpg,OBJ048,False,15,OBJ048,train
IE7615 Deep Learning for AI/images_OBJ048/OBJ048_016.jpg,OBJ048,False,16,OBJ048,train
IE7615 Deep Learning for AI/images_OBJ048/OBJ048_017.jpg,OBJ048,False,17,OBJ048,train
IE7615 Deep Learning for AI/images_OBJ048/OBJ048_018.jpg,OBJ048,False,18,OBJ048,train
IE7615 Deep Learning for AI/images_OBJ048/OBJ048_019.jpg,OBJ048,False,19,OBJ048,train
IE7615 Deep Learning for AI/images_OBJ048/OBJ048_020.jpg,OBJ048,False,20,OBJ048,train
IE7615 Deep Learning for AI/images_OBJ048/OBJ048_021.jpg,OBJ048,False,21,OBJ048,train
IE7615 Deep Learning for AI/images_OBJ048/OBJ048_022.jpg,OBJ048,False,22,OBJ048,train
IE7615 Deep Learning for AI/images_OBJ048/OBJ048_023.jpg,OBJ048,False,23,OBJ048,train
IE7615 Deep Learning for AI/images_OBJ048/OBJ048_024.jpg,OBJ048,False,24,OBJ048,train
IE7615 Deep Learning for AI/images_OBJ048/OBJ048_025.jpg,OBJ048,False,25,OBJ048,train
IE7615 Deep Learning for AI/images_OBJ048/OBJ048_026.jpg,OBJ048,False,26,OBJ048,test
IE7615 Deep Learning for AI/images_OBJ048/OBJ048_027.jpg,OBJ048,False,27,OBJ048,test
IE7615 Deep Learning for AI/images_OBJ048/OBJ048_028.jpg,OBJ048,False,28,OBJ048,test
IE7615 Deep Learning for AI/images_OBJ048/OBJ048_029.jpg,OBJ048,False,29,OBJ048,test
IE7615 Deep Learning for AI/images_OBJ048/OBJ048_030.jpg,OBJ048,False,30,OBJ048,test
IE7615 Deep Learning for AI/images_OBJ048/OBJ048_031.jpg,OBJ048,False,31,OBJ048,train
IE7615 Deep Learning for AI/images_OBJ048/OBJ048_032.jpg,OBJ048,False,32,OBJ048,train
IE7615 Deep Learning for AI/images_OBJ048/OBJ048_033.jpg,OBJ048,False,33,OBJ048,train
IE7615 Deep Learning for AI/images_OBJ048/OBJ048_034.jpg,OBJ048,False,34,OBJ048,train
IE7615 Deep Learning for AI/images_OBJ048/OBJ048_035.jpg,OBJ048,False,35,OBJ048,train
IE7615 Deep Learning for AI/images_OBJ048/OBJ048_036.jpg,OBJ048,False,36,OBJ048,train
IE7615 Deep Learning for AI/images_OBJ048/OBJ048_037.jpg,OBJ048,False,37,OBJ048,train
IE7615 Deep Learning for AI/images_OBJ048/OBJ048_038.jpg,OBJ048,False,38,OBJ048,train
IE7615 Deep Learning for AI/images_OBJ048/OBJ048_039.jpg,OBJ048,False,39,OBJ048,train
IE7615 Deep Learning for AI/images_OBJ048/OBJ048_040.jpg,OBJ048,False,40,OBJ048,train
IE7615 Deep Learning for AI/images_OBJ048/OBJ048_041.jpg,OBJ048,False,41,OBJ048,val
IE7615 Deep Learning for AI/images_OBJ048/OBJ048_042.jpg,OBJ048,False,42,OBJ048,val
IE7615 Deep Learning for AI/images_OBJ048/OBJ048_043.jpg,OBJ048,False,43,OBJ048,val
IE7615 Deep Learning for AI/images_OBJ048/OBJ048_044.jpg,OBJ048,False,44,OBJ048,val
IE7615 Deep Learning for AI/images_OBJ048/OBJ048_045.jpg,OBJ048,False,45,OBJ048,val
IE7615 Deep Learning for AI/images_OBJ048/OBJ048_046.jpg,OBJ048,False,46,OBJ048,train
IE7615 Deep Learning for AI/images_OBJ048/OBJ048_047.jpg,OBJ048,False,47,OBJ048,train
IE7615 Deep Learning for AI/images_OBJ048/OBJ048_048.jpg,OBJ048,False,48,OBJ048,train
IE7615 Deep Learning for AI/images_OBJ048/OBJ048_049.jpg,OBJ048,False,49,OBJ048,train
IE7615 Deep Learning for AI/images_OBJ048/OBJ048_050.jpg,OBJ048,False,50,OBJ048,train
IE7615 Deep Learning for AI/images_OBJ048/OBJ048_051.jpg,OBJ048,False,51,OBJ048,train
IE7615 Deep Learning for AI/images_OBJ048/OBJ048_052.jpg,OBJ048,False,52,OBJ048,train
IE7615 Deep Learning for AI/images_OBJ048/OBJ048_053.jpg,OBJ048,False,53,OBJ048,train
IE7615 Deep Learning for AI/images_OBJ048/OBJ048_054.jpg,OBJ048,False,54,OBJ048,train
IE7615 Deep Learning for AI/images_OBJ048/OBJ048_055.jpg,OBJ048,False,55,OBJ048,train
IE7615 Deep Learning for AI/images_OBJ048/OBJ048_056.jpg,OBJ048,False,56,OBJ048,train
IE7615 Deep Learning for AI/images_OBJ048/OBJ048_057.jpg,OBJ048,False,57,OBJ048,train
IE7615 Deep Learning for AI/images_OBJ048/OBJ048_058.jpg,OBJ048,False,58,OBJ048,train
IE7615 Deep Learning for AI/images_OBJ048/OBJ048_059.jpg,OBJ048,False,59,OBJ048,train
IE7615 Deep Learning for AI/images_OBJ048/OBJ048_060.jpg,OBJ048,False,60,OBJ048,train
IE7615 Deep Learning for AI/images_OBJ048/OBJ048_061.jpg,OBJ048,False,61,OBJ048,train
IE7615 Deep Learning for AI/images_OBJ048/OBJ048_062.jpg,OBJ048,False,62,OBJ048,train
IE7615 Deep Learning for AI/images_OBJ048/OBJ048_063.jpg,OBJ048,False,63,OBJ048,train
IE7615 Deep Learning for AI/images_OBJ048/OBJ048_064.jpg,OBJ048,False,64,OBJ048,train
IE7615 Deep Learning for AI/images_OBJ048/OBJ048_065.jpg,OBJ048,False,65,OBJ048,train
IE7615 Deep Learning for AI/images_OBJ048/OBJ048_066.jpg,OBJ048,False,66,OBJ048,test
IE7615 Deep Learning for AI/images_OBJ048/OBJ048_067.jpg,OBJ048,False,67,OBJ048,test
IE7615 Deep Learning for AI/images_OBJ048/OBJ048_068.jpg,OBJ048,False,68,OBJ048,test
IE7615 Deep Learning for AI/images_OBJ048/OBJ048_069.jpg,OBJ048,False,69,OBJ048,test
IE7615 Deep Learning for AI/images_OBJ048/OBJ048_070.jpg,OBJ048,False,70,OBJ048,test
IE7615 Deep Learning for AI/images_OBJ048/OBJ048_071.jpg,OBJ048,False,71,OBJ048,test
IE7615 Deep Learning for AI/images_OBJ048/OBJ048_072.jpg,OBJ048,False,72,OBJ048,test
IE7615 Deep Learning for AI/images_OBJ048/OBJ048_073.jpg,OBJ048,False,73,OBJ048,test
IE7615 Deep Learning for AI/images_OBJ048/OBJ048_074.jpg,OBJ048,False,74,OBJ048,test
IE7615 Deep Learning for AI/images_OBJ048/OBJ048_075.jpg,OBJ048,False,75,OBJ048,test
IE7615 Deep Learning for AI/images_OBJ048/OBJ048_076.jpg,OBJ048,False,76,OBJ048,train
IE7615 Deep Learning for AI/images_OBJ048/OBJ048_077.jpg,OBJ048,False,77,OBJ048,train
IE7615 Deep Learning for AI/images_OBJ048/OBJ048_078.jpg,OBJ048,False,78,OBJ048,train
IE7615 Deep Learning for AI/images_OBJ048/OBJ048_079.jpg,OBJ048,False,79,OBJ048,train
IE7615 Deep Learning for AI/images_OBJ048/OBJ048_080.jpg,OBJ048,False,80,OBJ048,train
IE7615 Deep Learning for AI/images_OBJ048/OBJ048_081.jpg,OBJ048,False,81,OBJ048,train
IE7615 Deep Learning for AI/images_OBJ048/OBJ048_082.jpg,OBJ048,False,82,OBJ048,train
IE7615 Deep Learning for AI/images_OBJ048/OBJ048_083.jpg,OBJ048,False,83,OBJ048,train
IE7615 Deep Learning for AI/images_OBJ048/OBJ048_084.jpg,OBJ048,False,84,OBJ048,train
IE7615 Deep Learning for AI/images_OBJ048/OBJ048_085.jpg,OBJ048,False,85,OBJ048,train
IE7615 Deep Learning for AI/images_OBJ048/OBJ048_086.jpg,OBJ048,False,86,OBJ048,val
IE7615 Deep Learning for AI/images_OBJ048/OBJ048_087.jpg,OBJ048,False,87,OBJ048,val
IE7615 Deep Learning for AI/images_OBJ048/OBJ048_088.jpg,OBJ048,False,88,OBJ048,val
IE7615 Deep Learning for AI/images_OBJ048/OBJ048_089.jpg,OBJ048,False,89,OBJ048,val
IE7615 Deep Learning for AI/images_OBJ048/OBJ048_090.jpg,OBJ048,False,90,OBJ048,val
IE7615 Deep Learning for AI/images_OBJ048/OBJ048_091.jpg,OBJ048,False,91,OBJ048,val
IE7615 Deep Learning for AI/images_OBJ048/OBJ048_092.jpg,OBJ048,False,92,OBJ048,val
IE7615 Deep Learning for AI/images_OBJ048/OBJ048_093.jpg,OBJ048,False,93,OBJ048,val
IE7615 Deep Learning for AI/images_OBJ048/OBJ048_094.jpg,OBJ048,False,94,OBJ048,val
IE7615 Deep Learning for AI/images_OBJ048/OBJ048_095.jpg,OBJ048,False,95,OBJ048,val
IE7615 Deep Learning for AI/images_OBJ048/OBJ048_bg_001.jpg,OBJ048,True,1,no_object,train
IE7615 Deep Learning for AI/images_OBJ048/OBJ048_bg_002.jpg,OBJ048,True,2,no_object,train
IE7615 Deep Learning for AI/images_OBJ048/OBJ048_bg_003.jpg,OBJ048,True,3,no_object,train
IE7615 Deep Learning for AI/images_OBJ048/OBJ048_bg_004.jpg,OBJ048,True,4,no_object,train
IE7615 Deep Learning for AI/images_OBJ048/OBJ048_bg_005.jpg,OBJ048,True,5,no_object,train
IE7615 Deep Learning for AI/images_OBJ049/OBJ049_001.jpg,OBJ049,False,1,OBJ049,train
IE7615 Deep Learning for AI/images_OBJ049/OBJ049_002.jpg,OBJ049,False,2,OBJ049,train
IE7615 Deep Learning for AI/images_OBJ049/OBJ049_003.jpg,OBJ049,False,3,OBJ049,train
IE7615 Deep Learning for AI/images_OBJ049/OBJ049_004.jpg,OBJ049,False,4,OBJ049,train
IE7615 Deep Learning for AI/images_OBJ049/OBJ049_005.jpg,OBJ049,False,5,OBJ049,train
IE7615 Deep Learning for AI/images_OBJ049/OBJ049_006.jpg,OBJ049,False,6,OBJ049,test
IE7615 Deep Learning for AI/images_OBJ049/OBJ049_007.jpg,OBJ049,False,7,OBJ049,test
IE7615 Deep Learning for AI/images_OBJ049/OBJ049_008.jpg,OBJ049,False,8,OBJ049,test
IE7615 Deep Learning for AI/images_OBJ049/OBJ049_009.jpg,OBJ049,False,9,OBJ049,test
IE7615 Deep Learning for AI/images_OBJ049/OBJ049_010.jpg,OBJ049,False,10,OBJ049,test
IE7615 Deep Learning for AI/images_OBJ049/OBJ049_011.jpg,OBJ049,False,11,OBJ049,train
IE7615 Deep Learning for AI/images_OBJ049/OBJ049_012.jpg,OBJ049,False,12,OBJ049,train
IE7615 Deep Learning for AI/images_OBJ049/OBJ049_013.jpg,OBJ049,False,13,OBJ049,train
IE7615 Deep Learning for AI/images_OBJ049/OBJ049_014.jpg,OBJ049,False,14,OBJ049,train
IE7615 Deep Learning for AI/images_OBJ049/OBJ049_015.jpg,OBJ049,False,15,OBJ049,train
IE7615 Deep Learning for AI/images_OBJ049/OBJ049_016.jpg,OBJ049,False,16,OBJ049,train
IE7615 Deep Learning for AI/images_OBJ049/OBJ049_017.jpg,OBJ049,False,17,OBJ049,train
IE7615 Deep Learning for AI/images_OBJ049/OBJ049_018.jpg,OBJ049,False,18,OBJ049,train
IE7615 Deep Learning for AI/images_OBJ049/OBJ049_019.jpg,OBJ049,False,19,OBJ049,train
IE7615 Deep Learning for AI/images_OBJ049/OBJ049_020.jpg,OBJ049,False,20,OBJ049,train
IE7615 Deep Learning for AI/images_OBJ049/OBJ049_021.jpg,OBJ049,False,21,OBJ049,train
IE7615 Deep Learning for AI/images_OBJ049/OBJ049_022.jpg,OBJ049,False,22,OBJ049,train
IE7615 Deep Learning for AI/images_OBJ049/OBJ049_023.jpg,OBJ049,False,23,OBJ049,train
IE7615 Deep Learning for AI/images_OBJ049/OBJ049_024.jpg,OBJ049,False,24,OBJ049,train
IE7615 Deep Learning for AI/images_OBJ049/OBJ049_025.jpg,OBJ049,False,25,OBJ049,train
IE7615 Deep Learning for AI/images_OBJ049/OBJ049_026.jpg,OBJ049,False,26,OBJ049,train
IE7615 Deep Learning for AI/images_OBJ049/OBJ049_027.jpg,OBJ049,False,27,OBJ049,train
IE7615 Deep Learning for AI/images_OBJ049/OBJ049_028.jpg,OBJ049,False,28,OBJ049,train
IE7615 Deep Learning for AI/images_OBJ049/OBJ049_029.jpg,OBJ049,False,29,OBJ049,train
IE7615 Deep Learning for AI/images_OBJ049/OBJ049_030.jpg,OBJ049,False,30,OBJ049,train
IE7615 Deep Learning for AI/images_OBJ049/OBJ049_031.jpg,OBJ049,False,31,OBJ049,val
IE7615 Deep Learning for AI/images_OBJ049/OBJ049_032.jpg,OBJ049,False,32,OBJ049,val
IE7615 Deep Learning for AI/images_OBJ049/OBJ049_033.jpg,OBJ049,False,33,OBJ049,val
IE7615 Deep Learning for AI/images_OBJ049/OBJ049_034.jpg,OBJ049,False,34,OBJ049,val
IE7615 Deep Learning for AI/images_OBJ049/OBJ049_035.jpg,OBJ049,False,35,OBJ049,val
IE7615 Deep Learning for AI/images_OBJ049/OBJ049_036.jpg,OBJ049,False,36,OBJ049,train
IE7615 Deep Learning for AI/images_OBJ049/OBJ049_037.jpg,OBJ049,False,37,OBJ049,train
IE7615 Deep Learning for AI/images_OBJ049/OBJ049_038.jpg,OBJ049,False,38,OBJ049,train
IE7615 Deep Learning for AI/images_OBJ049/OBJ049_039.jpg,OBJ049,False,39,OBJ049,train
IE7615 Deep Learning for AI/images_OBJ049/OBJ049_040.jpg,OBJ049,False,40,OBJ049,train
IE7615 Deep Learning for AI/images_OBJ049/OBJ049_041.jpg,OBJ049,False,41,OBJ049,test
IE7615 Deep Learning for AI/images_OBJ049/OBJ049_042.jpg,OBJ049,False,42,OBJ049,test
IE7615 Deep Learning for AI/images_OBJ049/OBJ049_043.jpg,OBJ049,False,43,OBJ049,test
IE7615 Deep Learning for AI/images_OBJ049/OBJ049_044.jpg,OBJ049,False,44,OBJ049,test
IE7615 Deep Learning for AI/images_OBJ049/OBJ049_045.jpg,OBJ049,False,45,OBJ049,test
IE7615 Deep Learning for AI/images_OBJ049/OBJ049_046.jpg,OBJ049,False,46,OBJ049,train
IE7615 Deep Learning for AI/images_OBJ049/OBJ049_047.jpg,OBJ049,False,47,OBJ049,train
IE7615 Deep Learning for AI/images_OBJ049/OBJ049_048.jpg,OBJ049,False,48,OBJ049,train
IE7615 Deep Learning for AI/images_OBJ049/OBJ049_049.jpg,OBJ049,False,49,OBJ049,train
IE7615 Deep Learning for AI/images_OBJ049/OBJ049_050.jpg,OBJ049,False,50,OBJ049,train
IE7615 Deep Learning for AI/images_OBJ049/OBJ049_051.jpg,OBJ049,False,51,OBJ049,train
IE7615 Deep Learning for AI/images_OBJ049/OBJ049_052.jpg,OBJ049,False,52,OBJ049,train
IE7615 Deep Learning for AI/images_OBJ049/OBJ049_053.jpg,OBJ049,False,53,OBJ049,train
IE7615 Deep Learning for AI/images_OBJ049/OBJ049_054.jpg,OBJ049,False,54,OBJ049,train
IE7615 Deep Learning for AI/images_OBJ049/OBJ049_055.jpg,OBJ049,False,55,OBJ049,train
IE7615 Deep Learning for AI/images_OBJ049/OBJ049_056.jpg,OBJ049,False,56,OBJ049,train
IE7615 Deep Learning for AI/images_OBJ049/OBJ049_057.jpg,OBJ049,False,57,OBJ049,train
IE7615 Deep Learning for AI/images_OBJ049/OBJ049_058.jpg,OBJ049,False,58,OBJ049,train
IE7615 Deep Learning for AI/images_OBJ049/OBJ049_059.jpg,OBJ049,False,59,OBJ049,train
IE7615 Deep Learning for AI/images_OBJ049/OBJ049_060.jpg,OBJ049,False,60,OBJ049,train
IE7615 Deep Learning for AI/images_OBJ049/OBJ049_061.jpg,OBJ049,False,61,OBJ049,train
IE7615 Deep Learning for AI/images_OBJ049/OBJ049_062.jpg,OBJ049,False,62,OBJ049,train
IE7615 Deep Learning for AI/images_OBJ049/OBJ049_063.jpg,OBJ049,False,63,OBJ049,train
IE7615 Deep Learning for AI/images_OBJ049/OBJ049_064.jpg,OBJ049,False,64,OBJ049,train
IE7615 Deep Learning for AI/images_OBJ049/OBJ049_065.jpg,OBJ049,False,65,OBJ049,train
IE7615 Deep Learning for AI/images_OBJ049/OBJ049_066.jpg,OBJ049,False,66,OBJ049,test
IE7615 Deep Learning for AI/images_OBJ049/OBJ049_067.jpg,OBJ049,False,67,OBJ049,test
IE7615 Deep Learning for AI/images_OBJ049/OBJ049_068.jpg,OBJ049,False,68,OBJ049,test
IE7615 Deep Learning for AI/images_OBJ049/OBJ049_069.jpg,OBJ049,False,69,OBJ049,test
IE7615 Deep Learning for AI/images_OBJ049/OBJ049_070.jpg,OBJ049,False,70,OBJ049,test
IE7615 Deep Learning for AI/images_OBJ049/OBJ049_071.jpg,OBJ049,False,71,OBJ049,val
IE7615 Deep Learning for AI/images_OBJ049/OBJ049_072.jpg,OBJ049,False,72,OBJ049,val
IE7615 Deep Learning for AI/images_OBJ049/OBJ049_073.jpg,OBJ049,False,73,OBJ049,val
IE7615 Deep Learning for AI/images_OBJ049/OBJ049_074.jpg,OBJ049,False,74,OBJ049,val
IE7615 Deep Learning for AI/images_OBJ049/OBJ049_075.jpg,OBJ049,False,75,OBJ049,val
IE7615 Deep Learning for AI/images_OBJ049/OBJ049_076.jpg,OBJ049,False,76,OBJ049,train
IE7615 Deep Learning for AI/images_OBJ049/OBJ049_077.jpg,OBJ049,False,77,OBJ049,train
IE7615 Deep Learning for AI/images_OBJ049/OBJ049_078.jpg,OBJ049,False,78,OBJ049,train
IE7615 Deep Learning for AI/images_OBJ049/OBJ049_079.jpg,OBJ049,False,79,OBJ049,train
IE7615 Deep Learning for AI/images_OBJ049/OBJ049_080.jpg,OBJ049,False,80,OBJ049,train
IE7615 Deep Learning for AI/images_OBJ049/OBJ049_081.jpg,OBJ049,False,81,OBJ049,train
IE7615 Deep Learning for AI/images_OBJ049/OBJ049_082.jpg,OBJ049,False,82,OBJ049,train
IE7615 Deep Learning for AI/images_OBJ049/OBJ049_083.jpg,OBJ049,False,83,OBJ049,train
IE7615 Deep Learning for AI/images_OBJ049/OBJ049_084.jpg,OBJ049,False,84,OBJ049,train
IE7615 Deep Learning for AI/images_OBJ049/OBJ049_085.jpg,OBJ049,False,85,OBJ049,train
IE7615 Deep Learning for AI/images_OBJ049/OBJ049_086.jpg,OBJ049,False,86,OBJ049,train
IE7615 Deep Learning for AI/images_OBJ049/OBJ049_087.jpg,OBJ049,False,87,OBJ049,train
IE7615 Deep Learning for AI/images_OBJ049/OBJ049_088.jpg,OBJ049,False,88,OBJ049,train
IE7615 Deep Learning for AI/images_OBJ049/OBJ049_089.jpg,OBJ049,False,89,OBJ049,train
IE7615 Deep Learning for AI/images_OBJ049/OBJ049_090.jpg,OBJ049,False,90,OBJ049,train
IE7615 Deep Learning for AI/images_OBJ049/OBJ049_091.jpg,OBJ049,False,91,OBJ049,train
IE7615 Deep Learning for AI/images_OBJ049/OBJ049_092.jpg,OBJ049,False,92,OBJ049,train
IE7615 Deep Learning for AI/images_OBJ049/OBJ049_093.jpg,OBJ049,False,93,OBJ049,train
IE7615 Deep Learning for AI/images_OBJ049/OBJ049_094.jpg,OBJ049,False,94,OBJ049,train
IE7615 Deep Learning for AI/images_OBJ049/OBJ049_095.jpg,OBJ049,False,95,OBJ049,train
IE7615 Deep Learning for AI/images_OBJ049/OBJ049_096.jpg,OBJ049,False,96,OBJ049,val
IE7615 Deep Learning for AI/images_OBJ049/OBJ049_097.jpg,OBJ049,False,97,OBJ049,val
IE7615 Deep Learning for AI/images_OBJ049/OBJ049_098.jpg,OBJ049,False,98,OBJ049,val
IE7615 Deep Learning for AI/images_OBJ049/OBJ049_099.jpg,OBJ049,False,99,OBJ049,val
IE7615 Deep Learning for AI/images_OBJ049/OBJ049_bg_001.jpg,OBJ049,True,1,no_object,test
IE7615 Deep Learning for AI/images_OBJ049/OBJ049_bg_002.jpg,OBJ049,True,2,no_object,test
IE7615 Deep Learning for AI/images_OBJ049/OBJ049_bg_003.jpg,OBJ049,True,3,no_object,test
IE7615 Deep Learning for AI/images_OBJ049/OBJ049_bg_004.jpg,OBJ049,True,4,no_object,test
IE7615 Deep Learning for AI/images_OBJ049/OBJ049_bg_005.jpg,OBJ049,True,5,no_object,test
IE7615 Deep Learning for AI/images_OBJ049/OBJ049_bg_006.jpg,OBJ049,True,6,no_object,test
IE7615 Deep Learning for AI/images_OBJ050/OBJ050_001.jpg,OBJ050,False,1,OBJ050,train
IE7615 Deep Learning for AI/images_OBJ050/OBJ050_002.jpg,OBJ050,False,2,OBJ050,train
IE7615 Deep Learning for AI/images_OBJ050/OBJ050_003.jpg,OBJ050,False,3,OBJ050,train
IE7615 Deep Learning for AI/images_OBJ050/OBJ050_004.jpg,OBJ050,False,4,OBJ050,train
IE7615 Deep Learning for AI/images_OBJ050/OBJ050_005.jpg,OBJ050,False,5,OBJ050,train
IE7615 Deep Learning for AI/images_OBJ050/OBJ050_006.jpg,OBJ050,False,6,OBJ050,val
IE7615 Deep Learning for AI/images_OBJ050/OBJ050_007.jpg,OBJ050,False,7,OBJ050,val
IE7615 Deep Learning for AI/images_OBJ050/OBJ050_008.jpg,OBJ050,False,8,OBJ050,val
IE7615 Deep Learning for AI/images_OBJ050/OBJ050_009.jpg,OBJ050,False,9,OBJ050,val
IE7615 Deep Learning for AI/images_OBJ050/OBJ050_010.jpg,OBJ050,False,10,OBJ050,val
IE7615 Deep Learning for AI/images_OBJ050/OBJ050_011.jpg,OBJ050,False,11,OBJ050,train
IE7615 Deep Learning for AI/images_OBJ050/OBJ050_012.jpg,OBJ050,False,12,OBJ050,train
IE7615 Deep Learning for AI/images_OBJ050/OBJ050_013.jpg,OBJ050,False,13,OBJ050,train
IE7615 Deep Learning for AI/images_OBJ050/OBJ050_014.jpg,OBJ050,False,14,OBJ050,train
IE7615 Deep Learning for AI/images_OBJ050/OBJ050_015.jpg,OBJ050,False,15,OBJ050,train
IE7615 Deep Learning for AI/images_OBJ050/OBJ050_016.jpg,OBJ050,False,16,OBJ050,train
IE7615 Deep Learning for AI/images_OBJ050/OBJ050_017.jpg,OBJ050,False,17,OBJ050,train
IE7615 Deep Learning for AI/images_OBJ050/OBJ050_018.jpg,OBJ050,False,18,OBJ050,train
IE7615 Deep Learning for AI/images_OBJ050/OBJ050_019.jpg,OBJ050,False,19,OBJ050,train
IE7615 Deep Learning for AI/images_OBJ050/OBJ050_020.jpg,OBJ050,False,20,OBJ050,train
IE7615 Deep Learning for AI/images_OBJ050/OBJ050_021.jpg,OBJ050,False,21,OBJ050,train
IE7615 Deep Learning for AI/images_OBJ050/OBJ050_022.jpg,OBJ050,False,22,OBJ050,train
IE7615 Deep Learning for AI/images_OBJ050/OBJ050_023.jpg,OBJ050,False,23,OBJ050,train
IE7615 Deep Learning for AI/images_OBJ050/OBJ050_024.jpg,OBJ050,False,24,OBJ050,train
IE7615 Deep Learning for AI/images_OBJ050/OBJ050_025.jpg,OBJ050,False,25,OBJ050,train
IE7615 Deep Learning for AI/images_OBJ050/OBJ050_026.jpg,OBJ050,False,26,OBJ050,val
IE7615 Deep Learning for AI/images_OBJ050/OBJ050_027.jpg,OBJ050,False,27,OBJ050,val
IE7615 Deep Learning for AI/images_OBJ050/OBJ050_028.jpg,OBJ050,False,28,OBJ050,val
IE7615 Deep Learning for AI/images_OBJ050/OBJ050_029.jpg,OBJ050,False,29,OBJ050,val
IE7615 Deep Learning for AI/images_OBJ050/OBJ050_030.jpg,OBJ050,False,30,OBJ050,val
IE7615 Deep Learning for AI/images_OBJ050/OBJ050_031.jpg,OBJ050,False,31,OBJ050,test
IE7615 Deep Learning for AI/images_OBJ050/OBJ050_032.jpg,OBJ050,False,32,OBJ050,test
IE7615 Deep Learning for AI/images_OBJ050/OBJ050_033.jpg,OBJ050,False,33,OBJ050,test
IE7615 Deep Learning for AI/images_OBJ050/OBJ050_034.jpg,OBJ050,False,34,OBJ050,test
IE7615 Deep Learning for AI/images_OBJ050/OBJ050_035.jpg,OBJ050,False,35,OBJ050,test
IE7615 Deep Learning for AI/images_OBJ050/OBJ050_036.jpg,OBJ050,False,36,OBJ050,train
IE7615 Deep Learning for AI/images_OBJ050/OBJ050_037.jpg,OBJ050,False,37,OBJ050,train
IE7615 Deep Learning for AI/images_OBJ050/OBJ050_038.jpg,OBJ050,False,38,OBJ050,train
IE7615 Deep Learning for AI/images_OBJ050/OBJ050_039.jpg,OBJ050,False,39,OBJ050,train
IE7615 Deep Learning for AI/images_OBJ050/OBJ050_040.jpg,OBJ050,False,40,OBJ050,train
IE7615 Deep Learning for AI/images_OBJ050/OBJ050_041.jpg,OBJ050,False,41,OBJ050,train
IE7615 Deep Learning for AI/images_OBJ050/OBJ050_042.jpg,OBJ050,False,42,OBJ050,train
IE7615 Deep Learning for AI/images_OBJ050/OBJ050_043.jpg,OBJ050,False,43,OBJ050,train
IE7615 Deep Learning for AI/images_OBJ050/OBJ050_044.jpg,OBJ050,False,44,OBJ050,train
IE7615 Deep Learning for AI/images_OBJ050/OBJ050_045.jpg,OBJ050,False,45,OBJ050,train
IE7615 Deep Learning for AI/images_OBJ050/OBJ050_046.jpg,OBJ050,False,46,OBJ050,val
IE7615 Deep Learning for AI/images_OBJ050/OBJ050_047.jpg,OBJ050,False,47,OBJ050,val
IE7615 Deep Learning for AI/images_OBJ050/OBJ050_048.jpg,OBJ050,False,48,OBJ050,val
IE7615 Deep Learning for AI/images_OBJ050/OBJ050_049.jpg,OBJ050,False,49,OBJ050,val
IE7615 Deep Learning for AI/images_OBJ050/OBJ050_050.jpg,OBJ050,False,50,OBJ050,val
IE7615 Deep Learning for AI/images_OBJ050/OBJ050_051.jpg,OBJ050,False,51,OBJ050,train
IE7615 Deep Learning for AI/images_OBJ050/OBJ050_052.jpg,OBJ050,False,52,OBJ050,train
IE7615 Deep Learning for AI/images_OBJ050/OBJ050_053.jpg,OBJ050,False,53,OBJ050,train
IE7615 Deep Learning for AI/images_OBJ050/OBJ050_054.jpg,OBJ050,False,54,OBJ050,train
IE7615 Deep Learning for AI/images_OBJ050/OBJ050_055.jpg,OBJ050,False,55,OBJ050,train
IE7615 Deep Learning for AI/images_OBJ050/OBJ050_056.jpg,OBJ050,False,56,OBJ050,train
IE7615 Deep Learning for AI/images_OBJ050/OBJ050_057.jpg,OBJ050,False,57,OBJ050,train
IE7615 Deep Learning for AI/images_OBJ050/OBJ050_058.jpg,OBJ050,False,58,OBJ050,train
IE7615 Deep Learning for AI/images_OBJ050/OBJ050_059.jpg,OBJ050,False,59,OBJ050,train
IE7615 Deep Learning for AI/images_OBJ050/OBJ050_060.jpg,OBJ050,False,60,OBJ050,train
IE7615 Deep Learning for AI/images_OBJ050/OBJ050_061.jpg,OBJ050,False,61,OBJ050,train
IE7615 Deep Learning for AI/images_OBJ050/OBJ050_062.jpg,OBJ050,False,62,OBJ050,train
IE7615 Deep Learning for AI/images_OBJ050/OBJ050_063.jpg,OBJ050,False,63,OBJ050,train
IE7615 Deep Learning for AI/images_OBJ050/OBJ050_064.jpg,OBJ050,False,64,OBJ050,train
IE7615 Deep Learning for AI/images_OBJ050/OBJ050_065.jpg,OBJ050,False,65,OBJ050,train
IE7615 Deep Learning for AI/images_OBJ050/OBJ050_066.jpg,OBJ050,False,66,OBJ050,test
IE7615 Deep Learning for AI/images_OBJ050/OBJ050_067.jpg,OBJ050,False,67,OBJ050,test
IE7615 Deep Learning for AI/images_OBJ050/OBJ050_068.jpg,OBJ050,False,68,OBJ050,test
IE7615 Deep Learning for AI/images_OBJ050/OBJ050_069.jpg,OBJ050,False,69,OBJ050,test
IE7615 Deep Learning for AI/images_OBJ050/OBJ050_070.jpg,OBJ050,False,70,OBJ050,test
IE7615 Deep Learning for AI/images_OBJ050/OBJ050_071.jpg,OBJ050,False,71,OBJ050,test
IE7615 Deep Learning for AI/images_OBJ050/OBJ050_072.jpg,OBJ050,False,72,OBJ050,test
IE7615 Deep Learning for AI/images_OBJ050/OBJ050_073.jpg,OBJ050,False,73,OBJ050,test
IE7615 Deep Learning for AI/images_OBJ050/OBJ050_074.jpg,OBJ050,False,74,OBJ050,test
IE7615 Deep Learning for AI/images_OBJ050/OBJ050_075.jpg,OBJ050,False,75,OBJ050,test
IE7615 Deep Learning for AI/images_OBJ050/OBJ050_076.jpg,OBJ050,False,76,OBJ050,train
IE7615 Deep Learning for AI/images_OBJ050/OBJ050_077.jpg,OBJ050,False,77,OBJ050,train
IE7615 Deep Learning for AI/images_OBJ050/OBJ050_078.jpg,OBJ050,False,78,OBJ050,train
IE7615 Deep Learning for AI/images_OBJ050/OBJ050_079.jpg,OBJ050,False,79,OBJ050,train
IE7615 Deep Learning for AI/images_OBJ050/OBJ050_080.jpg,OBJ050,False,80,OBJ050,train
IE7615 Deep Learning for AI/images_OBJ050/OBJ050_081.jpg,OBJ050,False,81,OBJ050,train
IE7615 Deep Learning for AI/images_OBJ050/OBJ050_082.jpg,OBJ050,False,82,OBJ050,train
IE7615 Deep Learning for AI/images_OBJ050/OBJ050_083.jpg,OBJ050,False,83,OBJ050,train
IE7615 Deep Learning for AI/images_OBJ050/OBJ050_084.jpg,OBJ050,False,84,OBJ050,train
IE7615 Deep Learning for AI/images_OBJ050/OBJ050_085.jpg,OBJ050,False,85,OBJ050,train
IE7615 Deep Learning for AI/images_OBJ050/OBJ050_086.jpg,OBJ050,False,86,OBJ050,train
IE7615 Deep Learning for AI/images_OBJ050/OBJ050_087.jpg,OBJ050,False,87,OBJ050,train
IE7615 Deep Learning for AI/images_OBJ050/OBJ050_088.jpg,OBJ050,False,88,OBJ050,train
IE7615 Deep Learning for AI/images_OBJ050/OBJ050_089.jpg,OBJ050,False,89,OBJ050,train
IE7615 Deep Learning for AI/images_OBJ050/OBJ050_090.jpg,OBJ050,False,90,OBJ050,train
IE7615 Deep Learning for AI/images_OBJ050/OBJ050_091.jpg,OBJ050,False,91,OBJ050,train
IE7615 Deep Learning for AI/images_OBJ050/OBJ050_092.jpg,OBJ050,False,92,OBJ050,train
IE7615 Deep Learning for AI/images_OBJ050/OBJ050_093.jpg,OBJ050,False,93,OBJ050,train
IE7615 Deep Learning for AI/images_OBJ050/OBJ050_094.jpg,OBJ050,False,94,OBJ050,train
IE7615 Deep Learning for AI/images_OBJ050/OBJ050_095.jpg,OBJ050,False,95,OBJ050,train
IE7615 Deep Learning for AI/images_OBJ050/OBJ050_bg_001.jpg,OBJ050,True,1,no_object,train
IE7615 Deep Learning for AI/images_OBJ050/OBJ050_bg_002.jpg,OBJ050,True,2,no_object,train
IE7615 Deep Learning for AI/images_OBJ050/OBJ050_bg_003.jpg,OBJ050,True,3,no_object,train
IE7615 Deep Learning for AI/images_OBJ050/OBJ050_bg_004.jpg,OBJ050,True,4,no_object,train
IE7615 Deep Learning for AI/images_OBJ050/OBJ050_bg_005.jpg,OBJ050,True,5,no_object,train
IE7615 Deep Learning for AI/images_OBJ051/OBJ051_001.jpg,OBJ051,False,1,OBJ051,train
IE7615 Deep Learning for AI/images_OBJ051/OBJ051_002.jpg,OBJ051,False,2,OBJ051,train
IE7615 Deep Learning for AI/images_OBJ051/OBJ051_003.jpg,OBJ051,False,3,OBJ051,train
IE7615 Deep Learning for AI/images_OBJ051/OBJ051_004.jpg,OBJ051,False,4,OBJ051,train
IE7615 Deep Learning for AI/images_OBJ051/OBJ051_005.jpg,OBJ051,False,5,OBJ051,train
IE7615 Deep Learning for AI/images_OBJ051/OBJ051_006.jpg,OBJ051,False,6,OBJ051,train
IE7615 Deep Learning for AI/images_OBJ051/OBJ051_007.jpg,OBJ051,False,7,OBJ051,train
IE7615 Deep Learning for AI/images_OBJ051/OBJ051_008.jpg,OBJ051,False,8,OBJ051,train
IE7615 Deep Learning for AI/images_OBJ051/OBJ051_009.jpg,OBJ051,False,9,OBJ051,train
IE7615 Deep Learning for AI/images_OBJ051/OBJ051_010.jpg,OBJ051,False,10,OBJ051,train
IE7615 Deep Learning for AI/images_OBJ051/OBJ051_011.jpg,OBJ051,False,11,OBJ051,train
IE7615 Deep Learning for AI/images_OBJ051/OBJ051_012.jpg,OBJ051,False,12,OBJ051,train
IE7615 Deep Learning for AI/images_OBJ051/OBJ051_013.jpg,OBJ051,False,13,OBJ051,train
IE7615 Deep Learning for AI/images_OBJ051/OBJ051_014.jpg,OBJ051,False,14,OBJ051,train
IE7615 Deep Learning for AI/images_OBJ051/OBJ051_015.jpg,OBJ051,False,15,OBJ051,train
IE7615 Deep Learning for AI/images_OBJ051/OBJ051_016.jpg,OBJ051,False,16,OBJ051,train
IE7615 Deep Learning for AI/images_OBJ051/OBJ051_017.jpg,OBJ051,False,17,OBJ051,train
IE7615 Deep Learning for AI/images_OBJ051/OBJ051_018.jpg,OBJ051,False,18,OBJ051,train
IE7615 Deep Learning for AI/images_OBJ051/OBJ051_019.jpg,OBJ051,False,19,OBJ051,train
IE7615 Deep Learning for AI/images_OBJ051/OBJ051_020.jpg,OBJ051,False,20,OBJ051,train
IE7615 Deep Learning for AI/images_OBJ051/OBJ051_021.jpg,OBJ051,False,21,OBJ051,train
IE7615 Deep Learning for AI/images_OBJ051/OBJ051_022.jpg,OBJ051,False,22,OBJ051,train
IE7615 Deep Learning for AI/images_OBJ051/OBJ051_023.jpg,OBJ051,False,23,OBJ051,train
IE7615 Deep Learning for AI/images_OBJ051/OBJ051_024.jpg,OBJ051,False,24,OBJ051,train
IE7615 Deep Learning for AI/images_OBJ051/OBJ051_025.jpg,OBJ051,False,25,OBJ051,train
IE7615 Deep Learning for AI/images_OBJ051/OBJ051_026.jpg,OBJ051,False,26,OBJ051,train
IE7615 Deep Learning for AI/images_OBJ051/OBJ051_027.jpg,OBJ051,False,27,OBJ051,train
IE7615 Deep Learning for AI/images_OBJ051/OBJ051_028.jpg,OBJ051,False,28,OBJ051,train
IE7615 Deep Learning for AI/images_OBJ051/OBJ051_029.jpg,OBJ051,False,29,OBJ051,train
IE7615 Deep Learning for AI/images_OBJ051/OBJ051_030.jpg,OBJ051,False,30,OBJ051,train
IE7615 Deep Learning for AI/images_OBJ051/OBJ051_031.jpg,OBJ051,False,31,OBJ051,test
IE7615 Deep Learning for AI/images_OBJ051/OBJ051_032.jpg,OBJ051,False,32,OBJ051,test
IE7615 Deep Learning for AI/images_OBJ051/OBJ051_033.jpg,OBJ051,False,33,OBJ051,test
IE7615 Deep Learning for AI/images_OBJ051/OBJ051_034.jpg,OBJ051,False,34,OBJ051,test
IE7615 Deep Learning for AI/images_OBJ051/OBJ051_035.jpg,OBJ051,False,35,OBJ051,test
IE7615 Deep Learning for AI/images_OBJ051/OBJ051_036.jpg,OBJ051,False,36,OBJ051,val
IE7615 Deep Learning for AI/images_OBJ051/OBJ051_037.jpg,OBJ051,False,37,OBJ051,val
IE7615 Deep Learning for AI/images_OBJ051/OBJ051_038.jpg,OBJ051,False,38,OBJ051,val
IE7615 Deep Learning for AI/images_OBJ051/OBJ051_039.jpg,OBJ051,False,39,OBJ051,val
IE7615 Deep Learning for AI/images_OBJ051/OBJ051_040.jpg,OBJ051,False,40,OBJ051,val
IE7615 Deep Learning for AI/images_OBJ051/OBJ051_041.jpg,OBJ051,False,41,OBJ051,train
IE7615 Deep Learning for AI/images_OBJ051/OBJ051_042.jpg,OBJ051,False,42,OBJ051,train
IE7615 Deep Learning for AI/images_OBJ051/OBJ051_043.jpg,OBJ051,False,43,OBJ051,train
IE7615 Deep Learning for AI/images_OBJ051/OBJ051_044.jpg,OBJ051,False,44,OBJ051,train
IE7615 Deep Learning for AI/images_OBJ051/OBJ051_045.jpg,OBJ051,False,45,OBJ051,train
IE7615 Deep Learning for AI/images_OBJ051/OBJ051_046.jpg,OBJ051,False,46,OBJ051,train
IE7615 Deep Learning for AI/images_OBJ051/OBJ051_047.jpg,OBJ051,False,47,OBJ051,train
IE7615 Deep Learning for AI/images_OBJ051/OBJ051_048.jpg,OBJ051,False,48,OBJ051,train
IE7615 Deep Learning for AI/images_OBJ051/OBJ051_049.jpg,OBJ051,False,49,OBJ051,train
IE7615 Deep Learning for AI/images_OBJ051/OBJ051_050.jpg,OBJ051,False,50,OBJ051,train
IE7615 Deep Learning for AI/images_OBJ051/OBJ051_051.jpg,OBJ051,False,51,OBJ051,train
IE7615 Deep Learning for AI/images_OBJ051/OBJ051_052.jpg,OBJ051,False,52,OBJ051,train
IE7615 Deep Learning for AI/images_OBJ051/OBJ051_053.jpg,OBJ051,False,53,OBJ051,train
IE7615 Deep Learning for AI/images_OBJ051/OBJ051_054.jpg,OBJ051,False,54,OBJ051,train
IE7615 Deep Learning for AI/images_OBJ051/OBJ051_055.jpg,OBJ051,False,55,OBJ051,train
IE7615 Deep Learning for AI/images_OBJ051/OBJ051_056.jpg,OBJ051,False,56,OBJ051,train
IE7615 Deep Learning for AI/images_OBJ051/OBJ051_057.jpg,OBJ051,False,57,OBJ051,train
IE7615 Deep Learning for AI/images_OBJ051/OBJ051_058.jpg,OBJ051,False,58,OBJ051,train
IE7615 Deep Learning for AI/images_OBJ051/OBJ051_059.jpg,OBJ051,False,59,OBJ051,train
IE7615 Deep Learning for AI/images_OBJ051/OBJ051_060.jpg,OBJ051,False,60,OBJ051,train
IE7615 Deep Learning for AI/images_OBJ051/OBJ051_061.jpg,OBJ051,False,61,OBJ051,train
IE7615 Deep Learning for AI/images_OBJ051/OBJ051_062.jpg,OBJ051,False,62,OBJ051,train
IE7615 Deep Learning for AI/images_OBJ051/OBJ051_063.jpg,OBJ051,False,63,OBJ051,train
IE7615 Deep Learning for AI/images_OBJ051/OBJ051_064.jpg,OBJ051,False,64,OBJ051,train
IE7615 Deep Learning for AI/images_OBJ051/OBJ051_065.jpg,OBJ051,False,65,OBJ051,train
IE7615 Deep Learning for AI/images_OBJ051/OBJ051_066.jpg,OBJ051,False,66,OBJ051,val
IE7615 Deep Learning for AI/images_OBJ051/OBJ051_067.jpg,OBJ051,False,67,OBJ051,val
IE7615 Deep Learning for AI/images_OBJ051/OBJ051_068.jpg,OBJ051,False,68,OBJ051,val
IE7615 Deep Learning for AI/images_OBJ051/OBJ051_069.jpg,OBJ051,False,69,OBJ051,val
IE7615 Deep Learning for AI/images_OBJ051/OBJ051_070.jpg,OBJ051,False,70,OBJ051,val
IE7615 Deep Learning for AI/images_OBJ051/OBJ051_071.jpg,OBJ051,False,71,OBJ051,train
IE7615 Deep Learning for AI/images_OBJ051/OBJ051_072.jpg,OBJ051,False,72,OBJ051,train
IE7615 Deep Learning for AI/images_OBJ051/OBJ051_073.jpg,OBJ051,False,73,OBJ051,train
IE7615 Deep Learning for AI/images_OBJ051/OBJ051_074.jpg,OBJ051,False,74,OBJ051,train
IE7615 Deep Learning for AI/images_OBJ051/OBJ051_075.jpg,OBJ051,False,75,OBJ051,train
IE7615 Deep Learning for AI/images_OBJ051/OBJ051_076.jpg,OBJ051,False,76,OBJ051,train
IE7615 Deep Learning for AI/images_OBJ051/OBJ051_077.jpg,OBJ051,False,77,OBJ051,train
IE7615 Deep Learning for AI/images_OBJ051/OBJ051_078.jpg,OBJ051,False,78,OBJ051,train
IE7615 Deep Learning for AI/images_OBJ051/OBJ051_079.jpg,OBJ051,False,79,OBJ051,train
IE7615 Deep Learning for AI/images_OBJ051/OBJ051_080.jpg,OBJ051,False,80,OBJ051,train
IE7615 Deep Learning for AI/images_OBJ051/OBJ051_081.jpg,OBJ051,False,81,OBJ051,val
IE7615 Deep Learning for AI/images_OBJ051/OBJ051_082.jpg,OBJ051,False,82,OBJ051,val
IE7615 Deep Learning for AI/images_OBJ051/OBJ051_083.jpg,OBJ051,False,83,OBJ051,val
IE7615 Deep Learning for AI/images_OBJ051/OBJ051_084.jpg,OBJ051,False,84,OBJ051,val
IE7615 Deep Learning for AI/images_OBJ051/OBJ051_085.jpg,OBJ051,False,85,OBJ051,val
IE7615 Deep Learning for AI/images_OBJ051/OBJ051_086.jpg,OBJ051,False,86,OBJ051,train
IE7615 Deep Learning for AI/images_OBJ051/OBJ051_087.jpg,OBJ051,False,87,OBJ051,train
IE7615 Deep Learning for AI/images_OBJ051/OBJ051_088.jpg,OBJ051,False,88,OBJ051,train
IE7615 Deep Learning for AI/images_OBJ051/OBJ051_089.jpg,OBJ051,False,89,OBJ051,train
IE7615 Deep Learning for AI/images_OBJ051/OBJ051_090.jpg,OBJ051,False,90,OBJ051,train
IE7615 Deep Learning for AI/images_OBJ051/OBJ051_091.jpg,OBJ051,False,91,OBJ051,train
IE7615 Deep Learning for AI/images_OBJ051/OBJ051_092.jpg,OBJ051,False,92,OBJ051,train
IE7615 Deep Learning for AI/images_OBJ051/OBJ051_093.jpg,OBJ051,False,93,OBJ051,train
IE7615 Deep Learning for AI/images_OBJ051/OBJ051_094.jpg,OBJ051,False,94,OBJ051,train
IE7615 Deep Learning for AI/images_OBJ051/OBJ051_095.jpg,OBJ051,False,95,OBJ051,train
IE7615 Deep Learning for AI/images_OBJ051/OBJ051_096.jpg,OBJ051,False,96,OBJ051,test
IE7615 Deep Learning for AI/images_OBJ051/OBJ051_097.jpg,OBJ051,False,97,OBJ051,test
IE7615 Deep Learning for AI/images_OBJ051/OBJ051_098.jpg,OBJ051,False,98,OBJ051,test
IE7615 Deep Learning for AI/images_OBJ051/OBJ051_099.jpg,OBJ051,False,99,OBJ051,test
IE7615 Deep Learning for AI/images_OBJ051/OBJ051_100.jpg,OBJ051,False,100,OBJ051,test
IE7615 Deep Learning for AI/images_OBJ051/OBJ051_101.jpg,OBJ051,False,101,OBJ051,test
IE7615 Deep Learning for AI/images_OBJ051/OBJ051_102.jpg,OBJ051,False,102,OBJ051,test
IE7615 Deep Learning for AI/images_OBJ051/OBJ051_103.jpg,OBJ051,False,103,OBJ051,test
IE7615 Deep Learning for AI/images_OBJ051/OBJ051_104.jpg,OBJ051,False,104,OBJ051,test
IE7615 Deep Learning for AI/images_OBJ051/OBJ051_105.jpg,OBJ051,False,105,OBJ051,test
IE7615 Deep Learning for AI/images_OBJ051/OBJ051_bg_001.jpg,OBJ051,True,1,no_object,train
IE7615 Deep Learning for AI/images_OBJ051/OBJ051_bg_002.jpg,OBJ051,True,2,no_object,train
IE7615 Deep Learning for AI/images_OBJ051/OBJ051_bg_003.jpg,OBJ051,True,3,no_object,train
IE7615 Deep Learning for AI/images_OBJ051/OBJ051_bg_004.jpg,OBJ051,True,4,no_object,train
IE7615 Deep Learning for AI/images_OBJ051/OBJ051_bg_005.jpg,OBJ051,True,5,no_object,train
IE7615 Deep Learning for AI/images_OBJ052/OBJ052_001.jpg,OBJ052,False,1,OBJ052,train
IE7615 Deep Learning for AI/images_OBJ052/OBJ052_002.jpg,OBJ052,False,2,OBJ052,train
IE7615 Deep Learning for AI/images_OBJ052/OBJ052_003.jpg,OBJ052,False,3,OBJ052,train
IE7615 Deep Learning for AI/images_OBJ052/OBJ052_004.jpg,OBJ052,False,4,OBJ052,train
IE7615 Deep Learning for AI/images_OBJ052/OBJ052_005.jpg,OBJ052,False,5,OBJ052,train
IE7615 Deep Learning for AI/images_OBJ052/OBJ052_006.jpg,OBJ052,False,6,OBJ052,train
IE7615 Deep Learning for AI/images_OBJ052/OBJ052_007.jpg,OBJ052,False,7,OBJ052,train
IE7615 Deep Learning for AI/images_OBJ052/OBJ052_008.jpg,OBJ052,False,8,OBJ052,train
IE7615 Deep Learning for AI/images_OBJ052/OBJ052_009.jpg,OBJ052,False,9,OBJ052,train
IE7615 Deep Learning for AI/images_OBJ052/OBJ052_010.jpg,OBJ052,False,10,OBJ052,train
IE7615 Deep Learning for AI/images_OBJ052/OBJ052_011.jpg,OBJ052,False,11,OBJ052,test
IE7615 Deep Learning for AI/images_OBJ052/OBJ052_012.jpg,OBJ052,False,12,OBJ052,test
IE7615 Deep Learning for AI/images_OBJ052/OBJ052_013.jpg,OBJ052,False,13,OBJ052,test
IE7615 Deep Learning for AI/images_OBJ052/OBJ052_014.jpg,OBJ052,False,14,OBJ052,test
IE7615 Deep Learning for AI/images_OBJ052/OBJ052_015.jpg,OBJ052,False,15,OBJ052,test
IE7615 Deep Learning for AI/images_OBJ052/OBJ052_016.jpg,OBJ052,False,16,OBJ052,train
IE7615 Deep Learning for AI/images_OBJ052/OBJ052_017.jpg,OBJ052,False,17,OBJ052,train
IE7615 Deep Learning for AI/images_OBJ052/OBJ052_018.jpg,OBJ052,False,18,OBJ052,train
IE7615 Deep Learning for AI/images_OBJ052/OBJ052_019.jpg,OBJ052,False,19,OBJ052,train
IE7615 Deep Learning for AI/images_OBJ052/OBJ052_020.jpg,OBJ052,False,20,OBJ052,train
IE7615 Deep Learning for AI/images_OBJ052/OBJ052_021.jpg,OBJ052,False,21,OBJ052,test
IE7615 Deep Learning for AI/images_OBJ052/OBJ052_022.jpg,OBJ052,False,22,OBJ052,test
IE7615 Deep Learning for AI/images_OBJ052/OBJ052_023.jpg,OBJ052,False,23,OBJ052,test
IE7615 Deep Learning for AI/images_OBJ052/OBJ052_024.jpg,OBJ052,False,24,OBJ052,test
IE7615 Deep Learning for AI/images_OBJ052/OBJ052_025.jpg,OBJ052,False,25,OBJ052,test
IE7615 Deep Learning for AI/images_OBJ052/OBJ052_026.jpg,OBJ052,False,26,OBJ052,train
IE7615 Deep Learning for AI/images_OBJ052/OBJ052_027.jpg,OBJ052,False,27,OBJ052,train
IE7615 Deep Learning for AI/images_OBJ052/OBJ052_028.jpg,OBJ052,False,28,OBJ052,train
IE7615 Deep Learning for AI/images_OBJ052/OBJ052_029.jpg,OBJ052,False,29,OBJ052,train
IE7615 Deep Learning for AI/images_OBJ052/OBJ052_030.jpg,OBJ052,False,30,OBJ052,train
IE7615 Deep Learning for AI/images_OBJ052/OBJ052_031.jpg,OBJ052,False,31,OBJ052,train
IE7615 Deep Learning for AI/images_OBJ052/OBJ052_032.jpg,OBJ052,False,32,OBJ052,train
IE7615 Deep Learning for AI/images_OBJ052/OBJ052_033.jpg,OBJ052,False,33,OBJ052,train
IE7615 Deep Learning for AI/images_OBJ052/OBJ052_034.jpg,OBJ052,False,34,OBJ052,train
IE7615 Deep Learning for AI/images_OBJ052/OBJ052_035.jpg,OBJ052,False,35,OBJ052,train
IE7615 Deep Learning for AI/images_OBJ052/OBJ052_036.jpg,OBJ052,False,36,OBJ052,val
IE7615 Deep Learning for AI/images_OBJ052/OBJ052_037.jpg,OBJ052,False,37,OBJ052,val
IE7615 Deep Learning for AI/images_OBJ052/OBJ052_038.jpg,OBJ052,False,38,OBJ052,val
IE7615 Deep Learning for AI/images_OBJ052/OBJ052_039.jpg,OBJ052,False,39,OBJ052,val
IE7615 Deep Learning for AI/images_OBJ052/OBJ052_040.jpg,OBJ052,False,40,OBJ052,val
IE7615 Deep Learning for AI/images_OBJ052/OBJ052_041.jpg,OBJ052,False,41,OBJ052,val
IE7615 Deep Learning for AI/images_OBJ052/OBJ052_042.jpg,OBJ052,False,42,OBJ052,val
IE7615 Deep Learning for AI/images_OBJ052/OBJ052_043.jpg,OBJ052,False,43,OBJ052,val
IE7615 Deep Learning for AI/images_OBJ052/OBJ052_044.jpg,OBJ052,False,44,OBJ052,val
IE7615 Deep Learning for AI/images_OBJ052/OBJ052_045.jpg,OBJ052,False,45,OBJ052,val
IE7615 Deep Learning for AI/images_OBJ052/OBJ052_046.jpg,OBJ052,False,46,OBJ052,test
IE7615 Deep Learning for AI/images_OBJ052/OBJ052_047.jpg,OBJ052,False,47,OBJ052,test
IE7615 Deep Learning for AI/images_OBJ052/OBJ052_048.jpg,OBJ052,False,48,OBJ052,test
IE7615 Deep Learning for AI/images_OBJ052/OBJ052_049.jpg,OBJ052,False,49,OBJ052,test
IE7615 Deep Learning for AI/images_OBJ052/OBJ052_050.jpg,OBJ052,False,50,OBJ052,test
IE7615 Deep Learning for AI/images_OBJ052/OBJ052_051.jpg,OBJ052,False,51,OBJ052,train
IE7615 Deep Learning for AI/images_OBJ052/OBJ052_052.jpg,OBJ052,False,52,OBJ052,train
IE7615 Deep Learning for AI/images_OBJ052/OBJ052_053.jpg,OBJ052,False,53,OBJ052,train
IE7615 Deep Learning for AI/images_OBJ052/OBJ052_054.jpg,OBJ052,False,54,OBJ052,train
IE7615 Deep Learning for AI/images_OBJ052/OBJ052_055.jpg,OBJ052,False,55,OBJ052,train
IE7615 Deep Learning for AI/images_OBJ052/OBJ052_056.jpg,OBJ052,False,56,OBJ052,train
IE7615 Deep Learning for AI/images_OBJ052/OBJ052_057.jpg,OBJ052,False,57,OBJ052,train
IE7615 Deep Learning for AI/images_OBJ052/OBJ052_058.jpg,OBJ052,False,58,OBJ052,train
IE7615 Deep Learning for AI/images_OBJ052/OBJ052_059.jpg,OBJ052,False,59,OBJ052,train
IE7615 Deep Learning for AI/images_OBJ052/OBJ052_060.jpg,OBJ052,False,60,OBJ052,train
IE7615 Deep Learning for AI/images_OBJ052/OBJ052_061.jpg,OBJ052,False,61,OBJ052,train
IE7615 Deep Learning for AI/images_OBJ052/OBJ052_062.jpg,OBJ052,False,62,OBJ052,train
IE7615 Deep Learning for AI/images_OBJ052/OBJ052_063.jpg,OBJ052,False,63,OBJ052,train
IE7615 Deep Learning for AI/images_OBJ052/OBJ052_064.jpg,OBJ052,False,64,OBJ052,train
IE7615 Deep Learning for AI/images_OBJ052/OBJ052_065.jpg,OBJ052,False,65,OBJ052,train
IE7615 Deep Learning for AI/images_OBJ052/OBJ052_066.jpg,OBJ052,False,66,OBJ052,val
IE7615 Deep Learning for AI/images_OBJ052/OBJ052_067.jpg,OBJ052,False,67,OBJ052,val
IE7615 Deep Learning for AI/images_OBJ052/OBJ052_068.jpg,OBJ052,False,68,OBJ052,val
IE7615 Deep Learning for AI/images_OBJ052/OBJ052_069.jpg,OBJ052,False,69,OBJ052,val
IE7615 Deep Learning for AI/images_OBJ052/OBJ052_070.jpg,OBJ052,False,70,OBJ052,val
IE7615 Deep Learning for AI/images_OBJ052/OBJ052_071.jpg,OBJ052,False,71,OBJ052,train
IE7615 Deep Learning for AI/images_OBJ052/OBJ052_072.jpg,OBJ052,False,72,OBJ052,train
IE7615 Deep Learning for AI/images_OBJ052/OBJ052_073.jpg,OBJ052,False,73,OBJ052,train
IE7615 Deep Learning for AI/images_OBJ052/OBJ052_074.jpg,OBJ052,False,74,OBJ052,train
IE7615 Deep Learning for AI/images_OBJ052/OBJ052_075.jpg,OBJ052,False,75,OBJ052,train
IE7615 Deep Learning for AI/images_OBJ052/OBJ052_076.jpg,OBJ052,False,76,OBJ052,train
IE7615 Deep Learning for AI/images_OBJ052/OBJ052_077.jpg,OBJ052,False,77,OBJ052,train
IE7615 Deep Learning for AI/images_OBJ052/OBJ052_078.jpg,OBJ052,False,78,OBJ052,train
IE7615 Deep Learning for AI/images_OBJ052/OBJ052_079.jpg,OBJ052,False,79,OBJ052,train
IE7615 Deep Learning for AI/images_OBJ052/OBJ052_080.jpg,OBJ052,False,80,OBJ052,train
IE7615 Deep Learning for AI/images_OBJ052/OBJ052_081.jpg,OBJ052,False,81,OBJ052,train
IE7615 Deep Learning for AI/images_OBJ052/OBJ052_082.jpg,OBJ052,False,82,OBJ052,train
IE7615 Deep Learning for AI/images_OBJ052/OBJ052_083.jpg,OBJ052,False,83,OBJ052,train
IE7615 Deep Learning for AI/images_OBJ052/OBJ052_084.jpg,OBJ052,False,84,OBJ052,train
IE7615 Deep Learning for AI/images_OBJ052/OBJ052_085.jpg,OBJ052,False,85,OBJ052,train
IE7615 Deep Learning for AI/images_OBJ052/OBJ052_086.jpg,OBJ052,False,86,OBJ052,train
IE7615 Deep Learning for AI/images_OBJ052/OBJ052_087.jpg,OBJ052,False,87,OBJ052,train
IE7615 Deep Learning for AI/images_OBJ052/OBJ052_088.jpg,OBJ052,False,88,OBJ052,train
IE7615 Deep Learning for AI/images_OBJ052/OBJ052_089.jpg,OBJ052,False,89,OBJ052,train
IE7615 Deep Learning for AI/images_OBJ052/OBJ052_090.jpg,OBJ052,False,90,OBJ052,train
IE7615 Deep Learning for AI/images_OBJ052/OBJ052_091.jpg,OBJ052,False,91,OBJ052,train
IE7615 Deep Learning for AI/images_OBJ052/OBJ052_092.jpg,OBJ052,False,92,OBJ052,train
IE7615 Deep Learning for AI/images_OBJ052/OBJ052_093.jpg,OBJ052,False,93,OBJ052,train
IE7615 Deep Learning for AI/images_OBJ052/OBJ052_094.jpg,OBJ052,False,94,OBJ052,train
IE7615 Deep Learning for AI/images_OBJ052/OBJ052_095.jpg,OBJ052,False,95,OBJ052,train
IE7615 Deep Learning for AI/images_OBJ052/OBJ052_bg_001.jpg,OBJ052,True,1,no_object,train
IE7615 Deep Learning for AI/images_OBJ052/OBJ052_bg_002.jpg,OBJ052,True,2,no_object,train
IE7615 Deep Learning for AI/images_OBJ052/OBJ052_bg_003.jpg,OBJ052,True,3,no_object,train
IE7615 Deep Learning for AI/images_OBJ052/OBJ052_bg_004.jpg,OBJ052,True,4,no_object,train
IE7615 Deep Learning for AI/images_OBJ052/OBJ052_bg_005.jpg,OBJ052,True,5,no_object,train
IE7615 Deep Learning for AI/images_OBJ053/OBJ053_001.jpg,OBJ053,False,1,OBJ053,train
IE7615 Deep Learning for AI/images_OBJ053/OBJ053_002.jpg,OBJ053,False,2,OBJ053,train
IE7615 Deep Learning for AI/images_OBJ053/OBJ053_003.jpg,OBJ053,False,3,OBJ053,train
IE7615 Deep Learning for AI/images_OBJ053/OBJ053_004.jpg,OBJ053,False,4,OBJ053,train
IE7615 Deep Learning for AI/images_OBJ053/OBJ053_005.jpg,OBJ053,False,5,OBJ053,train
IE7615 Deep Learning for AI/images_OBJ053/OBJ053_006.jpg,OBJ053,False,6,OBJ053,train
IE7615 Deep Learning for AI/images_OBJ053/OBJ053_007.jpg,OBJ053,False,7,OBJ053,train
IE7615 Deep Learning for AI/images_OBJ053/OBJ053_008.jpg,OBJ053,False,8,OBJ053,train
IE7615 Deep Learning for AI/images_OBJ053/OBJ053_009.jpg,OBJ053,False,9,OBJ053,train
IE7615 Deep Learning for AI/images_OBJ053/OBJ053_010.jpg,OBJ053,False,10,OBJ053,train
IE7615 Deep Learning for AI/images_OBJ053/OBJ053_011.jpg,OBJ053,False,11,OBJ053,test
IE7615 Deep Learning for AI/images_OBJ053/OBJ053_012.jpg,OBJ053,False,12,OBJ053,test
IE7615 Deep Learning for AI/images_OBJ053/OBJ053_013.jpg,OBJ053,False,13,OBJ053,test
IE7615 Deep Learning for AI/images_OBJ053/OBJ053_014.jpg,OBJ053,False,14,OBJ053,test
IE7615 Deep Learning for AI/images_OBJ053/OBJ053_015.jpg,OBJ053,False,15,OBJ053,test
IE7615 Deep Learning for AI/images_OBJ053/OBJ053_016.jpg,OBJ053,False,16,OBJ053,val
IE7615 Deep Learning for AI/images_OBJ053/OBJ053_017.jpg,OBJ053,False,17,OBJ053,val
IE7615 Deep Learning for AI/images_OBJ053/OBJ053_018.jpg,OBJ053,False,18,OBJ053,val
IE7615 Deep Learning for AI/images_OBJ053/OBJ053_019.jpg,OBJ053,False,19,OBJ053,val
IE7615 Deep Learning for AI/images_OBJ053/OBJ053_020.jpg,OBJ053,False,20,OBJ053,val
IE7615 Deep Learning for AI/images_OBJ053/OBJ053_021.jpg,OBJ053,False,21,OBJ053,train
IE7615 Deep Learning for AI/images_OBJ053/OBJ053_022.jpg,OBJ053,False,22,OBJ053,train
IE7615 Deep Learning for AI/images_OBJ053/OBJ053_023.jpg,OBJ053,False,23,OBJ053,train
IE7615 Deep Learning for AI/images_OBJ053/OBJ053_024.jpg,OBJ053,False,24,OBJ053,train
IE7615 Deep Learning for AI/images_OBJ053/OBJ053_025.jpg,OBJ053,False,25,OBJ053,train
IE7615 Deep Learning for AI/images_OBJ053/OBJ053_026.jpg,OBJ053,False,26,OBJ053,test
IE7615 Deep Learning for AI/images_OBJ053/OBJ053_027.jpg,OBJ053,False,27,OBJ053,test
IE7615 Deep Learning for AI/images_OBJ053/OBJ053_028.jpg,OBJ053,False,28,OBJ053,test
IE7615 Deep Learning for AI/images_OBJ053/OBJ053_029.jpg,OBJ053,False,29,OBJ053,test
IE7615 Deep Learning for AI/images_OBJ053/OBJ053_030.jpg,OBJ053,False,30,OBJ053,test
IE7615 Deep Learning for AI/images_OBJ053/OBJ053_031.jpg,OBJ053,False,31,OBJ053,train
IE7615 Deep Learning for AI/images_OBJ053/OBJ053_032.jpg,OBJ053,False,32,OBJ053,train
IE7615 Deep Learning for AI/images_OBJ053/OBJ053_033.jpg,OBJ053,False,33,OBJ053,train
IE7615 Deep Learning for AI/images_OBJ053/OBJ053_034.jpg,OBJ053,False,34,OBJ053,train
IE7615 Deep Learning for AI/images_OBJ053/OBJ053_035.jpg,OBJ053,False,35,OBJ053,train
IE7615 Deep Learning for AI/images_OBJ053/OBJ053_036.jpg,OBJ053,False,36,OBJ053,train
IE7615 Deep Learning for AI/images_OBJ053/OBJ053_037.jpg,OBJ053,False,37,OBJ053,train
IE7615 Deep Learning for AI/images_OBJ053/OBJ053_038.jpg,OBJ053,False,38,OBJ053,train
IE7615 Deep Learning for AI/images_OBJ053/OBJ053_039.jpg,OBJ053,False,39,OBJ053,train
IE7615 Deep Learning for AI/images_OBJ053/OBJ053_040.jpg,OBJ053,False,40,OBJ053,train
IE7615 Deep Learning for AI/images_OBJ053/OBJ053_041.jpg,OBJ053,False,41,OBJ053,val
IE7615 Deep Learning for AI/images_OBJ053/OBJ053_042.jpg,OBJ053,False,42,OBJ053,val
IE7615 Deep Learning for AI/images_OBJ053/OBJ053_043.jpg,OBJ053,False,43,OBJ053,val
IE7615 Deep Learning for AI/images_OBJ053/OBJ053_044.jpg,OBJ053,False,44,OBJ053,val
IE7615 Deep Learning for AI/images_OBJ053/OBJ053_045.jpg,OBJ053,False,45,OBJ053,val
IE7615 Deep Learning for AI/images_OBJ053/OBJ053_046.jpg,OBJ053,False,46,OBJ053,val
IE7615 Deep Learning for AI/images_OBJ053/OBJ053_047.jpg,OBJ053,False,47,OBJ053,val
IE7615 Deep Learning for AI/images_OBJ053/OBJ053_048.jpg,OBJ053,False,48,OBJ053,val
IE7615 Deep Learning for AI/images_OBJ053/OBJ053_049.jpg,OBJ053,False,49,OBJ053,val
IE7615 Deep Learning for AI/images_OBJ053/OBJ053_050.jpg,OBJ053,False,50,OBJ053,val
IE7615 Deep Learning for AI/images_OBJ053/OBJ053_051.jpg,OBJ053,False,51,OBJ053,train
IE7615 Deep Learning for AI/images_OBJ053/OBJ053_052.jpg,OBJ053,False,52,OBJ053,train
IE7615 Deep Learning for AI/images_OBJ053/OBJ053_053.jpg,OBJ053,False,53,OBJ053,train
IE7615 Deep Learning for AI/images_OBJ053/OBJ053_054.jpg,OBJ053,False,54,OBJ053,train
IE7615 Deep Learning for AI/images_OBJ053/OBJ053_055.jpg,OBJ053,False,55,OBJ053,train
IE7615 Deep Learning for AI/images_OBJ053/OBJ053_056.jpg,OBJ053,False,56,OBJ053,train
IE7615 Deep Learning for AI/images_OBJ053/OBJ053_057.jpg,OBJ053,False,57,OBJ053,train
IE7615 Deep Learning for AI/images_OBJ053/OBJ053_058.jpg,OBJ053,False,58,OBJ053,train
IE7615 Deep Learning for AI/images_OBJ053/OBJ053_059.jpg,OBJ053,False,59,OBJ053,train
IE7615 Deep Learning for AI/images_OBJ053/OBJ053_060.jpg,OBJ053,False,60,OBJ053,train
IE7615 Deep Learning for AI/images_OBJ053/OBJ053_061.jpg,OBJ053,False,61,OBJ053,train
IE7615 Deep Learning for AI/images_OBJ053/OBJ053_062.jpg,OBJ053,False,62,OBJ053,train
IE7615 Deep Learning for AI/images_OBJ053/OBJ053_063.jpg,OBJ053,False,63,OBJ053,train
IE7615 Deep Learning for AI/images_OBJ053/OBJ053_064.jpg,OBJ053,False,64,OBJ053,train
IE7615 Deep Learning for AI/images_OBJ053/OBJ053_065.jpg,OBJ053,False,65,OBJ053,train
IE7615 Deep Learning for AI/images_OBJ053/OBJ053_066.jpg,OBJ053,False,66,OBJ053,train
IE7615 Deep Learning for AI/images_OBJ053/OBJ053_067.jpg,OBJ053,False,67,OBJ053,train
IE7615 Deep Learning for AI/images_OBJ053/OBJ053_068.jpg,OBJ053,False,68,OBJ053,train
IE7615 Deep Learning for AI/images_OBJ053/OBJ053_069.jpg,OBJ053,False,69,OBJ053,train
IE7615 Deep Learning for AI/images_OBJ053/OBJ053_070.jpg,OBJ053,False,70,OBJ053,train
IE7615 Deep Learning for AI/images_OBJ053/OBJ053_071.jpg,OBJ053,False,71,OBJ053,test
IE7615 Deep Learning for AI/images_OBJ053/OBJ053_072.jpg,OBJ053,False,72,OBJ053,test
IE7615 Deep Learning for AI/images_OBJ053/OBJ053_073.jpg,OBJ053,False,73,OBJ053,test
IE7615 Deep Learning for AI/images_OBJ053/OBJ053_074.jpg,OBJ053,False,74,OBJ053,test
IE7615 Deep Learning for AI/images_OBJ053/OBJ053_075.jpg,OBJ053,False,75,OBJ053,test
IE7615 Deep Learning for AI/images_OBJ053/OBJ053_076.jpg,OBJ053,False,76,OBJ053,train
IE7615 Deep Learning for AI/images_OBJ053/OBJ053_077.jpg,OBJ053,False,77,OBJ053,train
IE7615 Deep Learning for AI/images_OBJ053/OBJ053_078.jpg,OBJ053,False,78,OBJ053,train
IE7615 Deep Learning for AI/images_OBJ053/OBJ053_079.jpg,OBJ053,False,79,OBJ053,train
IE7615 Deep Learning for AI/images_OBJ053/OBJ053_080.jpg,OBJ053,False,80,OBJ053,train
IE7615 Deep Learning for AI/images_OBJ053/OBJ053_081.jpg,OBJ053,False,81,OBJ053,train
IE7615 Deep Learning for AI/images_OBJ053/OBJ053_082.jpg,OBJ053,False,82,OBJ053,train
IE7615 Deep Learning for AI/images_OBJ053/OBJ053_083.jpg,OBJ053,False,83,OBJ053,train
IE7615 Deep Learning for AI/images_OBJ053/OBJ053_084.jpg,OBJ053,False,84,OBJ053,train
IE7615 Deep Learning for AI/images_OBJ053/OBJ053_085.jpg,OBJ053,False,85,OBJ053,train
IE7615 Deep Learning for AI/images_OBJ053/OBJ053_086.jpg,OBJ053,False,86,OBJ053,train
IE7615 Deep Learning for AI/images_OBJ053/OBJ053_087.jpg,OBJ053,False,87,OBJ053,train
IE7615 Deep Learning for AI/images_OBJ053/OBJ053_088.jpg,OBJ053,False,88,OBJ053,train
IE7615 Deep Learning for AI/images_OBJ053/OBJ053_089.jpg,OBJ053,False,89,OBJ053,train
IE7615 Deep Learning for AI/images_OBJ053/OBJ053_090.jpg,OBJ053,False,90,OBJ053,train
IE7615 Deep Learning for AI/images_OBJ053/OBJ053_bg_001.jpg,OBJ053,True,1,no_object,val
IE7615 Deep Learning for AI/images_OBJ053/OBJ053_bg_002.jpg,OBJ053,True,2,no_object,val
IE7615 Deep Learning for AI/images_OBJ053/OBJ053_bg_003.jpg,OBJ053,True,3,no_object,val
IE7615 Deep Learning for AI/images_OBJ053/OBJ053_bg_004.jpg,OBJ053,True,4,no_object,val
IE7615 Deep Learning for AI/images_OBJ053/OBJ053_bg_005.jpg,OBJ053,True,5,no_object,val
IE7615 Deep Learning for AI/images_OBJ053/OBJ053_bg_006.jpg,OBJ053,True,6,no_object,val
IE7615 Deep Learning for AI/images_OBJ053/OBJ053_bg_007.jpg,OBJ053,True,7,no_object,val
IE7615 Deep Learning for AI/images_OBJ053/OBJ053_bg_008.jpg,OBJ053,True,8,no_object,val
IE7615 Deep Learning for AI/images_OBJ053/OBJ053_bg_009.jpg,OBJ053,True,9,no_object,val
IE7615 Deep Learning for AI/images_OBJ053/OBJ053_bg_010.jpg,OBJ053,True,10,no_object,val
IE7615 Deep Learning for AI/images_OBJ054/OBJ054_001.jpg,OBJ054,False,1,OBJ054,train
IE7615 Deep Learning for AI/images_OBJ054/OBJ054_002.jpg,OBJ054,False,2,OBJ054,train
IE7615 Deep Learning for AI/images_OBJ054/OBJ054_003.jpg,OBJ054,False,3,OBJ054,train
IE7615 Deep Learning for AI/images_OBJ054/OBJ054_004.jpg,OBJ054,False,4,OBJ054,train
IE7615 Deep Learning for AI/images_OBJ054/OBJ054_005.jpg,OBJ054,False,5,OBJ054,train
IE7615 Deep Learning for AI/images_OBJ054/OBJ054_006.jpg,OBJ054,False,6,OBJ054,test
IE7615 Deep Learning for AI/images_OBJ054/OBJ054_007.jpg,OBJ054,False,7,OBJ054,test
IE7615 Deep Learning for AI/images_OBJ054/OBJ054_008.jpg,OBJ054,False,8,OBJ054,test
IE7615 Deep Learning for AI/images_OBJ054/OBJ054_009.jpg,OBJ054,False,9,OBJ054,test
IE7615 Deep Learning for AI/images_OBJ054/OBJ054_010.jpg,OBJ054,False,10,OBJ054,test
IE7615 Deep Learning for AI/images_OBJ054/OBJ054_011.jpg,OBJ054,False,11,OBJ054,train
IE7615 Deep Learning for AI/images_OBJ054/OBJ054_012.jpg,OBJ054,False,12,OBJ054,train
IE7615 Deep Learning for AI/images_OBJ054/OBJ054_013.jpg,OBJ054,False,13,OBJ054,train
IE7615 Deep Learning for AI/images_OBJ054/OBJ054_014.jpg,OBJ054,False,14,OBJ054,train
IE7615 Deep Learning for AI/images_OBJ054/OBJ054_015.jpg,OBJ054,False,15,OBJ054,train
IE7615 Deep Learning for AI/images_OBJ054/OBJ054_016.jpg,OBJ054,False,16,OBJ054,train
IE7615 Deep Learning for AI/images_OBJ054/OBJ054_017.jpg,OBJ054,False,17,OBJ054,train
IE7615 Deep Learning for AI/images_OBJ054/OBJ054_018.jpg,OBJ054,False,18,OBJ054,train
IE7615 Deep Learning for AI/images_OBJ054/OBJ054_019.jpg,OBJ054,False,19,OBJ054,train
IE7615 Deep Learning for AI/images_OBJ054/OBJ054_020.jpg,OBJ054,False,20,OBJ054,train
IE7615 Deep Learning for AI/images_OBJ054/OBJ054_021.jpg,OBJ054,False,21,OBJ054,test
IE7615 Deep Learning for AI/images_OBJ054/OBJ054_022.jpg,OBJ054,False,22,OBJ054,test
IE7615 Deep Learning for AI/images_OBJ054/OBJ054_023.jpg,OBJ054,False,23,OBJ054,test
IE7615 Deep Learning for AI/images_OBJ054/OBJ054_024.jpg,OBJ054,False,24,OBJ054,test
IE7615 Deep Learning for AI/images_OBJ054/OBJ054_025.jpg,OBJ054,False,25,OBJ054,test
IE7615 Deep Learning for AI/images_OBJ054/OBJ054_026.jpg,OBJ054,False,26,OBJ054,train
IE7615 Deep Learning for AI/images_OBJ054/OBJ054_027.jpg,OBJ054,False,27,OBJ054,train
IE7615 Deep Learning for AI/images_OBJ054/OBJ054_028.jpg,OBJ054,False,28,OBJ054,train
IE7615 Deep Learning for AI/images_OBJ054/OBJ054_029.jpg,OBJ054,False,29,OBJ054,train
IE7615 Deep Learning for AI/images_OBJ054/OBJ054_030.jpg,OBJ054,False,30,OBJ054,train
IE7615 Deep Learning for AI/images_OBJ054/OBJ054_031.jpg,OBJ054,False,31,OBJ054,train
IE7615 Deep Learning for AI/images_OBJ054/OBJ054_032.jpg,OBJ054,False,32,OBJ054,train
IE7615 Deep Learning for AI/images_OBJ054/OBJ054_033.jpg,OBJ054,False,33,OBJ054,train
IE7615 Deep Learning for AI/images_OBJ054/OBJ054_034.jpg,OBJ054,False,34,OBJ054,train
IE7615 Deep Learning for AI/images_OBJ054/OBJ054_035.jpg,OBJ054,False,35,OBJ054,train
IE7615 Deep Learning for AI/images_OBJ054/OBJ054_036.jpg,OBJ054,False,36,OBJ054,val
IE7615 Deep Learning for AI/images_OBJ054/OBJ054_037.jpg,OBJ054,False,37,OBJ054,val
IE7615 Deep Learning for AI/images_OBJ054/OBJ054_038.jpg,OBJ054,False,38,OBJ054,val
IE7615 Deep Learning for AI/images_OBJ054/OBJ054_039.jpg,OBJ054,False,39,OBJ054,val
IE7615 Deep Learning for AI/images_OBJ054/OBJ054_040.jpg,OBJ054,False,40,OBJ054,val
IE7615 Deep Learning for AI/images_OBJ054/OBJ054_041.jpg,OBJ054,False,41,OBJ054,train
IE7615 Deep Learning for AI/images_OBJ054/OBJ054_042.jpg,OBJ054,False,42,OBJ054,train
IE7615 Deep Learning for AI/images_OBJ054/OBJ054_043.jpg,OBJ054,False,43,OBJ054,train
IE7615 Deep Learning for AI/images_OBJ054/OBJ054_044.jpg,OBJ054,False,44,OBJ054,train
IE7615 Deep Learning for AI/images_OBJ054/OBJ054_045.jpg,OBJ054,False,45,OBJ054,train
IE7615 Deep Learning for AI/images_OBJ054/OBJ054_046.jpg,OBJ054,False,46,OBJ054,train
IE7615 Deep Learning for AI/images_OBJ054/OBJ054_047.jpg,OBJ054,False,47,OBJ054,train
IE7615 Deep Learning for AI/images_OBJ054/OBJ054_048.jpg,OBJ054,False,48,OBJ054,train
IE7615 Deep Learning for AI/images_OBJ054/OBJ054_049.jpg,OBJ054,False,49,OBJ054,train
IE7615 Deep Learning for AI/images_OBJ054/OBJ054_050.jpg,OBJ054,False,50,OBJ054,train
IE7615 Deep Learning for AI/images_OBJ054/OBJ054_051.jpg,OBJ054,False,51,OBJ054,val
IE7615 Deep Learning for AI/images_OBJ054/OBJ054_052.jpg,OBJ054,False,52,OBJ054,val
IE7615 Deep Learning for AI/images_OBJ054/OBJ054_053.jpg,OBJ054,False,53,OBJ054,val
IE7615 Deep Learning for AI/images_OBJ054/OBJ054_054.jpg,OBJ054,False,54,OBJ054,val
IE7615 Deep Learning for AI/images_OBJ054/OBJ054_055.jpg,OBJ054,False,55,OBJ054,val
IE7615 Deep Learning for AI/images_OBJ054/OBJ054_056.jpg,OBJ054,False,56,OBJ054,train
IE7615 Deep Learning for AI/images_OBJ054/OBJ054_057.jpg,OBJ054,False,57,OBJ054,train
IE7615 Deep Learning for AI/images_OBJ054/OBJ054_058.jpg,OBJ054,False,58,OBJ054,train
IE7615 Deep Learning for AI/images_OBJ054/OBJ054_059.jpg,OBJ054,False,59,OBJ054,train
IE7615 Deep Learning for AI/images_OBJ054/OBJ054_060.jpg,OBJ054,False,60,OBJ054,train
IE7615 Deep Learning for AI/images_OBJ054/OBJ054_061.jpg,OBJ054,False,61,OBJ054,train
IE7615 Deep Learning for AI/images_OBJ054/OBJ054_062.jpg,OBJ054,False,62,OBJ054,train
IE7615 Deep Learning for AI/images_OBJ054/OBJ054_063.jpg,OBJ054,False,63,OBJ054,train
IE7615 Deep Learning for AI/images_OBJ054/OBJ054_064.jpg,OBJ054,False,64,OBJ054,train
IE7615 Deep Learning for AI/images_OBJ054/OBJ054_065.jpg,OBJ054,False,65,OBJ054,train
IE7615 Deep Learning for AI/images_OBJ054/OBJ054_066.jpg,OBJ054,False,66,OBJ054,train
IE7615 Deep Learning for AI/images_OBJ054/OBJ054_067.jpg,OBJ054,False,67,OBJ054,train
IE7615 Deep Learning for AI/images_OBJ054/OBJ054_068.jpg,OBJ054,False,68,OBJ054,train
IE7615 Deep Learning for AI/images_OBJ054/OBJ054_069.jpg,OBJ054,False,69,OBJ054,train
IE7615 Deep Learning for AI/images_OBJ054/OBJ054_070.jpg,OBJ054,False,70,OBJ054,train
IE7615 Deep Learning for AI/images_OBJ054/OBJ054_071.jpg,OBJ054,False,71,OBJ054,test
IE7615 Deep Learning for AI/images_OBJ054/OBJ054_072.jpg,OBJ054,False,72,OBJ054,test
IE7615 Deep Learning for AI/images_OBJ054/OBJ054_073.jpg,OBJ054,False,73,OBJ054,test
IE7615 Deep Learning for AI/images_OBJ054/OBJ054_074.jpg,OBJ054,False,74,OBJ054,test
IE7615 Deep Learning for AI/images_OBJ054/OBJ054_075.jpg,OBJ054,False,75,OBJ054,test
IE7615 Deep Learning for AI/images_OBJ054/OBJ054_076.jpg,OBJ054,False,76,OBJ054,train
IE7615 Deep Learning for AI/images_OBJ054/OBJ054_077.jpg,OBJ054,False,77,OBJ054,train
IE7615 Deep Learning for AI/images_OBJ054/OBJ054_078.jpg,OBJ054,False,78,OBJ054,train
IE7615 Deep Learning for AI/images_OBJ054/OBJ054_079.jpg,OBJ054,False,79,OBJ054,train
IE7615 Deep Learning for AI/images_OBJ054/OBJ054_080.jpg,OBJ054,False,80,OBJ054,train
IE7615 Deep Learning for AI/images_OBJ054/OBJ054_081.jpg,OBJ054,False,81,OBJ054,train
IE7615 Deep Learning for AI/images_OBJ054/OBJ054_082.jpg,OBJ054,False,82,OBJ054,train
IE7615 Deep Learning for AI/images_OBJ054/OBJ054_083.jpg,OBJ054,False,83,OBJ054,train
IE7615 Deep Learning for AI/images_OBJ054/OBJ054_084.jpg,OBJ054,False,84,OBJ054,train
IE7615 Deep Learning for AI/images_OBJ054/OBJ054_085.jpg,OBJ054,False,85,OBJ054,train
IE7615 Deep Learning for AI/images_OBJ054/OBJ054_086.jpg,OBJ054,False,86,OBJ054,val
IE7615 Deep Learning for AI/images_OBJ054/OBJ054_087.jpg,OBJ054,False,87,OBJ054,val
IE7615 Deep Learning for AI/images_OBJ054/OBJ054_088.jpg,OBJ054,False,88,OBJ054,val
IE7615 Deep Learning for AI/images_OBJ054/OBJ054_089.jpg,OBJ054,False,89,OBJ054,val
IE7615 Deep Learning for AI/images_OBJ054/OBJ054_090.jpg,OBJ054,False,90,OBJ054,val
IE7615 Deep Learning for AI/images_OBJ054/OBJ054_091.jpg,OBJ054,False,91,OBJ054,train
IE7615 Deep Learning for AI/images_OBJ054/OBJ054_092.jpg,OBJ054,False,92,OBJ054,train
IE7615 Deep Learning for AI/images_OBJ054/OBJ054_093.jpg,OBJ054,False,93,OBJ054,train
IE7615 Deep Learning for AI/images_OBJ054/OBJ054_094.jpg,OBJ054,False,94,OBJ054,train
IE7615 Deep Learning for AI/images_OBJ054/OBJ054_095.jpg,OBJ054,False,95,OBJ054,train
IE7615 Deep Learning for AI/images_OBJ054/OBJ054_bg_001.jpg,OBJ054,True,1,no_object,train
IE7615 Deep Learning for AI/images_OBJ054/OBJ054_bg_002.jpg,OBJ054,True,2,no_object,train
IE7615 Deep Learning for AI/images_OBJ054/OBJ054_bg_003.jpg,OBJ054,True,3,no_object,train
IE7615 Deep Learning for AI/images_OBJ054/OBJ054_bg_004.jpg,OBJ054,True,4,no_object,train
IE7615 Deep Learning for AI/images_OBJ054/OBJ054_bg_005.jpg,OBJ054,True,5,no_object,train
IE7615 Deep Learning for AI/images_OBJ055/OBJ055_001.jpg,OBJ055,False,1,OBJ055,train
IE7615 Deep Learning for AI/images_OBJ055/OBJ055_002.jpg,OBJ055,False,2,OBJ055,train
IE7615 Deep Learning for AI/images_OBJ055/OBJ055_003.jpg,OBJ055,False,3,OBJ055,train
IE7615 Deep Learning for AI/images_OBJ055/OBJ055_004.jpg,OBJ055,False,4,OBJ055,train
IE7615 Deep Learning for AI/images_OBJ055/OBJ055_005.jpg,OBJ055,False,5,OBJ055,train
IE7615 Deep Learning for AI/images_OBJ055/OBJ055_006.jpg,OBJ055,False,6,OBJ055,train
IE7615 Deep Learning for AI/images_OBJ055/OBJ055_007.jpg,OBJ055,False,7,OBJ055,train
IE7615 Deep Learning for AI/images_OBJ055/OBJ055_008.jpg,OBJ055,False,8,OBJ055,train
IE7615 Deep Learning for AI/images_OBJ055/OBJ055_009.jpg,OBJ055,False,9,OBJ055,train
IE7615 Deep Learning for AI/images_OBJ055/OBJ055_010.jpg,OBJ055,False,10,OBJ055,train
IE7615 Deep Learning for AI/images_OBJ055/OBJ055_011.jpg,OBJ055,False,11,OBJ055,train
IE7615 Deep Learning for AI/images_OBJ055/OBJ055_012.jpg,OBJ055,False,12,OBJ055,train
IE7615 Deep Learning for AI/images_OBJ055/OBJ055_013.jpg,OBJ055,False,13,OBJ055,train
IE7615 Deep Learning for AI/images_OBJ055/OBJ055_014.jpg,OBJ055,False,14,OBJ055,train
IE7615 Deep Learning for AI/images_OBJ055/OBJ055_015.jpg,OBJ055,False,15,OBJ055,train
IE7615 Deep Learning for AI/images_OBJ055/OBJ055_016.jpg,OBJ055,False,16,OBJ055,train
IE7615 Deep Learning for AI/images_OBJ055/OBJ055_017.jpg,OBJ055,False,17,OBJ055,train
IE7615 Deep Learning for AI/images_OBJ055/OBJ055_018.jpg,OBJ055,False,18,OBJ055,train
IE7615 Deep Learning for AI/images_OBJ055/OBJ055_019.jpg,OBJ055,False,19,OBJ055,train
IE7615 Deep Learning for AI/images_OBJ055/OBJ055_020.jpg,OBJ055,False,20,OBJ055,train
IE7615 Deep Learning for AI/images_OBJ055/OBJ055_021.jpg,OBJ055,False,21,OBJ055,test
IE7615 Deep Learning for AI/images_OBJ055/OBJ055_022.jpg,OBJ055,False,22,OBJ055,test
IE7615 Deep Learning for AI/images_OBJ055/OBJ055_023.jpg,OBJ055,False,23,OBJ055,test
IE7615 Deep Learning for AI/images_OBJ055/OBJ055_024.jpg,OBJ055,False,24,OBJ055,test
IE7615 Deep Learning for AI/images_OBJ055/OBJ055_025.jpg,OBJ055,False,25,OBJ055,test
IE7615 Deep Learning for AI/images_OBJ055/OBJ055_026.jpg,OBJ055,False,26,OBJ055,val
IE7615 Deep Learning for AI/images_OBJ055/OBJ055_027.jpg,OBJ055,False,27,OBJ055,val
IE7615 Deep Learning for AI/images_OBJ055/OBJ055_028.jpg,OBJ055,False,28,OBJ055,val
IE7615 Deep Learning for AI/images_OBJ055/OBJ055_029.jpg,OBJ055,False,29,OBJ055,val
IE7615 Deep Learning for AI/images_OBJ055/OBJ055_030.jpg,OBJ055,False,30,OBJ055,val
IE7615 Deep Learning for AI/images_OBJ055/OBJ055_031.jpg,OBJ055,False,31,OBJ055,train
IE7615 Deep Learning for AI/images_OBJ055/OBJ055_032.jpg,OBJ055,False,32,OBJ055,train
IE7615 Deep Learning for AI/images_OBJ055/OBJ055_033.jpg,OBJ055,False,33,OBJ055,train
IE7615 Deep Learning for AI/images_OBJ055/OBJ055_034.jpg,OBJ055,False,34,OBJ055,train
IE7615 Deep Learning for AI/images_OBJ055/OBJ055_035.jpg,OBJ055,False,35,OBJ055,train
IE7615 Deep Learning for AI/images_OBJ055/OBJ055_036.jpg,OBJ055,False,36,OBJ055,test
IE7615 Deep Learning for AI/images_OBJ055/OBJ055_037.jpg,OBJ055,False,37,OBJ055,test
IE7615 Deep Learning for AI/images_OBJ055/OBJ055_038.jpg,OBJ055,False,38,OBJ055,test
IE7615 Deep Learning for AI/images_OBJ055/OBJ055_039.jpg,OBJ055,False,39,OBJ055,test
IE7615 Deep Learning for AI/images_OBJ055/OBJ055_040.jpg,OBJ055,False,40,OBJ055,test
IE7615 Deep Learning for AI/images_OBJ055/OBJ055_041.jpg,OBJ055,False,41,OBJ055,val
IE7615 Deep Learning for AI/images_OBJ055/OBJ055_042.jpg,OBJ055,False,42,OBJ055,val
IE7615 Deep Learning for AI/images_OBJ055/OBJ055_043.jpg,OBJ055,False,43,OBJ055,val
IE7615 Deep Learning for AI/images_OBJ055/OBJ055_044.jpg,OBJ055,False,44,OBJ055,val
IE7615 Deep Learning for AI/images_OBJ055/OBJ055_045.jpg,OBJ055,False,45,OBJ055,val
IE7615 Deep Learning for AI/images_OBJ055/OBJ055_046.jpg,OBJ055,False,46,OBJ055,train
IE7615 Deep Learning for AI/images_OBJ055/OBJ055_047.jpg,OBJ055,False,47,OBJ055,train
IE7615 Deep Learning for AI/images_OBJ055/OBJ055_048.jpg,OBJ055,False,48,OBJ055,train
IE7615 Deep Learning for AI/images_OBJ055/OBJ055_049.jpg,OBJ055,False,49,OBJ055,train
IE7615 Deep Learning for AI/images_OBJ055/OBJ055_050.jpg,OBJ055,False,50,OBJ055,train
IE7615 Deep Learning for AI/images_OBJ055/OBJ055_051.jpg,OBJ055,False,51,OBJ055,train
IE7615 Deep Learning for AI/images_OBJ055/OBJ055_052.jpg,OBJ055,False,52,OBJ055,train
IE7615 Deep Learning for AI/images_OBJ055/OBJ055_053.jpg,OBJ055,False,53,OBJ055,train
IE7615 Deep Learning for AI/images_OBJ055/OBJ055_054.jpg,OBJ055,False,54,OBJ055,train
IE7615 Deep Learning for AI/images_OBJ055/OBJ055_055.jpg,OBJ055,False,55,OBJ055,train
IE7615 Deep Learning for AI/images_OBJ055/OBJ055_056.jpg,OBJ055,False,56,OBJ055,train
IE7615 Deep Learning for AI/images_OBJ055/OBJ055_057.jpg,OBJ055,False,57,OBJ055,train
IE7615 Deep Learning for AI/images_OBJ055/OBJ055_058.jpg,OBJ055,False,58,OBJ055,train
IE7615 Deep Learning for AI/images_OBJ055/OBJ055_059.jpg,OBJ055,False,59,OBJ055,train
IE7615 Deep Learning for AI/images_OBJ055/OBJ055_060.jpg,OBJ055,False,60,OBJ055,train
IE7615 Deep Learning for AI/images_OBJ055/OBJ055_061.jpg,OBJ055,False,61,OBJ055,train
IE7615 Deep Learning for AI/images_OBJ055/OBJ055_062.jpg,OBJ055,False,62,OBJ055,train
IE7615 Deep Learning for AI/images_OBJ055/OBJ055_063.jpg,OBJ055,False,63,OBJ055,train
IE7615 Deep Learning for AI/images_OBJ055/OBJ055_064.jpg,OBJ055,False,64,OBJ055,train
IE7615 Deep Learning for AI/images_OBJ055/OBJ055_065.jpg,OBJ055,False,65,OBJ055,train
IE7615 Deep Learning for AI/images_OBJ055/OBJ055_066.jpg,OBJ055,False,66,OBJ055,train
IE7615 Deep Learning for AI/images_OBJ055/OBJ055_067.jpg,OBJ055,False,67,OBJ055,train
IE7615 Deep Learning for AI/images_OBJ055/OBJ055_068.jpg,OBJ055,False,68,OBJ055,train
IE7615 Deep Learning for AI/images_OBJ055/OBJ055_069.jpg,OBJ055,False,69,OBJ055,train
IE7615 Deep Learning for AI/images_OBJ055/OBJ055_070.jpg,OBJ055,False,70,OBJ055,train
IE7615 Deep Learning for AI/images_OBJ055/OBJ055_071.jpg,OBJ055,False,71,OBJ055,val
IE7615 Deep Learning for AI/images_OBJ055/OBJ055_072.jpg,OBJ055,False,72,OBJ055,val
IE7615 Deep Learning for AI/images_OBJ055/OBJ055_073.jpg,OBJ055,False,73,OBJ055,val
IE7615 Deep Learning for AI/images_OBJ055/OBJ055_074.jpg,OBJ055,False,74,OBJ055,val
IE7615 Deep Learning for AI/images_OBJ055/OBJ055_075.jpg,OBJ055,False,75,OBJ055,val
IE7615 Deep Learning for AI/images_OBJ055/OBJ055_076.jpg,OBJ055,False,76,OBJ055,train
IE7615 Deep Learning for AI/images_OBJ055/OBJ055_077.jpg,OBJ055,False,77,OBJ055,train
IE7615 Deep Learning for AI/images_OBJ055/OBJ055_078.jpg,OBJ055,False,78,OBJ055,train
IE7615 Deep Learning for AI/images_OBJ055/OBJ055_079.jpg,OBJ055,False,79,OBJ055,train
IE7615 Deep Learning for AI/images_OBJ055/OBJ055_080.jpg,OBJ055,False,80,OBJ055,train
IE7615 Deep Learning for AI/images_OBJ055/OBJ055_081.jpg,OBJ055,False,81,OBJ055,train
IE7615 Deep Learning for AI/images_OBJ055/OBJ055_082.jpg,OBJ055,False,82,OBJ055,train
IE7615 Deep Learning for AI/images_OBJ055/OBJ055_083.jpg,OBJ055,False,83,OBJ055,train
IE7615 Deep Learning for AI/images_OBJ055/OBJ055_084.jpg,OBJ055,False,84,OBJ055,train
IE7615 Deep Learning for AI/images_OBJ055/OBJ055_085.jpg,OBJ055,False,85,OBJ055,train
IE7615 Deep Learning for AI/images_OBJ055/OBJ055_086.jpg,OBJ055,False,86,OBJ055,test
IE7615 Deep Learning for AI/images_OBJ055/OBJ055_087.jpg,OBJ055,False,87,OBJ055,test
IE7615 Deep Learning for AI/images_OBJ055/OBJ055_088.jpg,OBJ055,False,88,OBJ055,test
IE7615 Deep Learning for AI/images_OBJ055/OBJ055_089.jpg,OBJ055,False,89,OBJ055,test
IE7615 Deep Learning for AI/images_OBJ055/OBJ055_090.jpg,OBJ055,False,90,OBJ055,test
IE7615 Deep Learning for AI/images_OBJ055/OBJ055_091.jpg,OBJ055,False,91,OBJ055,train
IE7615 Deep Learning for AI/images_OBJ055/OBJ055_092.jpg,OBJ055,False,92,OBJ055,train
IE7615 Deep Learning for AI/images_OBJ055/OBJ055_093.jpg,OBJ055,False,93,OBJ055,train
IE7615 Deep Learning for AI/images_OBJ055/OBJ055_094.jpg,OBJ055,False,94,OBJ055,train
IE7615 Deep Learning for AI/images_OBJ055/OBJ055_095.jpg,OBJ055,False,95,OBJ055,train
IE7615 Deep Learning for AI/images_OBJ055/OBJ055_bg_001.jpg,OBJ055,True,1,no_object,train
IE7615 Deep Learning for AI/images_OBJ055/OBJ055_bg_002.jpg,OBJ055,True,2,no_object,train
IE7615 Deep Learning for AI/images_OBJ055/OBJ055_bg_003.jpg,OBJ055,True,3,no_object,train
IE7615 Deep Learning for AI/images_OBJ055/OBJ055_bg_004.jpg,OBJ055,True,4,no_object,train
IE7615 Deep Learning for AI/images_OBJ055/OBJ055_bg_005.jpg,OBJ055,True,5,no_object,train
IE7615 Deep Learning for AI/images_OBJ056/OBJ056_001.jpg,OBJ056,False,1,OBJ056,test
IE7615 Deep Learning for AI/images_OBJ056/OBJ056_002.jpg,OBJ056,False,2,OBJ056,test
IE7615 Deep Learning for AI/images_OBJ056/OBJ056_003.jpg,OBJ056,False,3,OBJ056,test
IE7615 Deep Learning for AI/images_OBJ056/OBJ056_004.jpg,OBJ056,False,4,OBJ056,test
IE7615 Deep Learning for AI/images_OBJ056/OBJ056_005.jpg,OBJ056,False,5,OBJ056,test
IE7615 Deep Learning for AI/images_OBJ056/OBJ056_006.jpg,OBJ056,False,6,OBJ056,train
IE7615 Deep Learning for AI/images_OBJ056/OBJ056_007.jpg,OBJ056,False,7,OBJ056,train
IE7615 Deep Learning for AI/images_OBJ056/OBJ056_008.jpg,OBJ056,False,8,OBJ056,train
IE7615 Deep Learning for AI/images_OBJ056/OBJ056_009.jpg,OBJ056,False,9,OBJ056,train
IE7615 Deep Learning for AI/images_OBJ056/OBJ056_010.jpg,OBJ056,False,10,OBJ056,train
IE7615 Deep Learning for AI/images_OBJ056/OBJ056_011.jpg,OBJ056,False,11,OBJ056,train
IE7615 Deep Learning for AI/images_OBJ056/OBJ056_012.jpg,OBJ056,False,12,OBJ056,train
IE7615 Deep Learning for AI/images_OBJ056/OBJ056_013.jpg,OBJ056,False,13,OBJ056,train
IE7615 Deep Learning for AI/images_OBJ056/OBJ056_014.jpg,OBJ056,False,14,OBJ056,train
IE7615 Deep Learning for AI/images_OBJ056/OBJ056_015.jpg,OBJ056,False,15,OBJ056,train
IE7615 Deep Learning for AI/images_OBJ056/OBJ056_016.jpg,OBJ056,False,16,OBJ056,train
IE7615 Deep Learning for AI/images_OBJ056/OBJ056_017.jpg,OBJ056,False,17,OBJ056,train
IE7615 Deep Learning for AI/images_OBJ056/OBJ056_018.jpg,OBJ056,False,18,OBJ056,train
IE7615 Deep Learning for AI/images_OBJ056/OBJ056_019.jpg,OBJ056,False,19,OBJ056,train
IE7615 Deep Learning for AI/images_OBJ056/OBJ056_020.jpg,OBJ056,False,20,OBJ056,train
IE7615 Deep Learning for AI/images_OBJ056/OBJ056_021.jpg,OBJ056,False,21,OBJ056,train
IE7615 Deep Learning for AI/images_OBJ056/OBJ056_022.jpg,OBJ056,False,22,OBJ056,train
IE7615 Deep Learning for AI/images_OBJ056/OBJ056_023.jpg,OBJ056,False,23,OBJ056,train
IE7615 Deep Learning for AI/images_OBJ056/OBJ056_024.jpg,OBJ056,False,24,OBJ056,train
IE7615 Deep Learning for AI/images_OBJ056/OBJ056_025.jpg,OBJ056,False,25,OBJ056,train
IE7615 Deep Learning for AI/images_OBJ056/OBJ056_026.jpg,OBJ056,False,26,OBJ056,train
IE7615 Deep Learning for AI/images_OBJ056/OBJ056_027.jpg,OBJ056,False,27,OBJ056,train
IE7615 Deep Learning for AI/images_OBJ056/OBJ056_028.jpg,OBJ056,False,28,OBJ056,train
IE7615 Deep Learning for AI/images_OBJ056/OBJ056_029.jpg,OBJ056,False,29,OBJ056,train
IE7615 Deep Learning for AI/images_OBJ056/OBJ056_030.jpg,OBJ056,False,30,OBJ056,train
IE7615 Deep Learning for AI/images_OBJ056/OBJ056_031.jpg,OBJ056,False,31,OBJ056,val
IE7615 Deep Learning for AI/images_OBJ056/OBJ056_032.jpg,OBJ056,False,32,OBJ056,val
IE7615 Deep Learning for AI/images_OBJ056/OBJ056_033.jpg,OBJ056,False,33,OBJ056,val
IE7615 Deep Learning for AI/images_OBJ056/OBJ056_034.jpg,OBJ056,False,34,OBJ056,val
IE7615 Deep Learning for AI/images_OBJ056/OBJ056_035.jpg,OBJ056,False,35,OBJ056,val
IE7615 Deep Learning for AI/images_OBJ056/OBJ056_036.jpg,OBJ056,False,36,OBJ056,val
IE7615 Deep Learning for AI/images_OBJ056/OBJ056_037.jpg,OBJ056,False,37,OBJ056,val
IE7615 Deep Learning for AI/images_OBJ056/OBJ056_038.jpg,OBJ056,False,38,OBJ056,val
IE7615 Deep Learning for AI/images_OBJ056/OBJ056_039.jpg,OBJ056,False,39,OBJ056,val
IE7615 Deep Learning for AI/images_OBJ056/OBJ056_040.jpg,OBJ056,False,40,OBJ056,val
IE7615 Deep Learning for AI/images_OBJ056/OBJ056_041.jpg,OBJ056,False,41,OBJ056,train
IE7615 Deep Learning for AI/images_OBJ056/OBJ056_042.jpg,OBJ056,False,42,OBJ056,train
IE7615 Deep Learning for AI/images_OBJ056/OBJ056_043.jpg,OBJ056,False,43,OBJ056,train
IE7615 Deep Learning for AI/images_OBJ056/OBJ056_044.jpg,OBJ056,False,44,OBJ056,train
IE7615 Deep Learning for AI/images_OBJ056/OBJ056_045.jpg,OBJ056,False,45,OBJ056,train
IE7615 Deep Learning for AI/images_OBJ056/OBJ056_046.jpg,OBJ056,False,46,OBJ056,test
IE7615 Deep Learning for AI/images_OBJ056/OBJ056_047.jpg,OBJ056,False,47,OBJ056,test
IE7615 Deep Learning for AI/images_OBJ056/OBJ056_048.jpg,OBJ056,False,48,OBJ056,test
IE7615 Deep Learning for AI/images_OBJ056/OBJ056_049.jpg,OBJ056,False,49,OBJ056,test
IE7615 Deep Learning for AI/images_OBJ056/OBJ056_050.jpg,OBJ056,False,50,OBJ056,test
IE7615 Deep Learning for AI/images_OBJ056/OBJ056_051.jpg,OBJ056,False,51,OBJ056,train
IE7615 Deep Learning for AI/images_OBJ056/OBJ056_052.jpg,OBJ056,False,52,OBJ056,train
IE7615 Deep Learning for AI/images_OBJ056/OBJ056_053.jpg,OBJ056,False,53,OBJ056,train
IE7615 Deep Learning for AI/images_OBJ056/OBJ056_054.jpg,OBJ056,False,54,OBJ056,train
IE7615 Deep Learning for AI/images_OBJ056/OBJ056_055.jpg,OBJ056,False,55,OBJ056,train
IE7615 Deep Learning for AI/images_OBJ056/OBJ056_056.jpg,OBJ056,False,56,OBJ056,train
IE7615 Deep Learning for AI/images_OBJ056/OBJ056_057.jpg,OBJ056,False,57,OBJ056,train
IE7615 Deep Learning for AI/images_OBJ056/OBJ056_058.jpg,OBJ056,False,58,OBJ056,train
IE7615 Deep Learning for AI/images_OBJ056/OBJ056_059.jpg,OBJ056,False,59,OBJ056,train
IE7615 Deep Learning for AI/images_OBJ056/OBJ056_060.jpg,OBJ056,False,60,OBJ056,train
IE7615 Deep Learning for AI/images_OBJ056/OBJ056_061.jpg,OBJ056,False,61,OBJ056,train
IE7615 Deep Learning for AI/images_OBJ056/OBJ056_062.jpg,OBJ056,False,62,OBJ056,train
IE7615 Deep Learning for AI/images_OBJ056/OBJ056_063.jpg,OBJ056,False,63,OBJ056,train
IE7615 Deep Learning for AI/images_OBJ056/OBJ056_064.jpg,OBJ056,False,64,OBJ056,train
IE7615 Deep Learning for AI/images_OBJ056/OBJ056_065.jpg,OBJ056,False,65,OBJ056,train
IE7615 Deep Learning for AI/images_OBJ056/OBJ056_066.jpg,OBJ056,False,66,OBJ056,train
IE7615 Deep Learning for AI/images_OBJ056/OBJ056_067.jpg,OBJ056,False,67,OBJ056,train
IE7615 Deep Learning for AI/images_OBJ056/OBJ056_068.jpg,OBJ056,False,68,OBJ056,train
IE7615 Deep Learning for AI/images_OBJ056/OBJ056_069.jpg,OBJ056,False,69,OBJ056,train
IE7615 Deep Learning for AI/images_OBJ056/OBJ056_070.jpg,OBJ056,False,70,OBJ056,train
IE7615 Deep Learning for AI/images_OBJ056/OBJ056_071.jpg,OBJ056,False,71,OBJ056,train
IE7615 Deep Learning for AI/images_OBJ056/OBJ056_072.jpg,OBJ056,False,72,OBJ056,train
IE7615 Deep Learning for AI/images_OBJ056/OBJ056_073.jpg,OBJ056,False,73,OBJ056,train
IE7615 Deep Learning for AI/images_OBJ056/OBJ056_074.jpg,OBJ056,False,74,OBJ056,train
IE7615 Deep Learning for AI/images_OBJ056/OBJ056_075.jpg,OBJ056,False,75,OBJ056,train
IE7615 Deep Learning for AI/images_OBJ056/OBJ056_076.jpg,OBJ056,False,76,OBJ056,train
IE7615 Deep Learning for AI/images_OBJ056/OBJ056_077.jpg,OBJ056,False,77,OBJ056,train
IE7615 Deep Learning for AI/images_OBJ056/OBJ056_078.jpg,OBJ056,False,78,OBJ056,train
IE7615 Deep Learning for AI/images_OBJ056/OBJ056_079.jpg,OBJ056,False,79,OBJ056,train
IE7615 Deep Learning for AI/images_OBJ056/OBJ056_080.jpg,OBJ056,False,80,OBJ056,train
IE7615 Deep Learning for AI/images_OBJ056/OBJ056_081.jpg,OBJ056,False,81,OBJ056,val
IE7615 Deep Learning for AI/images_OBJ056/OBJ056_082.jpg,OBJ056,False,82,OBJ056,val
IE7615 Deep Learning for AI/images_OBJ056/OBJ056_083.jpg,OBJ056,False,83,OBJ056,val
IE7615 Deep Learning for AI/images_OBJ056/OBJ056_084.jpg,OBJ056,False,84,OBJ056,val
IE7615 Deep Learning for AI/images_OBJ056/OBJ056_085.jpg,OBJ056,False,85,OBJ056,val
IE7615 Deep Learning for AI/images_OBJ056/OBJ056_086.jpg,OBJ056,False,86,OBJ056,test
IE7615 Deep Learning for AI/images_OBJ056/OBJ056_087.jpg,OBJ056,False,87,OBJ056,test
IE7615 Deep Learning for AI/images_OBJ056/OBJ056_088.jpg,OBJ056,False,88,OBJ056,test
IE7615 Deep Learning for AI/images_OBJ056/OBJ056_089.jpg,OBJ056,False,89,OBJ056,test
IE7615 Deep Learning for AI/images_OBJ056/OBJ056_090.jpg,OBJ056,False,90,OBJ056,test
IE7615 Deep Learning for AI/images_OBJ056/OBJ056_091.jpg,OBJ056,False,91,OBJ056,train
IE7615 Deep Learning for AI/images_OBJ056/OBJ056_092.jpg,OBJ056,False,92,OBJ056,train
IE7615 Deep Learning for AI/images_OBJ056/OBJ056_093.jpg,OBJ056,False,93,OBJ056,train
IE7615 Deep Learning for AI/images_OBJ056/OBJ056_094.jpg,OBJ056,False,94,OBJ056,train
IE7615 Deep Learning for AI/images_OBJ056/OBJ056_095.jpg,OBJ056,False,95,OBJ056,train
IE7615 Deep Learning for AI/images_OBJ056/OBJ056_bg_001.jpg,OBJ056,True,1,no_object,train
IE7615 Deep Learning for AI/images_OBJ056/OBJ056_bg_002.jpg,OBJ056,True,2,no_object,train
IE7615 Deep Learning for AI/images_OBJ056/OBJ056_bg_003.jpg,OBJ056,True,3,no_object,train
IE7615 Deep Learning for AI/images_OBJ056/OBJ056_bg_004.jpg,OBJ056,True,4,no_object,train
IE7615 Deep Learning for AI/images_OBJ056/OBJ056_bg_005.jpg,OBJ056,True,5,no_object,train
IE7615 Deep Learning for AI/images_OBJ057/OBJ057_001.jpg,OBJ057,False,1,OBJ057,train
IE7615 Deep Learning for AI/images_OBJ057/OBJ057_002.jpg,OBJ057,False,2,OBJ057,train
IE7615 Deep Learning for AI/images_OBJ057/OBJ057_003.jpg,OBJ057,False,3,OBJ057,train
IE7615 Deep Learning for AI/images_OBJ057/OBJ057_004.jpg,OBJ057,False,4,OBJ057,train
IE7615 Deep Learning for AI/images_OBJ057/OBJ057_005.jpg,OBJ057,False,5,OBJ057,train
IE7615 Deep Learning for AI/images_OBJ057/OBJ057_006.jpg,OBJ057,False,6,OBJ057,train
IE7615 Deep Learning for AI/images_OBJ057/OBJ057_007.jpg,OBJ057,False,7,OBJ057,train
IE7615 Deep Learning for AI/images_OBJ057/OBJ057_008.jpg,OBJ057,False,8,OBJ057,train
IE7615 Deep Learning for AI/images_OBJ057/OBJ057_009.jpg,OBJ057,False,9,OBJ057,train
IE7615 Deep Learning for AI/images_OBJ057/OBJ057_010.jpg,OBJ057,False,10,OBJ057,train
IE7615 Deep Learning for AI/images_OBJ057/OBJ057_011.jpg,OBJ057,False,11,OBJ057,val
IE7615 Deep Learning for AI/images_OBJ057/OBJ057_012.jpg,OBJ057,False,12,OBJ057,val
IE7615 Deep Learning for AI/images_OBJ057/OBJ057_013.jpg,OBJ057,False,13,OBJ057,val
IE7615 Deep Learning for AI/images_OBJ057/OBJ057_014.jpg,OBJ057,False,14,OBJ057,val
IE7615 Deep Learning for AI/images_OBJ057/OBJ057_015.jpg,OBJ057,False,15,OBJ057,val
IE7615 Deep Learning for AI/images_OBJ057/OBJ057_016.jpg,OBJ057,False,16,OBJ057,test
IE7615 Deep Learning for AI/images_OBJ057/OBJ057_017.jpg,OBJ057,False,17,OBJ057,test
IE7615 Deep Learning for AI/images_OBJ057/OBJ057_018.jpg,OBJ057,False,18,OBJ057,test
IE7615 Deep Learning for AI/images_OBJ057/OBJ057_019.jpg,OBJ057,False,19,OBJ057,test
IE7615 Deep Learning for AI/images_OBJ057/OBJ057_020.jpg,OBJ057,False,20,OBJ057,test
IE7615 Deep Learning for AI/images_OBJ057/OBJ057_021.jpg,OBJ057,False,21,OBJ057,train
IE7615 Deep Learning for AI/images_OBJ057/OBJ057_022.jpg,OBJ057,False,22,OBJ057,train
IE7615 Deep Learning for AI/images_OBJ057/OBJ057_023.jpg,OBJ057,False,23,OBJ057,train
IE7615 Deep Learning for AI/images_OBJ057/OBJ057_024.jpg,OBJ057,False,24,OBJ057,train
IE7615 Deep Learning for AI/images_OBJ057/OBJ057_025.jpg,OBJ057,False,25,OBJ057,train
IE7615 Deep Learning for AI/images_OBJ057/OBJ057_026.jpg,OBJ057,False,26,OBJ057,train
IE7615 Deep Learning for AI/images_OBJ057/OBJ057_027.jpg,OBJ057,False,27,OBJ057,train
IE7615 Deep Learning for AI/images_OBJ057/OBJ057_028.jpg,OBJ057,False,28,OBJ057,train
IE7615 Deep Learning for AI/images_OBJ057/OBJ057_029.jpg,OBJ057,False,29,OBJ057,train
IE7615 Deep Learning for AI/images_OBJ057/OBJ057_030.jpg,OBJ057,False,30,OBJ057,train
IE7615 Deep Learning for AI/images_OBJ057/OBJ057_031.jpg,OBJ057,False,31,OBJ057,val
IE7615 Deep Learning for AI/images_OBJ057/OBJ057_032.jpg,OBJ057,False,32,OBJ057,val
IE7615 Deep Learning for AI/images_OBJ057/OBJ057_033.jpg,OBJ057,False,33,OBJ057,val
IE7615 Deep Learning for AI/images_OBJ057/OBJ057_034.jpg,OBJ057,False,34,OBJ057,val
IE7615 Deep Learning for AI/images_OBJ057/OBJ057_035.jpg,OBJ057,False,35,OBJ057,val
IE7615 Deep Learning for AI/images_OBJ057/OBJ057_036.jpg,OBJ057,False,36,OBJ057,test
IE7615 Deep Learning for AI/images_OBJ057/OBJ057_037.jpg,OBJ057,False,37,OBJ057,test
IE7615 Deep Learning for AI/images_OBJ057/OBJ057_038.jpg,OBJ057,False,38,OBJ057,test
IE7615 Deep Learning for AI/images_OBJ057/OBJ057_039.jpg,OBJ057,False,39,OBJ057,test
IE7615 Deep Learning for AI/images_OBJ057/OBJ057_040.jpg,OBJ057,False,40,OBJ057,test
IE7615 Deep Learning for AI/images_OBJ057/OBJ057_041.jpg,OBJ057,False,41,OBJ057,train
IE7615 Deep Learning for AI/images_OBJ057/OBJ057_042.jpg,OBJ057,False,42,OBJ057,train
IE7615 Deep Learning for AI/images_OBJ057/OBJ057_043.jpg,OBJ057,False,43,OBJ057,train
IE7615 Deep Learning for AI/images_OBJ057/OBJ057_044.jpg,OBJ057,False,44,OBJ057,train
IE7615 Deep Learning for AI/images_OBJ057/OBJ057_045.jpg,OBJ057,False,45,OBJ057,train
IE7615 Deep Learning for AI/images_OBJ057/OBJ057_046.jpg,OBJ057,False,46,OBJ057,train
IE7615 Deep Learning for AI/images_OBJ057/OBJ057_047.jpg,OBJ057,False,47,OBJ057,train
IE7615 Deep Learning for AI/images_OBJ057/OBJ057_048.jpg,OBJ057,False,48,OBJ057,train
IE7615 Deep Learning for AI/images_OBJ057/OBJ057_049.jpg,OBJ057,False,49,OBJ057,train
IE7615 Deep Learning for AI/images_OBJ057/OBJ057_050.jpg,OBJ057,False,50,OBJ057,train
IE7615 Deep Learning for AI/images_OBJ057/OBJ057_051.jpg,OBJ057,False,51,OBJ057,train
IE7615 Deep Learning for AI/images_OBJ057/OBJ057_052.jpg,OBJ057,False,52,OBJ057,train
IE7615 Deep Learning for AI/images_OBJ057/OBJ057_053.jpg,OBJ057,False,53,OBJ057,train
IE7615 Deep Learning for AI/images_OBJ057/OBJ057_054.jpg,OBJ057,False,54,OBJ057,train
IE7615 Deep Learning for AI/images_OBJ057/OBJ057_055.jpg,OBJ057,False,55,OBJ057,train
IE7615 Deep Learning for AI/images_OBJ057/OBJ057_056.jpg,OBJ057,False,56,OBJ057,train
IE7615 Deep Learning for AI/images_OBJ057/OBJ057_057.jpg,OBJ057,False,57,OBJ057,train
IE7615 Deep Learning for AI/images_OBJ057/OBJ057_058.jpg,OBJ057,False,58,OBJ057,train
IE7615 Deep Learning for AI/images_OBJ057/OBJ057_059.jpg,OBJ057,False,59,OBJ057,train
IE7615 Deep Learning for AI/images_OBJ057/OBJ057_060.jpg,OBJ057,False,60,OBJ057,train
IE7615 Deep Learning for AI/images_OBJ057/OBJ057_061.jpg,OBJ057,False,61,OBJ057,train
IE7615 Deep Learning for AI/images_OBJ057/OBJ057_062.jpg,OBJ057,False,62,OBJ057,train
IE7615 Deep Learning for AI/images_OBJ057/OBJ057_063.jpg,OBJ057,False,63,OBJ057,train
IE7615 Deep Learning for AI/images_OBJ057/OBJ057_064.jpg,OBJ057,False,64,OBJ057,train
IE7615 Deep Learning for AI/images_OBJ057/OBJ057_065.jpg,OBJ057,False,65,OBJ057,train
IE7615 Deep Learning for AI/images_OBJ057/OBJ057_066.jpg,OBJ057,False,66,OBJ057,train
IE7615 Deep Learning for AI/images_OBJ057/OBJ057_067.jpg,OBJ057,False,67,OBJ057,train
IE7615 Deep Learning for AI/images_OBJ057/OBJ057_068.jpg,OBJ057,False,68,OBJ057,train
IE7615 Deep Learning for AI/images_OBJ057/OBJ057_069.jpg,OBJ057,False,69,OBJ057,train
IE7615 Deep Learning for AI/images_OBJ057/OBJ057_070.jpg,OBJ057,False,70,OBJ057,train
IE7615 Deep Learning for AI/images_OBJ057/OBJ057_071.jpg,OBJ057,False,71,OBJ057,test
IE7615 Deep Learning for AI/images_OBJ057/OBJ057_072.jpg,OBJ057,False,72,OBJ057,test
IE7615 Deep Learning for AI/images_OBJ057/OBJ057_073.jpg,OBJ057,False,73,OBJ057,test
IE7615 Deep Learning for AI/images_OBJ057/OBJ057_074.jpg,OBJ057,False,74,OBJ057,test
IE7615 Deep Learning for AI/images_OBJ057/OBJ057_075.jpg,OBJ057,False,75,OBJ057,test
IE7615 Deep Learning for AI/images_OBJ057/OBJ057_076.jpg,OBJ057,False,76,OBJ057,train
IE7615 Deep Learning for AI/images_OBJ057/OBJ057_077.jpg,OBJ057,False,77,OBJ057,train
IE7615 Deep Learning for AI/images_OBJ057/OBJ057_078.jpg,OBJ057,False,78,OBJ057,train
IE7615 Deep Learning for AI/images_OBJ057/OBJ057_079.jpg,OBJ057,False,79,OBJ057,train
IE7615 Deep Learning for AI/images_OBJ057/OBJ057_080.jpg,OBJ057,False,80,OBJ057,train
IE7615 Deep Learning for AI/images_OBJ057/OBJ057_081.jpg,OBJ057,False,81,OBJ057,train
IE7615 Deep Learning for AI/images_OBJ057/OBJ057_082.jpg,OBJ057,False,82,OBJ057,train
IE7615 Deep Learning for AI/images_OBJ057/OBJ057_083.jpg,OBJ057,False,83,OBJ057,train
IE7615 Deep Learning for AI/images_OBJ057/OBJ057_084.jpg,OBJ057,False,84,OBJ057,train
IE7615 Deep Learning for AI/images_OBJ057/OBJ057_085.jpg,OBJ057,False,85,OBJ057,train
IE7615 Deep Learning for AI/images_OBJ057/OBJ057_086.jpg,OBJ057,False,86,OBJ057,train
IE7615 Deep Learning for AI/images_OBJ057/OBJ057_087.jpg,OBJ057,False,87,OBJ057,train
IE7615 Deep Learning for AI/images_OBJ057/OBJ057_088.jpg,OBJ057,False,88,OBJ057,train
IE7615 Deep Learning for AI/images_OBJ057/OBJ057_089.jpg,OBJ057,False,89,OBJ057,train
IE7615 Deep Learning for AI/images_OBJ057/OBJ057_090.jpg,OBJ057,False,90,OBJ057,train
IE7615 Deep Learning for AI/images_OBJ057/OBJ057_091.jpg,OBJ057,False,91,OBJ057,val
IE7615 Deep Learning for AI/images_OBJ057/OBJ057_092.jpg,OBJ057,False,92,OBJ057,val
IE7615 Deep Learning for AI/images_OBJ057/OBJ057_093.jpg,OBJ057,False,93,OBJ057,val
IE7615 Deep Learning for AI/images_OBJ057/OBJ057_094.jpg,OBJ057,False,94,OBJ057,val
IE7615 Deep Learning for AI/images_OBJ057/OBJ057_095.jpg,OBJ057,False,95,OBJ057,val
IE7615 Deep Learning for AI/images_OBJ057/OBJ057_bg_001.jpg,OBJ057,True,1,no_object,test
IE7615 Deep Learning for AI/images_OBJ057/OBJ057_bg_002.jpg,OBJ057,True,2,no_object,test
IE7615 Deep Learning for AI/images_OBJ057/OBJ057_bg_003.jpg,OBJ057,True,3,no_object,test
IE7615 Deep Learning for AI/images_OBJ057/OBJ057_bg_004.jpg,OBJ057,True,4,no_object,test
IE7615 Deep Learning for AI/images_OBJ057/OBJ057_bg_005.jpg,OBJ057,True,5,no_object,test
IE7615 Deep Learning for AI/images_OBJ058/OBJ058_001.jpg,OBJ058,False,1,OBJ058,train
IE7615 Deep Learning for AI/images_OBJ058/OBJ058_002.jpg,OBJ058,False,2,OBJ058,train
IE7615 Deep Learning for AI/images_OBJ058/OBJ058_003.jpg,OBJ058,False,3,OBJ058,train
IE7615 Deep Learning for AI/images_OBJ058/OBJ058_004.jpg,OBJ058,False,4,OBJ058,train
IE7615 Deep Learning for AI/images_OBJ058/OBJ058_005.jpg,OBJ058,False,5,OBJ058,train
IE7615 Deep Learning for AI/images_OBJ058/OBJ058_006.jpg,OBJ058,False,6,OBJ058,test
IE7615 Deep Learning for AI/images_OBJ058/OBJ058_007.jpg,OBJ058,False,7,OBJ058,test
IE7615 Deep Learning for AI/images_OBJ058/OBJ058_008.jpg,OBJ058,False,8,OBJ058,test
IE7615 Deep Learning for AI/images_OBJ058/OBJ058_009.jpg,OBJ058,False,9,OBJ058,test
IE7615 Deep Learning for AI/images_OBJ058/OBJ058_010.jpg,OBJ058,False,10,OBJ058,test
IE7615 Deep Learning for AI/images_OBJ058/OBJ058_011.jpg,OBJ058,False,11,OBJ058,val
IE7615 Deep Learning for AI/images_OBJ058/OBJ058_012.jpg,OBJ058,False,12,OBJ058,val
IE7615 Deep Learning for AI/images_OBJ058/OBJ058_013.jpg,OBJ058,False,13,OBJ058,val
IE7615 Deep Learning for AI/images_OBJ058/OBJ058_014.jpg,OBJ058,False,14,OBJ058,val
IE7615 Deep Learning for AI/images_OBJ058/OBJ058_015.jpg,OBJ058,False,15,OBJ058,val
IE7615 Deep Learning for AI/images_OBJ058/OBJ058_016.jpg,OBJ058,False,16,OBJ058,test
IE7615 Deep Learning for AI/images_OBJ058/OBJ058_017.jpg,OBJ058,False,17,OBJ058,test
IE7615 Deep Learning for AI/images_OBJ058/OBJ058_018.jpg,OBJ058,False,18,OBJ058,test
IE7615 Deep Learning for AI/images_OBJ058/OBJ058_019.jpg,OBJ058,False,19,OBJ058,test
IE7615 Deep Learning for AI/images_OBJ058/OBJ058_020.jpg,OBJ058,False,20,OBJ058,test
IE7615 Deep Learning for AI/images_OBJ058/OBJ058_021.jpg,OBJ058,False,21,OBJ058,train
IE7615 Deep Learning for AI/images_OBJ058/OBJ058_022.jpg,OBJ058,False,22,OBJ058,train
IE7615 Deep Learning for AI/images_OBJ058/OBJ058_023.jpg,OBJ058,False,23,OBJ058,train
IE7615 Deep Learning for AI/images_OBJ058/OBJ058_024.jpg,OBJ058,False,24,OBJ058,train
IE7615 Deep Learning for AI/images_OBJ058/OBJ058_025.jpg,OBJ058,False,25,OBJ058,train
IE7615 Deep Learning for AI/images_OBJ058/OBJ058_026.jpg,OBJ058,False,26,OBJ058,val
IE7615 Deep Learning for AI/images_OBJ058/OBJ058_027.jpg,OBJ058,False,27,OBJ058,val
IE7615 Deep Learning for AI/images_OBJ058/OBJ058_028.jpg,OBJ058,False,28,OBJ058,val
IE7615 Deep Learning for AI/images_OBJ058/OBJ058_029.jpg,OBJ058,False,29,OBJ058,val
IE7615 Deep Learning for AI/images_OBJ058/OBJ058_030.jpg,OBJ058,False,30,OBJ058,val
IE7615 Deep Learning for AI/images_OBJ058/OBJ058_031.jpg,OBJ058,False,31,OBJ058,train
IE7615 Deep Learning for AI/images_OBJ058/OBJ058_032.jpg,OBJ058,False,32,OBJ058,train
IE7615 Deep Learning for AI/images_OBJ058/OBJ058_033.jpg,OBJ058,False,33,OBJ058,train
IE7615 Deep Learning for AI/images_OBJ058/OBJ058_034.jpg,OBJ058,False,34,OBJ058,train
IE7615 Deep Learning for AI/images_OBJ058/OBJ058_035.jpg,OBJ058,False,35,OBJ058,train
IE7615 Deep Learning for AI/images_OBJ058/OBJ058_036.jpg,OBJ058,False,36,OBJ058,train
IE7615 Deep Learning for AI/images_OBJ058/OBJ058_037.jpg,OBJ058,False,37,OBJ058,train
IE7615 Deep Learning for AI/images_OBJ058/OBJ058_038.jpg,OBJ058,False,38,OBJ058,train
IE7615 Deep Learning for AI/images_OBJ058/OBJ058_039.jpg,OBJ058,False,39,OBJ058,train
IE7615 Deep Learning for AI/images_OBJ058/OBJ058_040.jpg,OBJ058,False,40,OBJ058,train
IE7615 Deep Learning for AI/images_OBJ058/OBJ058_041.jpg,OBJ058,False,41,OBJ058,train
IE7615 Deep Learning for AI/images_OBJ058/OBJ058_042.jpg,OBJ058,False,42,OBJ058,train
IE7615 Deep Learning for AI/images_OBJ058/OBJ058_043.jpg,OBJ058,False,43,OBJ058,train
IE7615 Deep Learning for AI/images_OBJ058/OBJ058_044.jpg,OBJ058,False,44,OBJ058,train
IE7615 Deep Learning for AI/images_OBJ058/OBJ058_045.jpg,OBJ058,False,45,OBJ058,train
IE7615 Deep Learning for AI/images_OBJ058/OBJ058_046.jpg,OBJ058,False,46,OBJ058,test
IE7615 Deep Learning for AI/images_OBJ058/OBJ058_047.jpg,OBJ058,False,47,OBJ058,test
IE7615 Deep Learning for AI/images_OBJ058/OBJ058_048.jpg,OBJ058,False,48,OBJ058,test
IE7615 Deep Learning for AI/images_OBJ058/OBJ058_049.jpg,OBJ058,False,49,OBJ058,test
IE7615 Deep Learning for AI/images_OBJ058/OBJ058_050.jpg,OBJ058,False,50,OBJ058,test
IE7615 Deep Learning for AI/images_OBJ058/OBJ058_051.jpg,OBJ058,False,51,OBJ058,train
IE7615 Deep Learning for AI/images_OBJ058/OBJ058_052.jpg,OBJ058,False,52,OBJ058,train
IE7615 Deep Learning for AI/images_OBJ058/OBJ058_053.jpg,OBJ058,False,53,OBJ058,train
IE7615 Deep Learning for AI/images_OBJ058/OBJ058_054.jpg,OBJ058,False,54,OBJ058,train
IE7615 Deep Learning for AI/images_OBJ058/OBJ058_055.jpg,OBJ058,False,55,OBJ058,train
IE7615 Deep Learning for AI/images_OBJ058/OBJ058_056.jpg,OBJ058,False,56,OBJ058,train
IE7615 Deep Learning for AI/images_OBJ058/OBJ058_057.jpg,OBJ058,False,57,OBJ058,train
IE7615 Deep Learning for AI/images_OBJ058/OBJ058_058.jpg,OBJ058,False,58,OBJ058,train
IE7615 Deep Learning for AI/images_OBJ058/OBJ058_059.jpg,OBJ058,False,59,OBJ058,train
IE7615 Deep Learning for AI/images_OBJ058/OBJ058_060.jpg,OBJ058,False,60,OBJ058,train
IE7615 Deep Learning for AI/images_OBJ058/OBJ058_061.jpg,OBJ058,False,61,OBJ058,train
IE7615 Deep Learning for AI/images_OBJ058/OBJ058_062.jpg,OBJ058,False,62,OBJ058,train
IE7615 Deep Learning for AI/images_OBJ058/OBJ058_063.jpg,OBJ058,False,63,OBJ058,train
IE7615 Deep Learning for AI/images_OBJ058/OBJ058_064.jpg,OBJ058,False,64,OBJ058,train
IE7615 Deep Learning for AI/images_OBJ058/OBJ058_065.jpg,OBJ058,False,65,OBJ058,train
IE7615 Deep Learning for AI/images_OBJ058/OBJ058_066.jpg,OBJ058,False,66,OBJ058,train
IE7615 Deep Learning for AI/images_OBJ058/OBJ058_067.jpg,OBJ058,False,67,OBJ058,train
IE7615 Deep Learning for AI/images_OBJ058/OBJ058_068.jpg,OBJ058,False,68,OBJ058,train
IE7615 Deep Learning for AI/images_OBJ058/OBJ058_069.jpg,OBJ058,False,69,OBJ058,train
IE7615 Deep Learning for AI/images_OBJ058/OBJ058_070.jpg,OBJ058,False,70,OBJ058,train
IE7615 Deep Learning for AI/images_OBJ058/OBJ058_071.jpg,OBJ058,False,71,OBJ058,train
IE7615 Deep Learning for AI/images_OBJ058/OBJ058_072.jpg,OBJ058,False,72,OBJ058,train
IE7615 Deep Learning for AI/images_OBJ058/OBJ058_073.jpg,OBJ058,False,73,OBJ058,train
IE7615 Deep Learning for AI/images_OBJ058/OBJ058_074.jpg,OBJ058,False,74,OBJ058,train
IE7615 Deep Learning for AI/images_OBJ058/OBJ058_075.jpg,OBJ058,False,75,OBJ058,train
IE7615 Deep Learning for AI/images_OBJ058/OBJ058_076.jpg,OBJ058,False,76,OBJ058,val
IE7615 Deep Learning for AI/images_OBJ058/OBJ058_077.jpg,OBJ058,False,77,OBJ058,val
IE7615 Deep Learning for AI/images_OBJ058/OBJ058_078.jpg,OBJ058,False,78,OBJ058,val
IE7615 Deep Learning for AI/images_OBJ058/OBJ058_079.jpg,OBJ058,False,79,OBJ058,val
IE7615 Deep Learning for AI/images_OBJ058/OBJ058_080.jpg,OBJ058,False,80,OBJ058,val
IE7615 Deep Learning for AI/images_OBJ058/OBJ058_081.jpg,OBJ058,False,81,OBJ058,train
IE7615 Deep Learning for AI/images_OBJ058/OBJ058_082.jpg,OBJ058,False,82,OBJ058,train
IE7615 Deep Learning for AI/images_OBJ058/OBJ058_083.jpg,OBJ058,False,83,OBJ058,train
IE7615 Deep Learning for AI/images_OBJ058/OBJ058_084.jpg,OBJ058,False,84,OBJ058,train
IE7615 Deep Learning for AI/images_OBJ058/OBJ058_085.jpg,OBJ058,False,85,OBJ058,train
IE7615 Deep Learning for AI/images_OBJ058/OBJ058_086.jpg,OBJ058,False,86,OBJ058,train
IE7615 Deep Learning for AI/images_OBJ058/OBJ058_087.jpg,OBJ058,False,87,OBJ058,train
IE7615 Deep Learning for AI/images_OBJ058/OBJ058_088.jpg,OBJ058,False,88,OBJ058,train
IE7615 Deep Learning for AI/images_OBJ058/OBJ058_089.jpg,OBJ058,False,89,OBJ058,train
IE7615 Deep Learning for AI/images_OBJ058/OBJ058_090.jpg,OBJ058,False,90,OBJ058,train
IE7615 Deep Learning for AI/images_OBJ058/OBJ058_091.jpg,OBJ058,False,91,OBJ058,train
IE7615 Deep Learning for AI/images_OBJ058/OBJ058_092.jpg,OBJ058,False,92,OBJ058,train
IE7615 Deep Learning for AI/images_OBJ058/OBJ058_093.jpg,OBJ058,False,93,OBJ058,train
IE7615 Deep Learning for AI/images_OBJ058/OBJ058_094.jpg,OBJ058,False,94,OBJ058,train
IE7615 Deep Learning for AI/images_OBJ058/OBJ058_095.jpg,OBJ058,False,95,OBJ058,train
IE7615 Deep Learning for AI/images_OBJ058/OBJ058_bg_001.jpg,OBJ058,True,1,no_object,train
IE7615 Deep Learning for AI/images_OBJ058/OBJ058_bg_002.jpg,OBJ058,True,2,no_object,train
IE7615 Deep Learning for AI/images_OBJ058/OBJ058_bg_003.jpg,OBJ058,True,3,no_object,train
IE7615 Deep Learning for AI/images_OBJ058/OBJ058_bg_004.jpg,OBJ058,True,4,no_object,train
IE7615 Deep Learning for AI/images_OBJ058/OBJ058_bg_005.jpg,OBJ058,True,5,no_object,train
IE7615 Deep Learning for AI/images_OBJ059/OBJ059_001.jpg,OBJ059,False,1,OBJ059,train
IE7615 Deep Learning for AI/images_OBJ059/OBJ059_002.jpg,OBJ059,False,2,OBJ059,train
IE7615 Deep Learning for AI/images_OBJ059/OBJ059_003.jpg,OBJ059,False,3,OBJ059,train
IE7615 Deep Learning for AI/images_OBJ059/OBJ059_004.jpg,OBJ059,False,4,OBJ059,train
IE7615 Deep Learning for AI/images_OBJ059/OBJ059_005.jpg,OBJ059,False,5,OBJ059,train
IE7615 Deep Learning for AI/images_OBJ059/OBJ059_006.jpg,OBJ059,False,6,OBJ059,train
IE7615 Deep Learning for AI/images_OBJ059/OBJ059_007.jpg,OBJ059,False,7,OBJ059,train
IE7615 Deep Learning for AI/images_OBJ059/OBJ059_008.jpg,OBJ059,False,8,OBJ059,train
IE7615 Deep Learning for AI/images_OBJ059/OBJ059_009.jpg,OBJ059,False,9,OBJ059,train
IE7615 Deep Learning for AI/images_OBJ059/OBJ059_010.jpg,OBJ059,False,10,OBJ059,train
IE7615 Deep Learning for AI/images_OBJ059/OBJ059_011.jpg,OBJ059,False,11,OBJ059,train
IE7615 Deep Learning for AI/images_OBJ059/OBJ059_012.jpg,OBJ059,False,12,OBJ059,train
IE7615 Deep Learning for AI/images_OBJ059/OBJ059_013.jpg,OBJ059,False,13,OBJ059,train
IE7615 Deep Learning for AI/images_OBJ059/OBJ059_014.jpg,OBJ059,False,14,OBJ059,train
IE7615 Deep Learning for AI/images_OBJ059/OBJ059_015.jpg,OBJ059,False,15,OBJ059,train
IE7615 Deep Learning for AI/images_OBJ059/OBJ059_016.jpg,OBJ059,False,16,OBJ059,train
IE7615 Deep Learning for AI/images_OBJ059/OBJ059_017.jpg,OBJ059,False,17,OBJ059,train
IE7615 Deep Learning for AI/images_OBJ059/OBJ059_018.jpg,OBJ059,False,18,OBJ059,train
IE7615 Deep Learning for AI/images_OBJ059/OBJ059_019.jpg,OBJ059,False,19,OBJ059,train
IE7615 Deep Learning for AI/images_OBJ059/OBJ059_020.jpg,OBJ059,False,20,OBJ059,train
IE7615 Deep Learning for AI/images_OBJ059/OBJ059_021.jpg,OBJ059,False,21,OBJ059,test
IE7615 Deep Learning for AI/images_OBJ059/OBJ059_022.jpg,OBJ059,False,22,OBJ059,test
IE7615 Deep Learning for AI/images_OBJ059/OBJ059_023.jpg,OBJ059,False,23,OBJ059,test
IE7615 Deep Learning for AI/images_OBJ059/OBJ059_024.jpg,OBJ059,False,24,OBJ059,test
IE7615 Deep Learning for AI/images_OBJ059/OBJ059_025.jpg,OBJ059,False,25,OBJ059,test
IE7615 Deep Learning for AI/images_OBJ059/OBJ059_026.jpg,OBJ059,False,26,OBJ059,train
IE7615 Deep Learning for AI/images_OBJ059/OBJ059_027.jpg,OBJ059,False,27,OBJ059,train
IE7615 Deep Learning for AI/images_OBJ059/OBJ059_028.jpg,OBJ059,False,28,OBJ059,train
IE7615 Deep Learning for AI/images_OBJ059/OBJ059_029.jpg,OBJ059,False,29,OBJ059,train
IE7615 Deep Learning for AI/images_OBJ059/OBJ059_030.jpg,OBJ059,False,30,OBJ059,train
IE7615 Deep Learning for AI/images_OBJ059/OBJ059_031.jpg,OBJ059,False,31,OBJ059,val
IE7615 Deep Learning for AI/images_OBJ059/OBJ059_032.jpg,OBJ059,False,32,OBJ059,val
IE7615 Deep Learning for AI/images_OBJ059/OBJ059_033.jpg,OBJ059,False,33,OBJ059,val
IE7615 Deep Learning for AI/images_OBJ059/OBJ059_034.jpg,OBJ059,False,34,OBJ059,val
IE7615 Deep Learning for AI/images_OBJ059/OBJ059_035.jpg,OBJ059,False,35,OBJ059,val
IE7615 Deep Learning for AI/images_OBJ059/OBJ059_036.jpg,OBJ059,False,36,OBJ059,val
IE7615 Deep Learning for AI/images_OBJ059/OBJ059_037.jpg,OBJ059,False,37,OBJ059,val
IE7615 Deep Learning for AI/images_OBJ059/OBJ059_038.jpg,OBJ059,False,38,OBJ059,val
IE7615 Deep Learning for AI/images_OBJ059/OBJ059_039.jpg,OBJ059,False,39,OBJ059,val
IE7615 Deep Learning for AI/images_OBJ059/OBJ059_040.jpg,OBJ059,False,40,OBJ059,val
IE7615 Deep Learning for AI/images_OBJ059/OBJ059_041.jpg,OBJ059,False,41,OBJ059,test
IE7615 Deep Learning for AI/images_OBJ059/OBJ059_042.jpg,OBJ059,False,42,OBJ059,test
IE7615 Deep Learning for AI/images_OBJ059/OBJ059_043.jpg,OBJ059,False,43,OBJ059,test
IE7615 Deep Learning for AI/images_OBJ059/OBJ059_044.jpg,OBJ059,False,44,OBJ059,test
IE7615 Deep Learning for AI/images_OBJ059/OBJ059_045.jpg,OBJ059,False,45,OBJ059,test
IE7615 Deep Learning for AI/images_OBJ059/OBJ059_046.jpg,OBJ059,False,46,OBJ059,train
IE7615 Deep Learning for AI/images_OBJ059/OBJ059_047.jpg,OBJ059,False,47,OBJ059,train
IE7615 Deep Learning for AI/images_OBJ059/OBJ059_048.jpg,OBJ059,False,48,OBJ059,train
IE7615 Deep Learning for AI/images_OBJ059/OBJ059_049.jpg,OBJ059,False,49,OBJ059,train
IE7615 Deep Learning for AI/images_OBJ059/OBJ059_050.jpg,OBJ059,False,50,OBJ059,train
IE7615 Deep Learning for AI/images_OBJ059/OBJ059_051.jpg,OBJ059,False,51,OBJ059,train
IE7615 Deep Learning for AI/images_OBJ059/OBJ059_052.jpg,OBJ059,False,52,OBJ059,train
IE7615 Deep Learning for AI/images_OBJ059/OBJ059_053.jpg,OBJ059,False,53,OBJ059,train
IE7615 Deep Learning for AI/images_OBJ059/OBJ059_054.jpg,OBJ059,False,54,OBJ059,train
IE7615 Deep Learning for AI/images_OBJ059/OBJ059_055.jpg,OBJ059,False,55,OBJ059,train
IE7615 Deep Learning for AI/images_OBJ059/OBJ059_056.jpg,OBJ059,False,56,OBJ059,train
IE7615 Deep Learning for AI/images_OBJ059/OBJ059_057.jpg,OBJ059,False,57,OBJ059,train
IE7615 Deep Learning for AI/images_OBJ059/OBJ059_058.jpg,OBJ059,False,58,OBJ059,train
IE7615 Deep Learning for AI/images_OBJ059/OBJ059_059.jpg,OBJ059,False,59,OBJ059,train
IE7615 Deep Learning for AI/images_OBJ059/OBJ059_060.jpg,OBJ059,False,60,OBJ059,train
IE7615 Deep Learning for AI/images_OBJ059/OBJ059_061.jpg,OBJ059,False,61,OBJ059,train
IE7615 Deep Learning for AI/images_OBJ059/OBJ059_062.jpg,OBJ059,False,62,OBJ059,train
IE7615 Deep Learning for AI/images_OBJ059/OBJ059_063.jpg,OBJ059,False,63,OBJ059,train
IE7615 Deep Learning for AI/images_OBJ059/OBJ059_064.jpg,OBJ059,False,64,OBJ059,train
IE7615 Deep Learning for AI/images_OBJ059/OBJ059_065.jpg,OBJ059,False,65,OBJ059,train
IE7615 Deep Learning for AI/images_OBJ059/OBJ059_066.jpg,OBJ059,False,66,OBJ059,test
IE7615 Deep Learning for AI/images_OBJ059/OBJ059_067.jpg,OBJ059,False,67,OBJ059,test
IE7615 Deep Learning for AI/images_OBJ059/OBJ059_068.jpg,OBJ059,False,68,OBJ059,test
IE7615 Deep Learning for AI/images_OBJ059/OBJ059_069.jpg,OBJ059,False,69,OBJ059,test
IE7615 Deep Learning for AI/images_OBJ059/OBJ059_070.jpg,OBJ059,False,70,OBJ059,test
IE7615 Deep Learning for AI/images_OBJ059/OBJ059_071.jpg,OBJ059,False,71,OBJ059,train
IE7615 Deep Learning for AI/images_OBJ059/OBJ059_072.jpg,OBJ059,False,72,OBJ059,train
IE7615 Deep Learning for AI/images_OBJ059/OBJ059_073.jpg,OBJ059,False,73,OBJ059,train
IE7615 Deep Learning for AI/images_OBJ059/OBJ059_074.jpg,OBJ059,False,74,OBJ059,train
IE7615 Deep Learning for AI/images_OBJ059/OBJ059_075.jpg,OBJ059,False,75,OBJ059,train
IE7615 Deep Learning for AI/images_OBJ059/OBJ059_076.jpg,OBJ059,False,76,OBJ059,train
IE7615 Deep Learning for AI/images_OBJ059/OBJ059_077.jpg,OBJ059,False,77,OBJ059,train
IE7615 Deep Learning for AI/images_OBJ059/OBJ059_078.jpg,OBJ059,False,78,OBJ059,train
IE7615 Deep Learning for AI/images_OBJ059/OBJ059_079.jpg,OBJ059,False,79,OBJ059,train
IE7615 Deep Learning for AI/images_OBJ059/OBJ059_080.jpg,OBJ059,False,80,OBJ059,train
IE7615 Deep Learning for AI/images_OBJ059/OBJ059_081.jpg,OBJ059,False,81,OBJ059,train
IE7615 Deep Learning for AI/images_OBJ059/OBJ059_082.jpg,OBJ059,False,82,OBJ059,train
IE7615 Deep Learning for AI/images_OBJ059/OBJ059_083.jpg,OBJ059,False,83,OBJ059,train
IE7615 Deep Learning for AI/images_OBJ059/OBJ059_084.jpg,OBJ059,False,84,OBJ059,train
IE7615 Deep Learning for AI/images_OBJ059/OBJ059_085.jpg,OBJ059,False,85,OBJ059,train
IE7615 Deep Learning for AI/images_OBJ059/OBJ059_086.jpg,OBJ059,False,86,OBJ059,val
IE7615 Deep Learning for AI/images_OBJ059/OBJ059_087.jpg,OBJ059,False,87,OBJ059,val
IE7615 Deep Learning for AI/images_OBJ059/OBJ059_088.jpg,OBJ059,False,88,OBJ059,val
IE7615 Deep Learning for AI/images_OBJ059/OBJ059_089.jpg,OBJ059,False,89,OBJ059,val
IE7615 Deep Learning for AI/images_OBJ059/OBJ059_090.jpg,OBJ059,False,90,OBJ059,val
IE7615 Deep Learning for AI/images_OBJ059/OBJ059_091.jpg,OBJ059,False,91,OBJ059,train
IE7615 Deep Learning for AI/images_OBJ059/OBJ059_092.jpg,OBJ059,False,92,OBJ059,train
IE7615 Deep Learning for AI/images_OBJ059/OBJ059_093.jpg,OBJ059,False,93,OBJ059,train
IE7615 Deep Learning for AI/images_OBJ059/OBJ059_094.jpg,OBJ059,False,94,OBJ059,train
IE7615 Deep Learning for AI/images_OBJ059/OBJ059_095.jpg,OBJ059,False,95,OBJ059,train
IE7615 Deep Learning for AI/images_OBJ059/OBJ059_bg_001.jpg,OBJ059,True,1,no_object,test
IE7615 Deep Learning for AI/images_OBJ059/OBJ059_bg_002.jpg,OBJ059,True,2,no_object,test
IE7615 Deep Learning for AI/images_OBJ059/OBJ059_bg_003.jpg,OBJ059,True,3,no_object,test
IE7615 Deep Learning for AI/images_OBJ059/OBJ059_bg_004.jpg,OBJ059,True,4,no_object,test
IE7615 Deep Learning for AI/images_OBJ059/OBJ059_bg_005.jpg,OBJ059,True,5,no_object,test
IE7615 Deep Learning for AI/images_OBJ060/OBJ060_1.JPG,OBJ060,False,1,OBJ060,train
IE7615 Deep Learning for AI/images_OBJ060/OBJ060_10.JPG,OBJ060,False,10,OBJ060,val
IE7615 Deep Learning for AI/images_OBJ060/OBJ060_11.JPG,OBJ060,False,11,OBJ060,train
IE7615 Deep Learning for AI/images_OBJ060/OBJ060_12.JPG,OBJ060,False,12,OBJ060,train
IE7615 Deep Learning for AI/images_OBJ060/OBJ060_13.JPG,OBJ060,False,13,OBJ060,train
IE7615 Deep Learning for AI/images_OBJ060/OBJ060_14.JPG,OBJ060,False,14,OBJ060,train
IE7615 Deep Learning for AI/images_OBJ060/OBJ060_15.JPG,OBJ060,False,15,OBJ060,train
IE7615 Deep Learning for AI/images_OBJ060/OBJ060_16.JPG,OBJ060,False,16,OBJ060,train
IE7615 Deep Learning for AI/images_OBJ060/OBJ060_17.JPG,OBJ060,False,17,OBJ060,train
IE7615 Deep Learning for AI/images_OBJ060/OBJ060_18.JPG,OBJ060,False,18,OBJ060,train
IE7615 Deep Learning for AI/images_OBJ060/OBJ060_19.JPG,OBJ060,False,19,OBJ060,train
IE7615 Deep Learning for AI/images_OBJ060/OBJ060_2.JPG,OBJ060,False,2,OBJ060,train
IE7615 Deep Learning for AI/images_OBJ060/OBJ060_20.JPG,OBJ060,False,20,OBJ060,train
IE7615 Deep Learning for AI/images_OBJ060/OBJ060_21.JPG,OBJ060,False,21,OBJ060,train
IE7615 Deep Learning for AI/images_OBJ060/OBJ060_22.JPG,OBJ060,False,22,OBJ060,train
IE7615 Deep Learning for AI/images_OBJ060/OBJ060_23.JPG,OBJ060,False,23,OBJ060,train
IE7615 Deep Learning for AI/images_OBJ060/OBJ060_24.JPG,OBJ060,False,24,OBJ060,train
IE7615 Deep Learning for AI/images_OBJ060/OBJ060_25.JPG,OBJ060,False,25,OBJ060,train
IE7615 Deep Learning for AI/images_OBJ060/OBJ060_26.JPG,OBJ060,False,26,OBJ060,train
IE7615 Deep Learning for AI/images_OBJ060/OBJ060_27.JPG,OBJ060,False,27,OBJ060,train
IE7615 Deep Learning for AI/images_OBJ060/OBJ060_28.JPG,OBJ060,False,28,OBJ060,train
IE7615 Deep Learning for AI/images_OBJ060/OBJ060_29.JPG,OBJ060,False,29,OBJ060,train
IE7615 Deep Learning for AI/images_OBJ060/OBJ060_3.JPG,OBJ060,False,3,OBJ060,train
IE7615 Deep Learning for AI/images_OBJ060/OBJ060_30.JPG,OBJ060,False,30,OBJ060,train
IE7615 Deep Learning for AI/images_OBJ060/OBJ060_31.JPG,OBJ060,False,31,OBJ060,train
IE7615 Deep Learning for AI/images_OBJ060/OBJ060_32.JPG,OBJ060,False,32,OBJ060,train
IE7615 Deep Learning for AI/images_OBJ060/OBJ060_33.JPG,OBJ060,False,33,OBJ060,train
IE7615 Deep Learning for AI/images_OBJ060/OBJ060_34.JPG,OBJ060,False,34,OBJ060,train
IE7615 Deep Learning for AI/images_OBJ060/OBJ060_35.JPG,OBJ060,False,35,OBJ060,train
IE7615 Deep Learning for AI/images_OBJ060/OBJ060_36.JPG,OBJ060,False,36,OBJ060,val
IE7615 Deep Learning for AI/images_OBJ060/OBJ060_37.JPG,OBJ060,False,37,OBJ060,val
IE7615 Deep Learning for AI/images_OBJ060/OBJ060_38.JPG,OBJ060,False,38,OBJ060,val
IE7615 Deep Learning for AI/images_OBJ060/OBJ060_39.JPG,OBJ060,False,39,OBJ060,val
IE7615 Deep Learning for AI/images_OBJ060/OBJ060_4.JPG,OBJ060,False,4,OBJ060,train
IE7615 Deep Learning for AI/images_OBJ060/OBJ060_40.JPG,OBJ060,False,40,OBJ060,val
IE7615 Deep Learning for AI/images_OBJ060/OBJ060_41.JPG,OBJ060,False,41,OBJ060,test
IE7615 Deep Learning for AI/images_OBJ060/OBJ060_42.JPG,OBJ060,False,42,OBJ060,test
IE7615 Deep Learning for AI/images_OBJ060/OBJ060_43.JPG,OBJ060,False,43,OBJ060,test
IE7615 Deep Learning for AI/images_OBJ060/OBJ060_44.JPG,OBJ060,False,44,OBJ060,test
IE7615 Deep Learning for AI/images_OBJ060/OBJ060_45.JPG,OBJ060,False,45,OBJ060,test
IE7615 Deep Learning for AI/images_OBJ060/OBJ060_46.JPG,OBJ060,False,46,OBJ060,train
IE7615 Deep Learning for AI/images_OBJ060/OBJ060_47.JPG,OBJ060,False,47,OBJ060,train
IE7615 Deep Learning for AI/images_OBJ060/OBJ060_48.JPG,OBJ060,False,48,OBJ060,train
IE7615 Deep Learning for AI/images_OBJ060/OBJ060_49.JPG,OBJ060,False,49,OBJ060,train
IE7615 Deep Learning for AI/images_OBJ060/OBJ060_5.JPG,OBJ060,False,5,OBJ060,train
IE7615 Deep Learning for AI/images_OBJ060/OBJ060_50.JPG,OBJ060,False,50,OBJ060,train
IE7615 Deep Learning for AI/images_OBJ060/OBJ060_51.JPG,OBJ060,False,51,OBJ060,train
IE7615 Deep Learning for AI/images_OBJ060/OBJ060_52.JPG,OBJ060,False,52,OBJ060,train
IE7615 Deep Learning for AI/images_OBJ060/OBJ060_53.JPG,OBJ060,False,53,OBJ060,train
IE7615 Deep Learning for AI/images_OBJ060/OBJ060_54.JPG,OBJ060,False,54,OBJ060,train
IE7615 Deep Learning for AI/images_OBJ060/OBJ060_55.JPG,OBJ060,False,55,OBJ060,train
IE7615 Deep Learning for AI/images_OBJ060/OBJ060_56.JPG,OBJ060,False,56,OBJ060,train
IE7615 Deep Learning for AI/images_OBJ060/OBJ060_57.JPG,OBJ060,False,57,OBJ060,train
IE7615 Deep Learning for AI/images_OBJ060/OBJ060_58.JPG,OBJ060,False,58,OBJ060,train
IE7615 Deep Learning for AI/images_OBJ060/OBJ060_59.JPG,OBJ060,False,59,OBJ060,train
IE7615 Deep Learning for AI/images_OBJ060/OBJ060_6.JPG,OBJ060,False,6,OBJ060,val
IE7615 Deep Learning for AI/images_OBJ060/OBJ060_60.JPG,OBJ060,False,60,OBJ060,train
IE7615 Deep Learning for AI/images_OBJ060/OBJ060_61.JPG,OBJ060,False,61,OBJ060,test
IE7615 Deep Learning for AI/images_OBJ060/OBJ060_62.JPG,OBJ060,False,62,OBJ060,test
IE7615 Deep Learning for AI/images_OBJ060/OBJ060_63.JPG,OBJ060,False,63,OBJ060,test
IE7615 Deep Learning for AI/images_OBJ060/OBJ060_64.JPG,OBJ060,False,64,OBJ060,test
IE7615 Deep Learning for AI/images_OBJ060/OBJ060_65.JPG,OBJ060,False,65,OBJ060,test
IE7615 Deep Learning for AI/images_OBJ060/OBJ060_66.JPG,OBJ060,False,66,OBJ060,train
IE7615 Deep Learning for AI/images_OBJ060/OBJ060_67.JPG,OBJ060,False,67,OBJ060,train
IE7615 Deep Learning for AI/images_OBJ060/OBJ060_68.JPG,OBJ060,False,68,OBJ060,train
IE7615 Deep Learning for AI/images_OBJ060/OBJ060_69.JPG,OBJ060,False,69,OBJ060,train
IE7615 Deep Learning for AI/images_OBJ060/OBJ060_7.JPG,OBJ060,False,7,OBJ060,val
IE7615 Deep Learning for AI/images_OBJ060/OBJ060_70.JPG,OBJ060,False,70,OBJ060,train
IE7615 Deep Learning for AI/images_OBJ060/OBJ060_71.JPG,OBJ060,False,71,OBJ060,test
IE7615 Deep Learning for AI/images_OBJ060/OBJ060_72.JPG,OBJ060,False,72,OBJ060,test
IE7615 Deep Learning for AI/images_OBJ060/OBJ060_73.JPG,OBJ060,False,73,OBJ060,test
IE7615 Deep Learning for AI/images_OBJ060/OBJ060_74.JPG,OBJ060,False,74,OBJ060,test
IE7615 Deep Learning for AI/images_OBJ060/OBJ060_75.JPG,OBJ060,False,75,OBJ060,test
IE7615 Deep Learning for AI/images_OBJ060/OBJ060_76.JPG,OBJ060,False,76,OBJ060,val
IE7615 Deep Learning for AI/images_OBJ060/OBJ060_77.JPG,OBJ060,False,77,OBJ060,val
IE7615 Deep Learning for AI/images_OBJ060/OBJ060_78.JPG,OBJ060,False,78,OBJ060,val
IE7615 Deep Learning for AI/images_OBJ060/OBJ060_79.JPG,OBJ060,False,79,OBJ060,val
IE7615 Deep Learning for AI/images_OBJ060/OBJ060_8.JPG,OBJ060,False,8,OBJ060,val
IE7615 Deep Learning for AI/images_OBJ060/OBJ060_80.JPG,OBJ060,False,80,OBJ060,val
IE7615 Deep Learning for AI/images_OBJ060/OBJ060_81.JPG,OBJ060,False,81,OBJ060,train
IE7615 Deep Learning for AI/images_OBJ060/OBJ060_82.JPG,OBJ060,False,82,OBJ060,train
IE7615 Deep Learning for AI/images_OBJ060/OBJ060_83.JPG,OBJ060,False,83,OBJ060,train
IE7615 Deep Learning for AI/images_OBJ060/OBJ060_84.JPG,OBJ060,False,84,OBJ060,train
IE7615 Deep Learning for AI/images_OBJ060/OBJ060_85.JPG,OBJ060,False,85,OBJ060,train
IE7615 Deep Learning for AI/images_OBJ060/OBJ060_86.JPG,OBJ060,False,86,OBJ060,train
IE7615 Deep Learning for AI/images_OBJ060/OBJ060_87.JPG,OBJ060,False,87,OBJ060,train
IE7615 Deep Learning for AI/images_OBJ060/OBJ060_88.JPG,OBJ060,False,88,OBJ060,train
IE7615 Deep Learning for AI/images_OBJ060/OBJ060_89.JPG,OBJ060,False,89,OBJ060,train
IE7615 Deep Learning for AI/images_OBJ060/OBJ060_9.JPG,OBJ060,False,9,OBJ060,val
IE7615 Deep Learning for AI/images_OBJ060/OBJ060_90.JPG,OBJ060,False,90,OBJ060,train
IE7615 Deep Learning for AI/images_OBJ060/OBJ060_91.JPG,OBJ060,False,91,OBJ060,train
IE7615 Deep Learning for AI/images_OBJ060/OBJ060_92.JPG,OBJ060,False,92,OBJ060,train
IE7615 Deep Learning for AI/images_OBJ060/OBJ060_93.JPG,OBJ060,False,93,OBJ060,train
IE7615 Deep Learning for AI/images_OBJ060/OBJ060_94.JPG,OBJ060,False,94,OBJ060,train
IE7615 Deep Learning for AI/images_OBJ060/OBJ060_95.JPG,OBJ060,False,95,OBJ060,train
IE7615 Deep Learning for AI/images_OBJ060/OBJ060_bg_001.JPG,OBJ060,True,1,no_object,val
IE7615 Deep Learning for AI/images_OBJ060/OBJ060_bg_2.JPG,OBJ060,True,2,no_object,val
IE7615 Deep Learning for AI/images_OBJ060/OBJ060_bg_3.JPG,OBJ060,True,3,no_object,val
IE7615 Deep Learning for AI/images_OBJ060/OBJ060_bg_4.JPG,OBJ060,True,4,no_object,val
IE7615 Deep Learning for AI/images_OBJ060/OBJ060_bg_5.JPG,OBJ060,True,5,no_object,val
IE7615 Deep Learning for AI/images_OBJ061/OBJ061_001.jpg,OBJ061,False,1,OBJ061,train
IE7615 Deep Learning for AI/images_OBJ061/OBJ061_002.jpg,OBJ061,False,2,OBJ061,train
IE7615 Deep Learning for AI/images_OBJ061/OBJ061_003.jpg,OBJ061,False,3,OBJ061,train
IE7615 Deep Learning for AI/images_OBJ061/OBJ061_004.jpg,OBJ061,False,4,OBJ061,train
IE7615 Deep Learning for AI/images_OBJ061/OBJ061_005.jpg,OBJ061,False,5,OBJ061,train
IE7615 Deep Learning for AI/images_OBJ061/OBJ061_006.jpg,OBJ061,False,6,OBJ061,test
IE7615 Deep Learning for AI/images_OBJ061/OBJ061_007.jpg,OBJ061,False,7,OBJ061,test
IE7615 Deep Learning for AI/images_OBJ061/OBJ061_008.jpg,OBJ061,False,8,OBJ061,test
IE7615 Deep Learning for AI/images_OBJ061/OBJ061_009.jpg,OBJ061,False,9,OBJ061,test
IE7615 Deep Learning for AI/images_OBJ061/OBJ061_010.jpg,OBJ061,False,10,OBJ061,test
IE7615 Deep Learning for AI/images_OBJ061/OBJ061_011.jpg,OBJ061,False,11,OBJ061,val
IE7615 Deep Learning for AI/images_OBJ061/OBJ061_012.jpg,OBJ061,False,12,OBJ061,val
IE7615 Deep Learning for AI/images_OBJ061/OBJ061_013.jpg,OBJ061,False,13,OBJ061,val
IE7615 Deep Learning for AI/images_OBJ061/OBJ061_014.jpg,OBJ061,False,14,OBJ061,val
IE7615 Deep Learning for AI/images_OBJ061/OBJ061_015.jpg,OBJ061,False,15,OBJ061,val
IE7615 Deep Learning for AI/images_OBJ061/OBJ061_016.jpg,OBJ061,False,16,OBJ061,val
IE7615 Deep Learning for AI/images_OBJ061/OBJ061_017.jpg,OBJ061,False,17,OBJ061,val
IE7615 Deep Learning for AI/images_OBJ061/OBJ061_018.jpg,OBJ061,False,18,OBJ061,val
IE7615 Deep Learning for AI/images_OBJ061/OBJ061_019.jpg,OBJ061,False,19,OBJ061,val
IE7615 Deep Learning for AI/images_OBJ061/OBJ061_020.jpg,OBJ061,False,20,OBJ061,val
IE7615 Deep Learning for AI/images_OBJ061/OBJ061_021.jpg,OBJ061,False,21,OBJ061,train
IE7615 Deep Learning for AI/images_OBJ061/OBJ061_022.jpg,OBJ061,False,22,OBJ061,train
IE7615 Deep Learning for AI/images_OBJ061/OBJ061_023.jpg,OBJ061,False,23,OBJ061,train
IE7615 Deep Learning for AI/images_OBJ061/OBJ061_024.jpg,OBJ061,False,24,OBJ061,train
IE7615 Deep Learning for AI/images_OBJ061/OBJ061_025.jpg,OBJ061,False,25,OBJ061,train
IE7615 Deep Learning for AI/images_OBJ061/OBJ061_026.jpg,OBJ061,False,26,OBJ061,test
IE7615 Deep Learning for AI/images_OBJ061/OBJ061_027.jpg,OBJ061,False,27,OBJ061,test
IE7615 Deep Learning for AI/images_OBJ061/OBJ061_028.jpg,OBJ061,False,28,OBJ061,test
IE7615 Deep Learning for AI/images_OBJ061/OBJ061_029.jpg,OBJ061,False,29,OBJ061,test
IE7615 Deep Learning for AI/images_OBJ061/OBJ061_030.jpg,OBJ061,False,30,OBJ061,test
IE7615 Deep Learning for AI/images_OBJ061/OBJ061_031.jpg,OBJ061,False,31,OBJ061,train
IE7615 Deep Learning for AI/images_OBJ061/OBJ061_032.jpg,OBJ061,False,32,OBJ061,train
IE7615 Deep Learning for AI/images_OBJ061/OBJ061_033.jpg,OBJ061,False,33,OBJ061,train
IE7615 Deep Learning for AI/images_OBJ061/OBJ061_034.jpg,OBJ061,False,34,OBJ061,train
IE7615 Deep Learning for AI/images_OBJ061/OBJ061_035.jpg,OBJ061,False,35,OBJ061,train
IE7615 Deep Learning for AI/images_OBJ061/OBJ061_036.jpg,OBJ061,False,36,OBJ061,train
IE7615 Deep Learning for AI/images_OBJ061/OBJ061_037.jpg,OBJ061,False,37,OBJ061,train
IE7615 Deep Learning for AI/images_OBJ061/OBJ061_038.jpg,OBJ061,False,38,OBJ061,train
IE7615 Deep Learning for AI/images_OBJ061/OBJ061_039.jpg,OBJ061,False,39,OBJ061,train
IE7615 Deep Learning for AI/images_OBJ061/OBJ061_040.jpg,OBJ061,False,40,OBJ061,train
IE7615 Deep Learning for AI/images_OBJ061/OBJ061_041.jpg,OBJ061,False,41,OBJ061,train
IE7615 Deep Learning for AI/images_OBJ061/OBJ061_042.jpg,OBJ061,False,42,OBJ061,train
IE7615 Deep Learning for AI/images_OBJ061/OBJ061_043.jpg,OBJ061,False,43,OBJ061,train
IE7615 Deep Learning for AI/images_OBJ061/OBJ061_044.jpg,OBJ061,False,44,OBJ061,train
IE7615 Deep Learning for AI/images_OBJ061/OBJ061_045.jpg,OBJ061,False,45,OBJ061,train
IE7615 Deep Learning for AI/images_OBJ061/OBJ061_046.jpg,OBJ061,False,46,OBJ061,train
IE7615 Deep Learning for AI/images_OBJ061/OBJ061_047.jpg,OBJ061,False,47,OBJ061,train
IE7615 Deep Learning for AI/images_OBJ061/OBJ061_048.jpg,OBJ061,False,48,OBJ061,train
IE7615 Deep Learning for AI/images_OBJ061/OBJ061_049.jpg,OBJ061,False,49,OBJ061,train
IE7615 Deep Learning for AI/images_OBJ061/OBJ061_050.jpg,OBJ061,False,50,OBJ061,train
IE7615 Deep Learning for AI/images_OBJ061/OBJ061_051.jpg,OBJ061,False,51,OBJ061,train
IE7615 Deep Learning for AI/images_OBJ061/OBJ061_052.jpg,OBJ061,False,52,OBJ061,train
IE7615 Deep Learning for AI/images_OBJ061/OBJ061_053.jpg,OBJ061,False,53,OBJ061,train
IE7615 Deep Learning for AI/images_OBJ061/OBJ061_054.jpg,OBJ061,False,54,OBJ061,train
IE7615 Deep Learning for AI/images_OBJ061/OBJ061_055.jpg,OBJ061,False,55,OBJ061,train
IE7615 Deep Learning for AI/images_OBJ061/OBJ061_056.jpg,OBJ061,False,56,OBJ061,train
IE7615 Deep Learning for AI/images_OBJ061/OBJ061_057.jpg,OBJ061,False,57,OBJ061,train
IE7615 Deep Learning for AI/images_OBJ061/OBJ061_058.jpg,OBJ061,False,58,OBJ061,train
IE7615 Deep Learning for AI/images_OBJ061/OBJ061_059.jpg,OBJ061,False,59,OBJ061,train
IE7615 Deep Learning for AI/images_OBJ061/OBJ061_060.jpg,OBJ061,False,60,OBJ061,train
IE7615 Deep Learning for AI/images_OBJ061/OBJ061_061.jpg,OBJ061,False,61,OBJ061,test
IE7615 Deep Learning for AI/images_OBJ061/OBJ061_062.jpg,OBJ061,False,62,OBJ061,test
IE7615 Deep Learning for AI/images_OBJ061/OBJ061_063.jpg,OBJ061,False,63,OBJ061,test
IE7615 Deep Learning for AI/images_OBJ061/OBJ061_064.jpg,OBJ061,False,64,OBJ061,test
IE7615 Deep Learning for AI/images_OBJ061/OBJ061_065.jpg,OBJ061,False,65,OBJ061,test
IE7615 Deep Learning for AI/images_OBJ061/OBJ061_066.jpg,OBJ061,False,66,OBJ061,train
IE7615 Deep Learning for AI/images_OBJ061/OBJ061_067.jpg,OBJ061,False,67,OBJ061,train
IE7615 Deep Learning for AI/images_OBJ061/OBJ061_068.jpg,OBJ061,False,68,OBJ061,train
IE7615 Deep Learning for AI/images_OBJ061/OBJ061_069.jpg,OBJ061,False,69,OBJ061,train
IE7615 Deep Learning for AI/images_OBJ061/OBJ061_070.jpg,OBJ061,False,70,OBJ061,train
IE7615 Deep Learning for AI/images_OBJ061/OBJ061_071.jpg,OBJ061,False,71,OBJ061,val
IE7615 Deep Learning for AI/images_OBJ061/OBJ061_072.jpg,OBJ061,False,72,OBJ061,val
IE7615 Deep Learning for AI/images_OBJ061/OBJ061_073.jpg,OBJ061,False,73,OBJ061,val
IE7615 Deep Learning for AI/images_OBJ061/OBJ061_074.jpg,OBJ061,False,74,OBJ061,val
IE7615 Deep Learning for AI/images_OBJ061/OBJ061_075.jpg,OBJ061,False,75,OBJ061,val
IE7615 Deep Learning for AI/images_OBJ061/OBJ061_076.jpg,OBJ061,False,76,OBJ061,train
IE7615 Deep Learning for AI/images_OBJ061/OBJ061_077.jpg,OBJ061,False,77,OBJ061,train
IE7615 Deep Learning for AI/images_OBJ061/OBJ061_078.jpg,OBJ061,False,78,OBJ061,train
IE7615 Deep Learning for AI/images_OBJ061/OBJ061_079.jpg,OBJ061,False,79,OBJ061,train
IE7615 Deep Learning for AI/images_OBJ061/OBJ061_080.jpg,OBJ061,False,80,OBJ061,train
IE7615 Deep Learning for AI/images_OBJ061/OBJ061_081.jpg,OBJ061,False,81,OBJ061,train
IE7615 Deep Learning for AI/images_OBJ061/OBJ061_082.jpg,OBJ061,False,82,OBJ061,train
IE7615 Deep Learning for AI/images_OBJ061/OBJ061_083.jpg,OBJ061,False,83,OBJ061,train
IE7615 Deep Learning for AI/images_OBJ061/OBJ061_084.jpg,OBJ061,False,84,OBJ061,train
IE7615 Deep Learning for AI/images_OBJ061/OBJ061_085.jpg,OBJ061,False,85,OBJ061,train
IE7615 Deep Learning for AI/images_OBJ061/OBJ061_086.jpg,OBJ061,False,86,OBJ061,train
IE7615 Deep Learning for AI/images_OBJ061/OBJ061_087.jpg,OBJ061,False,87,OBJ061,train
IE7615 Deep Learning for AI/images_OBJ061/OBJ061_088.jpg,OBJ061,False,88,OBJ061,train
IE7615 Deep Learning for AI/images_OBJ061/OBJ061_089.jpg,OBJ061,False,89,OBJ061,train
IE7615 Deep Learning for AI/images_OBJ061/OBJ061_090.jpg,OBJ061,False,90,OBJ061,train
IE7615 Deep Learning for AI/images_OBJ061/OBJ061_091.jpg,OBJ061,False,91,OBJ061,train
IE7615 Deep Learning for AI/images_OBJ061/OBJ061_092.jpg,OBJ061,False,92,OBJ061,train
IE7615 Deep Learning for AI/images_OBJ061/OBJ061_093.jpg,OBJ061,False,93,OBJ061,train
IE7615 Deep Learning for AI/images_OBJ061/OBJ061_094.jpg,OBJ061,False,94,OBJ061,train
IE7615 Deep Learning for AI/images_OBJ061/OBJ061_095.jpg,OBJ061,False,95,OBJ061,train
IE7615 Deep Learning for AI/images_OBJ061/OBJ061_bg_001.jpg,OBJ061,True,1,no_object,train
IE7615 Deep Learning for AI/images_OBJ061/OBJ061_bg_002.jpg,OBJ061,True,2,no_object,train
IE7615 Deep Learning for AI/images_OBJ061/OBJ061_bg_003.jpg,OBJ061,True,3,no_object,train
IE7615 Deep Learning for AI/images_OBJ061/OBJ061_bg_004.jpg,OBJ061,True,4,no_object,train
IE7615 Deep Learning for AI/images_OBJ061/OBJ061_bg_005.jpg,OBJ061,True,5,no_object,train
IE7615 Deep Learning for AI/images_OBJ062/OBJ062_001.jpg,OBJ062,False,1,OBJ062,train
IE7615 Deep Learning for AI/images_OBJ062/OBJ062_002.jpg,OBJ062,False,2,OBJ062,train
IE7615 Deep Learning for AI/images_OBJ062/OBJ062_003.jpg,OBJ062,False,3,OBJ062,train
IE7615 Deep Learning for AI/images_OBJ062/OBJ062_004.jpg,OBJ062,False,4,OBJ062,train
IE7615 Deep Learning for AI/images_OBJ062/OBJ062_005.jpg,OBJ062,False,5,OBJ062,train
IE7615 Deep Learning for AI/images_OBJ062/OBJ062_006.jpg,OBJ062,False,6,OBJ062,train
IE7615 Deep Learning for AI/images_OBJ062/OBJ062_007.jpg,OBJ062,False,7,OBJ062,train
IE7615 Deep Learning for AI/images_OBJ062/OBJ062_008.jpg,OBJ062,False,8,OBJ062,train
IE7615 Deep Learning for AI/images_OBJ062/OBJ062_009.jpg,OBJ062,False,9,OBJ062,train
IE7615 Deep Learning for AI/images_OBJ062/OBJ062_010.jpg,OBJ062,False,10,OBJ062,train
IE7615 Deep Learning for AI/images_OBJ062/OBJ062_011.jpg,OBJ062,False,11,OBJ062,val
IE7615 Deep Learning for AI/images_OBJ062/OBJ062_012.jpg,OBJ062,False,12,OBJ062,val
IE7615 Deep Learning for AI/images_OBJ062/OBJ062_013.jpg,OBJ062,False,13,OBJ062,val
IE7615 Deep Learning for AI/images_OBJ062/OBJ062_014.jpg,OBJ062,False,14,OBJ062,val
IE7615 Deep Learning for AI/images_OBJ062/OBJ062_015.jpg,OBJ062,False,15,OBJ062,val
IE7615 Deep Learning for AI/images_OBJ062/OBJ062_016.jpg,OBJ062,False,16,OBJ062,train
IE7615 Deep Learning for AI/images_OBJ062/OBJ062_017.jpg,OBJ062,False,17,OBJ062,train
IE7615 Deep Learning for AI/images_OBJ062/OBJ062_018.jpg,OBJ062,False,18,OBJ062,train
IE7615 Deep Learning for AI/images_OBJ062/OBJ062_019.jpg,OBJ062,False,19,OBJ062,train
IE7615 Deep Learning for AI/images_OBJ062/OBJ062_020.jpg,OBJ062,False,20,OBJ062,train
IE7615 Deep Learning for AI/images_OBJ062/OBJ062_021.jpg,OBJ062,False,21,OBJ062,val
IE7615 Deep Learning for AI/images_OBJ062/OBJ062_022.jpg,OBJ062,False,22,OBJ062,val
IE7615 Deep Learning for AI/images_OBJ062/OBJ062_023.jpg,OBJ062,False,23,OBJ062,val
IE7615 Deep Learning for AI/images_OBJ062/OBJ062_024.jpg,OBJ062,False,24,OBJ062,val
IE7615 Deep Learning for AI/images_OBJ062/OBJ062_025.jpg,OBJ062,False,25,OBJ062,val
IE7615 Deep Learning for AI/images_OBJ062/OBJ062_026.jpg,OBJ062,False,26,OBJ062,test
IE7615 Deep Learning for AI/images_OBJ062/OBJ062_027.jpg,OBJ062,False,27,OBJ062,test
IE7615 Deep Learning for AI/images_OBJ062/OBJ062_028.jpg,OBJ062,False,28,OBJ062,test
IE7615 Deep Learning for AI/images_OBJ062/OBJ062_029.jpg,OBJ062,False,29,OBJ062,test
IE7615 Deep Learning for AI/images_OBJ062/OBJ062_030.jpg,OBJ062,False,30,OBJ062,test
IE7615 Deep Learning for AI/images_OBJ062/OBJ062_031.jpg,OBJ062,False,31,OBJ062,train
IE7615 Deep Learning for AI/images_OBJ062/OBJ062_032.jpg,OBJ062,False,32,OBJ062,train
IE7615 Deep Learning for AI/images_OBJ062/OBJ062_033.jpg,OBJ062,False,33,OBJ062,train
IE7615 Deep Learning for AI/images_OBJ062/OBJ062_034.jpg,OBJ062,False,34,OBJ062,train
IE7615 Deep Learning for AI/images_OBJ062/OBJ062_035.jpg,OBJ062,False,35,OBJ062,train
IE7615 Deep Learning for AI/images_OBJ062/OBJ062_036.jpg,OBJ062,False,36,OBJ062,test
IE7615 Deep Learning for AI/images_OBJ062/OBJ062_037.jpg,OBJ062,False,37,OBJ062,test
IE7615 Deep Learning for AI/images_OBJ062/OBJ062_038.jpg,OBJ062,False,38,OBJ062,test
IE7615 Deep Learning for AI/images_OBJ062/OBJ062_039.jpg,OBJ062,False,39,OBJ062,test
IE7615 Deep Learning for AI/images_OBJ062/OBJ062_040.jpg,OBJ062,False,40,OBJ062,test
IE7615 Deep Learning for AI/images_OBJ062/OBJ062_041.jpg,OBJ062,False,41,OBJ062,val
IE7615 Deep Learning for AI/images_OBJ062/OBJ062_042.jpg,OBJ062,False,42,OBJ062,val
IE7615 Deep Learning for AI/images_OBJ062/OBJ062_043.jpg,OBJ062,False,43,OBJ062,val
IE7615 Deep Learning for AI/images_OBJ062/OBJ062_044.jpg,OBJ062,False,44,OBJ062,val
IE7615 Deep Learning for AI/images_OBJ062/OBJ062_045.jpg,OBJ062,False,45,OBJ062,val
IE7615 Deep Learning for AI/images_OBJ062/OBJ062_046.jpg,OBJ062,False,46,OBJ062,train
IE7615 Deep Learning for AI/images_OBJ062/OBJ062_047.jpg,OBJ062,False,47,OBJ062,train
IE7615 Deep Learning for AI/images_OBJ062/OBJ062_048.jpg,OBJ062,False,48,OBJ062,train
IE7615 Deep Learning for AI/images_OBJ062/OBJ062_049.jpg,OBJ062,False,49,OBJ062,train
IE7615 Deep Learning for AI/images_OBJ062/OBJ062_050.jpg,OBJ062,False,50,OBJ062,train
IE7615 Deep Learning for AI/images_OBJ062/OBJ062_051.jpg,OBJ062,False,51,OBJ062,test
IE7615 Deep Learning for AI/images_OBJ062/OBJ062_052.jpg,OBJ062,False,52,OBJ062,test
IE7615 Deep Learning for AI/images_OBJ062/OBJ062_053.jpg,OBJ062,False,53,OBJ062,test
IE7615 Deep Learning for AI/images_OBJ062/OBJ062_054.jpg,OBJ062,False,54,OBJ062,test
IE7615 Deep Learning for AI/images_OBJ062/OBJ062_055.jpg,OBJ062,False,55,OBJ062,test
IE7615 Deep Learning for AI/images_OBJ062/OBJ062_056.jpg,OBJ062,False,56,OBJ062,train
IE7615 Deep Learning for AI/images_OBJ062/OBJ062_057.jpg,OBJ062,False,57,OBJ062,train
IE7615 Deep Learning for AI/images_OBJ062/OBJ062_058.jpg,OBJ062,False,58,OBJ062,train
IE7615 Deep Learning for AI/images_OBJ062/OBJ062_059.jpg,OBJ062,False,59,OBJ062,train
IE7615 Deep Learning for AI/images_OBJ062/OBJ062_060.jpg,OBJ062,False,60,OBJ062,train
IE7615 Deep Learning for AI/images_OBJ062/OBJ062_061.jpg,OBJ062,False,61,OBJ062,train
IE7615 Deep Learning for AI/images_OBJ062/OBJ062_062.jpg,OBJ062,False,62,OBJ062,train
IE7615 Deep Learning for AI/images_OBJ062/OBJ062_063.jpg,OBJ062,False,63,OBJ062,train
IE7615 Deep Learning for AI/images_OBJ062/OBJ062_064.jpg,OBJ062,False,64,OBJ062,train
IE7615 Deep Learning for AI/images_OBJ062/OBJ062_065.jpg,OBJ062,False,65,OBJ062,train
IE7615 Deep Learning for AI/images_OBJ062/OBJ062_066.jpg,OBJ062,False,66,OBJ062,train
IE7615 Deep Learning for AI/images_OBJ062/OBJ062_067.jpg,OBJ062,False,67,OBJ062,train
IE7615 Deep Learning for AI/images_OBJ062/OBJ062_068.jpg,OBJ062,False,68,OBJ062,train
IE7615 Deep Learning for AI/images_OBJ062/OBJ062_069.jpg,OBJ062,False,69,OBJ062,train
IE7615 Deep Learning for AI/images_OBJ062/OBJ062_070.jpg,OBJ062,False,70,OBJ062,train
IE7615 Deep Learning for AI/images_OBJ062/OBJ062_071.jpg,OBJ062,False,71,OBJ062,train
IE7615 Deep Learning for AI/images_OBJ062/OBJ062_072.jpg,OBJ062,False,72,OBJ062,train
IE7615 Deep Learning for AI/images_OBJ062/OBJ062_073.jpg,OBJ062,False,73,OBJ062,train
IE7615 Deep Learning for AI/images_OBJ062/OBJ062_074.jpg,OBJ062,False,74,OBJ062,train
IE7615 Deep Learning for AI/images_OBJ062/OBJ062_075.jpg,OBJ062,False,75,OBJ062,train
IE7615 Deep Learning for AI/images_OBJ062/OBJ062_076.jpg,OBJ062,False,76,OBJ062,train
IE7615 Deep Learning for AI/images_OBJ062/OBJ062_077.jpg,OBJ062,False,77,OBJ062,train
IE7615 Deep Learning for AI/images_OBJ062/OBJ062_078.jpg,OBJ062,False,78,OBJ062,train
IE7615 Deep Learning for AI/images_OBJ062/OBJ062_079.jpg,OBJ062,False,79,OBJ062,train
IE7615 Deep Learning for AI/images_OBJ062/OBJ062_080.jpg,OBJ062,False,80,OBJ062,train
IE7615 Deep Learning for AI/images_OBJ062/OBJ062_081.jpg,OBJ062,False,81,OBJ062,train
IE7615 Deep Learning for AI/images_OBJ062/OBJ062_082.jpg,OBJ062,False,82,OBJ062,train
IE7615 Deep Learning for AI/images_OBJ062/OBJ062_083.jpg,OBJ062,False,83,OBJ062,train
IE7615 Deep Learning for AI/images_OBJ062/OBJ062_084.jpg,OBJ062,False,84,OBJ062,train
IE7615 Deep Learning for AI/images_OBJ062/OBJ062_085.jpg,OBJ062,False,85,OBJ062,train
IE7615 Deep Learning for AI/images_OBJ062/OBJ062_086.jpg,OBJ062,False,86,OBJ062,train
IE7615 Deep Learning for AI/images_OBJ062/OBJ062_087.jpg,OBJ062,False,87,OBJ062,train
IE7615 Deep Learning for AI/images_OBJ062/OBJ062_088.jpg,OBJ062,False,88,OBJ062,train
IE7615 Deep Learning for AI/images_OBJ062/OBJ062_089.jpg,OBJ062,False,89,OBJ062,train
IE7615 Deep Learning for AI/images_OBJ062/OBJ062_090.jpg,OBJ062,False,90,OBJ062,train
IE7615 Deep Learning for AI/images_OBJ062/OBJ062_091.jpg,OBJ062,False,91,OBJ062,train
IE7615 Deep Learning for AI/images_OBJ062/OBJ062_092.jpg,OBJ062,False,92,OBJ062,train
IE7615 Deep Learning for AI/images_OBJ062/OBJ062_093.jpg,OBJ062,False,93,OBJ062,train
IE7615 Deep Learning for AI/images_OBJ062/OBJ062_094.jpg,OBJ062,False,94,OBJ062,train
IE7615 Deep Learning for AI/images_OBJ062/OBJ062_095.jpg,OBJ062,False,95,OBJ062,train
IE7615 Deep Learning for AI/images_OBJ062/OBJ062_bg_001.jpg,OBJ062,True,1,no_object,val
IE7615 Deep Learning for AI/images_OBJ062/OBJ062_bg_002.jpg,OBJ062,True,2,no_object,val
IE7615 Deep Learning for AI/images_OBJ062/OBJ062_bg_003.jpg,OBJ062,True,3,no_object,val
IE7615 Deep Learning for AI/images_OBJ062/OBJ062_bg_004.jpg,OBJ062,True,4,no_object,val
IE7615 Deep Learning for AI/images_OBJ062/OBJ062_bg_005.jpg,OBJ062,True,5,no_object,val
IE7615 Deep Learning for AI/images_OBJ063/OBJ063_001.jpg,OBJ063,False,1,OBJ063,train
IE7615 Deep Learning for AI/images_OBJ063/OBJ063_002.jpg,OBJ063,False,2,OBJ063,train
IE7615 Deep Learning for AI/images_OBJ063/OBJ063_003.jpg,OBJ063,False,3,OBJ063,train
IE7615 Deep Learning for AI/images_OBJ063/OBJ063_004.jpg,OBJ063,False,4,OBJ063,train
IE7615 Deep Learning for AI/images_OBJ063/OBJ063_005.jpg,OBJ063,False,5,OBJ063,train
IE7615 Deep Learning for AI/images_OBJ063/OBJ063_006.jpg,OBJ063,False,6,OBJ063,train
IE7615 Deep Learning for AI/images_OBJ063/OBJ063_007.jpg,OBJ063,False,7,OBJ063,train
IE7615 Deep Learning for AI/images_OBJ063/OBJ063_008.jpg,OBJ063,False,8,OBJ063,train
IE7615 Deep Learning for AI/images_OBJ063/OBJ063_009.jpg,OBJ063,False,9,OBJ063,train
IE7615 Deep Learning for AI/images_OBJ063/OBJ063_010.jpg,OBJ063,False,10,OBJ063,train
IE7615 Deep Learning for AI/images_OBJ063/OBJ063_011.jpg,OBJ063,False,11,OBJ063,train
IE7615 Deep Learning for AI/images_OBJ063/OBJ063_012.jpg,OBJ063,False,12,OBJ063,train
IE7615 Deep Learning for AI/images_OBJ063/OBJ063_013.jpg,OBJ063,False,13,OBJ063,train
IE7615 Deep Learning for AI/images_OBJ063/OBJ063_014.jpg,OBJ063,False,14,OBJ063,train
IE7615 Deep Learning for AI/images_OBJ063/OBJ063_015.jpg,OBJ063,False,15,OBJ063,train
IE7615 Deep Learning for AI/images_OBJ063/OBJ063_016.jpg,OBJ063,False,16,OBJ063,val
IE7615 Deep Learning for AI/images_OBJ063/OBJ063_017.jpg,OBJ063,False,17,OBJ063,val
IE7615 Deep Learning for AI/images_OBJ063/OBJ063_018.jpg,OBJ063,False,18,OBJ063,val
IE7615 Deep Learning for AI/images_OBJ063/OBJ063_019.jpg,OBJ063,False,19,OBJ063,val
IE7615 Deep Learning for AI/images_OBJ063/OBJ063_020.jpg,OBJ063,False,20,OBJ063,val
IE7615 Deep Learning for AI/images_OBJ063/OBJ063_021.jpg,OBJ063,False,21,OBJ063,train
IE7615 Deep Learning for AI/images_OBJ063/OBJ063_022.jpg,OBJ063,False,22,OBJ063,train
IE7615 Deep Learning for AI/images_OBJ063/OBJ063_023.jpg,OBJ063,False,23,OBJ063,train
IE7615 Deep Learning for AI/images_OBJ063/OBJ063_024.jpg,OBJ063,False,24,OBJ063,train
IE7615 Deep Learning for AI/images_OBJ063/OBJ063_025.jpg,OBJ063,False,25,OBJ063,train
IE7615 Deep Learning for AI/images_OBJ063/OBJ063_026.jpg,OBJ063,False,26,OBJ063,val
IE7615 Deep Learning for AI/images_OBJ063/OBJ063_027.jpg,OBJ063,False,27,OBJ063,val
IE7615 Deep Learning for AI/images_OBJ063/OBJ063_028.jpg,OBJ063,False,28,OBJ063,val
IE7615 Deep Learning for AI/images_OBJ063/OBJ063_029.jpg,OBJ063,False,29,OBJ063,val
IE7615 Deep Learning for AI/images_OBJ063/OBJ063_030.jpg,OBJ063,False,30,OBJ063,val
IE7615 Deep Learning for AI/images_OBJ063/OBJ063_031.jpg,OBJ063,False,31,OBJ063,train
IE7615 Deep Learning for AI/images_OBJ063/OBJ063_032.jpg,OBJ063,False,32,OBJ063,train
IE7615 Deep Learning for AI/images_OBJ063/OBJ063_033.jpg,OBJ063,False,33,OBJ063,train
IE7615 Deep Learning for AI/images_OBJ063/OBJ063_034.jpg,OBJ063,False,34,OBJ063,train
IE7615 Deep Learning for AI/images_OBJ063/OBJ063_035.jpg,OBJ063,False,35,OBJ063,train
IE7615 Deep Learning for AI/images_OBJ063/OBJ063_036.jpg,OBJ063,False,36,OBJ063,test
IE7615 Deep Learning for AI/images_OBJ063/OBJ063_037.jpg,OBJ063,False,37,OBJ063,test
IE7615 Deep Learning for AI/images_OBJ063/OBJ063_038.jpg,OBJ063,False,38,OBJ063,test
IE7615 Deep Learning for AI/images_OBJ063/OBJ063_039.jpg,OBJ063,False,39,OBJ063,test
IE7615 Deep Learning for AI/images_OBJ063/OBJ063_040.jpg,OBJ063,False,40,OBJ063,test
IE7615 Deep Learning for AI/images_OBJ063/OBJ063_041.jpg,OBJ063,False,41,OBJ063,train
IE7615 Deep Learning for AI/images_OBJ063/OBJ063_042.jpg,OBJ063,False,42,OBJ063,train
IE7615 Deep Learning for AI/images_OBJ063/OBJ063_043.jpg,OBJ063,False,43,OBJ063,train
IE7615 Deep Learning for AI/images_OBJ063/OBJ063_044.jpg,OBJ063,False,44,OBJ063,train
IE7615 Deep Learning for AI/images_OBJ063/OBJ063_045.jpg,OBJ063,False,45,OBJ063,train
IE7615 Deep Learning for AI/images_OBJ063/OBJ063_046.jpg,OBJ063,False,46,OBJ063,val
IE7615 Deep Learning for AI/images_OBJ063/OBJ063_047.jpg,OBJ063,False,47,OBJ063,val
IE7615 Deep Learning for AI/images_OBJ063/OBJ063_048.jpg,OBJ063,False,48,OBJ063,val
IE7615 Deep Learning for AI/images_OBJ063/OBJ063_049.jpg,OBJ063,False,49,OBJ063,val
IE7615 Deep Learning for AI/images_OBJ063/OBJ063_050.jpg,OBJ063,False,50,OBJ063,val
IE7615 Deep Learning for AI/images_OBJ063/OBJ063_051.jpg,OBJ063,False,51,OBJ063,test
IE7615 Deep Learning for AI/images_OBJ063/OBJ063_052.jpg,OBJ063,False,52,OBJ063,test
IE7615 Deep Learning for AI/images_OBJ063/OBJ063_053.jpg,OBJ063,False,53,OBJ063,test
IE7615 Deep Learning for AI/images_OBJ063/OBJ063_054.jpg,OBJ063,False,54,OBJ063,test
IE7615 Deep Learning for AI/images_OBJ063/OBJ063_055.jpg,OBJ063,False,55,OBJ063,test
IE7615 Deep Learning for AI/images_OBJ063/OBJ063_056.jpg,OBJ063,False,56,OBJ063,train
IE7615 Deep Learning for AI/images_OBJ063/OBJ063_057.jpg,OBJ063,False,57,OBJ063,train
IE7615 Deep Learning for AI/images_OBJ063/OBJ063_058.jpg,OBJ063,False,58,OBJ063,train
IE7615 Deep Learning for AI/images_OBJ063/OBJ063_059.jpg,OBJ063,False,59,OBJ063,train
IE7615 Deep Learning for AI/images_OBJ063/OBJ063_060.jpg,OBJ063,False,60,OBJ063,train
IE7615 Deep Learning for AI/images_OBJ063/OBJ063_061.jpg,OBJ063,False,61,OBJ063,test
IE7615 Deep Learning for AI/images_OBJ063/OBJ063_062.jpg,OBJ063,False,62,OBJ063,test
IE7615 Deep Learning for AI/images_OBJ063/OBJ063_063.jpg,OBJ063,False,63,OBJ063,test
IE7615 Deep Learning for AI/images_OBJ063/OBJ063_064.jpg,OBJ063,False,64,OBJ063,test
IE7615 Deep Learning for AI/images_OBJ063/OBJ063_065.jpg,OBJ063,False,65,OBJ063,test
IE7615 Deep Learning for AI/images_OBJ063/OBJ063_066.jpg,OBJ063,False,66,OBJ063,train
IE7615 Deep Learning for AI/images_OBJ063/OBJ063_067.jpg,OBJ063,False,67,OBJ063,train
IE7615 Deep Learning for AI/images_OBJ063/OBJ063_068.jpg,OBJ063,False,68,OBJ063,train
IE7615 Deep Learning for AI/images_OBJ063/OBJ063_069.jpg,OBJ063,False,69,OBJ063,train
IE7615 Deep Learning for AI/images_OBJ063/OBJ063_070.jpg,OBJ063,False,70,OBJ063,train
IE7615 Deep Learning for AI/images_OBJ063/OBJ063_071.jpg,OBJ063,False,71,OBJ063,train
IE7615 Deep Learning for AI/images_OBJ063/OBJ063_072.jpg,OBJ063,False,72,OBJ063,train
IE7615 Deep Learning for AI/images_OBJ063/OBJ063_073.jpg,OBJ063,False,73,OBJ063,train
IE7615 Deep Learning for AI/images_OBJ063/OBJ063_074.jpg,OBJ063,False,74,OBJ063,train
IE7615 Deep Learning for AI/images_OBJ063/OBJ063_075.jpg,OBJ063,False,75,OBJ063,train
IE7615 Deep Learning for AI/images_OBJ063/OBJ063_076.jpg,OBJ063,False,76,OBJ063,train
IE7615 Deep Learning for AI/images_OBJ063/OBJ063_077.jpg,OBJ063,False,77,OBJ063,train
IE7615 Deep Learning for AI/images_OBJ063/OBJ063_078.jpg,OBJ063,False,78,OBJ063,train
IE7615 Deep Learning for AI/images_OBJ063/OBJ063_079.jpg,OBJ063,False,79,OBJ063,train
IE7615 Deep Learning for AI/images_OBJ063/OBJ063_080.jpg,OBJ063,False,80,OBJ063,train
IE7615 Deep Learning for AI/images_OBJ063/OBJ063_081.jpg,OBJ063,False,81,OBJ063,train
IE7615 Deep Learning for AI/images_OBJ063/OBJ063_082.jpg,OBJ063,False,82,OBJ063,train
IE7615 Deep Learning for AI/images_OBJ063/OBJ063_083.jpg,OBJ063,False,83,OBJ063,train
IE7615 Deep Learning for AI/images_OBJ063/OBJ063_084.jpg,OBJ063,False,84,OBJ063,train
IE7615 Deep Learning for AI/images_OBJ063/OBJ063_085.jpg,OBJ063,False,85,OBJ063,train
IE7615 Deep Learning for AI/images_OBJ063/OBJ063_086.jpg,OBJ063,False,86,OBJ063,train
IE7615 Deep Learning for AI/images_OBJ063/OBJ063_087.jpg,OBJ063,False,87,OBJ063,train
IE7615 Deep Learning for AI/images_OBJ063/OBJ063_088.jpg,OBJ063,False,88,OBJ063,train
IE7615 Deep Learning for AI/images_OBJ063/OBJ063_089.jpg,OBJ063,False,89,OBJ063,train
IE7615 Deep Learning for AI/images_OBJ063/OBJ063_090.jpg,OBJ063,False,90,OBJ063,train
IE7615 Deep Learning for AI/images_OBJ063/OBJ063_091.jpg,OBJ063,False,91,OBJ063,train
IE7615 Deep Learning for AI/images_OBJ063/OBJ063_092.jpg,OBJ063,False,92,OBJ063,train
IE7615 Deep Learning for AI/images_OBJ063/OBJ063_093.jpg,OBJ063,False,93,OBJ063,train
IE7615 Deep Learning for AI/images_OBJ063/OBJ063_094.jpg,OBJ063,False,94,OBJ063,train
IE7615 Deep Learning for AI/images_OBJ063/OBJ063_bg_001.jpg,OBJ063,True,1,no_object,test
IE7615 Deep Learning for AI/images_OBJ063/OBJ063_bg_002.jpg,OBJ063,True,2,no_object,test
IE7615 Deep Learning for AI/images_OBJ063/OBJ063_bg_003.jpg,OBJ063,True,3,no_object,test
IE7615 Deep Learning for AI/images_OBJ063/OBJ063_bg_004.jpg,OBJ063,True,4,no_object,test
IE7615 Deep Learning for AI/images_OBJ063/OBJ063_bg_005.jpg,OBJ063,True,5,no_object,test
IE7615 Deep Learning for AI/images_OBJ063/OBJ063_bg_006.jpg,OBJ063,True,6,no_object,test
IE7615 Deep Learning for AI/images_OBJ064/OBJ064_001.jpg,OBJ064,False,1,OBJ064,val
IE7615 Deep Learning for AI/images_OBJ064/OBJ064_002.jpg,OBJ064,False,2,OBJ064,val
IE7615 Deep Learning for AI/images_OBJ064/OBJ064_003.jpg,OBJ064,False,3,OBJ064,val
IE7615 Deep Learning for AI/images_OBJ064/OBJ064_004.jpg,OBJ064,False,4,OBJ064,val
IE7615 Deep Learning for AI/images_OBJ064/OBJ064_005.jpg,OBJ064,False,5,OBJ064,val
IE7615 Deep Learning for AI/images_OBJ064/OBJ064_006.jpg,OBJ064,False,6,OBJ064,train
IE7615 Deep Learning for AI/images_OBJ064/OBJ064_007.jpg,OBJ064,False,7,OBJ064,train
IE7615 Deep Learning for AI/images_OBJ064/OBJ064_008.jpg,OBJ064,False,8,OBJ064,train
IE7615 Deep Learning for AI/images_OBJ064/OBJ064_009.jpg,OBJ064,False,9,OBJ064,train
IE7615 Deep Learning for AI/images_OBJ064/OBJ064_010.jpg,OBJ064,False,10,OBJ064,train
IE7615 Deep Learning for AI/images_OBJ064/OBJ064_011.jpg,OBJ064,False,11,OBJ064,val
IE7615 Deep Learning for AI/images_OBJ064/OBJ064_012.jpg,OBJ064,False,12,OBJ064,val
IE7615 Deep Learning for AI/images_OBJ064/OBJ064_013.jpg,OBJ064,False,13,OBJ064,val
IE7615 Deep Learning for AI/images_OBJ064/OBJ064_014.jpg,OBJ064,False,14,OBJ064,val
IE7615 Deep Learning for AI/images_OBJ064/OBJ064_015.jpg,OBJ064,False,15,OBJ064,val
IE7615 Deep Learning for AI/images_OBJ064/OBJ064_016.jpg,OBJ064,False,16,OBJ064,train
IE7615 Deep Learning for AI/images_OBJ064/OBJ064_017.jpg,OBJ064,False,17,OBJ064,train
IE7615 Deep Learning for AI/images_OBJ064/OBJ064_018.jpg,OBJ064,False,18,OBJ064,train
IE7615 Deep Learning for AI/images_OBJ064/OBJ064_019.jpg,OBJ064,False,19,OBJ064,train
IE7615 Deep Learning for AI/images_OBJ064/OBJ064_020.jpg,OBJ064,False,20,OBJ064,train
IE7615 Deep Learning for AI/images_OBJ064/OBJ064_021.jpg,OBJ064,False,21,OBJ064,train
IE7615 Deep Learning for AI/images_OBJ064/OBJ064_022.jpg,OBJ064,False,22,OBJ064,train
IE7615 Deep Learning for AI/images_OBJ064/OBJ064_023.jpg,OBJ064,False,23,OBJ064,train
IE7615 Deep Learning for AI/images_OBJ064/OBJ064_024.jpg,OBJ064,False,24,OBJ064,train
IE7615 Deep Learning for AI/images_OBJ064/OBJ064_025.jpg,OBJ064,False,25,OBJ064,train
IE7615 Deep Learning for AI/images_OBJ064/OBJ064_026.jpg,OBJ064,False,26,OBJ064,train
IE7615 Deep Learning for AI/images_OBJ064/OBJ064_027.jpg,OBJ064,False,27,OBJ064,train
IE7615 Deep Learning for AI/images_OBJ064/OBJ064_028.jpg,OBJ064,False,28,OBJ064,train
IE7615 Deep Learning for AI/images_OBJ064/OBJ064_029.jpg,OBJ064,False,29,OBJ064,train
IE7615 Deep Learning for AI/images_OBJ064/OBJ064_030.jpg,OBJ064,False,30,OBJ064,train
IE7615 Deep Learning for AI/images_OBJ064/OBJ064_031.jpg,OBJ064,False,31,OBJ064,test
IE7615 Deep Learning for AI/images_OBJ064/OBJ064_032.jpg,OBJ064,False,32,OBJ064,test
IE7615 Deep Learning for AI/images_OBJ064/OBJ064_033.jpg,OBJ064,False,33,OBJ064,test
IE7615 Deep Learning for AI/images_OBJ064/OBJ064_034.jpg,OBJ064,False,34,OBJ064,test
IE7615 Deep Learning for AI/images_OBJ064/OBJ064_035.jpg,OBJ064,False,35,OBJ064,test
IE7615 Deep Learning for AI/images_OBJ064/OBJ064_036.jpg,OBJ064,False,36,OBJ064,train
IE7615 Deep Learning for AI/images_OBJ064/OBJ064_037.jpg,OBJ064,False,37,OBJ064,train
IE7615 Deep Learning for AI/images_OBJ064/OBJ064_038.jpg,OBJ064,False,38,OBJ064,train
IE7615 Deep Learning for AI/images_OBJ064/OBJ064_039.jpg,OBJ064,False,39,OBJ064,train
IE7615 Deep Learning for AI/images_OBJ064/OBJ064_040.jpg,OBJ064,False,40,OBJ064,train
IE7615 Deep Learning for AI/images_OBJ064/OBJ064_041.jpg,OBJ064,False,41,OBJ064,train
IE7615 Deep Learning for AI/images_OBJ064/OBJ064_042.jpg,OBJ064,False,42,OBJ064,train
IE7615 Deep Learning for AI/images_OBJ064/OBJ064_043.jpg,OBJ064,False,43,OBJ064,train
IE7615 Deep Learning for AI/images_OBJ064/OBJ064_044.jpg,OBJ064,False,44,OBJ064,train
IE7615 Deep Learning for AI/images_OBJ064/OBJ064_045.jpg,OBJ064,False,45,OBJ064,train
IE7615 Deep Learning for AI/images_OBJ064/OBJ064_046.jpg,OBJ064,False,46,OBJ064,test
IE7615 Deep Learning for AI/images_OBJ064/OBJ064_047.jpg,OBJ064,False,47,OBJ064,test
IE7615 Deep Learning for AI/images_OBJ064/OBJ064_048.jpg,OBJ064,False,48,OBJ064,test
IE7615 Deep Learning for AI/images_OBJ064/OBJ064_049.jpg,OBJ064,False,49,OBJ064,test
IE7615 Deep Learning for AI/images_OBJ064/OBJ064_050.jpg,OBJ064,False,50,OBJ064,test
IE7615 Deep Learning for AI/images_OBJ064/OBJ064_051.jpg,OBJ064,False,51,OBJ064,train
IE7615 Deep Learning for AI/images_OBJ064/OBJ064_052.jpg,OBJ064,False,52,OBJ064,train
IE7615 Deep Learning for AI/images_OBJ064/OBJ064_053.jpg,OBJ064,False,53,OBJ064,train
IE7615 Deep Learning for AI/images_OBJ064/OBJ064_054.jpg,OBJ064,False,54,OBJ064,train
IE7615 Deep Learning for AI/images_OBJ064/OBJ064_055.jpg,OBJ064,False,55,OBJ064,train
IE7615 Deep Learning for AI/images_OBJ064/OBJ064_056.jpg,OBJ064,False,56,OBJ064,train
IE7615 Deep Learning for AI/images_OBJ064/OBJ064_057.jpg,OBJ064,False,57,OBJ064,train
IE7615 Deep Learning for AI/images_OBJ064/OBJ064_058.jpg,OBJ064,False,58,OBJ064,train
IE7615 Deep Learning for AI/images_OBJ064/OBJ064_059.jpg,OBJ064,False,59,OBJ064,train
IE7615 Deep Learning for AI/images_OBJ064/OBJ064_060.jpg,OBJ064,False,60,OBJ064,train
IE7615 Deep Learning for AI/images_OBJ064/OBJ064_061.jpg,OBJ064,False,61,OBJ064,train
IE7615 Deep Learning for AI/images_OBJ064/OBJ064_062.jpg,OBJ064,False,62,OBJ064,train
IE7615 Deep Learning for AI/images_OBJ064/OBJ064_063.jpg,OBJ064,False,63,OBJ064,train
IE7615 Deep Learning for AI/images_OBJ064/OBJ064_064.jpg,OBJ064,False,64,OBJ064,train
IE7615 Deep Learning for AI/images_OBJ064/OBJ064_065.jpg,OBJ064,False,65,OBJ064,train
IE7615 Deep Learning for AI/images_OBJ064/OBJ064_066.jpg,OBJ064,False,66,OBJ064,test
IE7615 Deep Learning for AI/images_OBJ064/OBJ064_067.jpg,OBJ064,False,67,OBJ064,test
IE7615 Deep Learning for AI/images_OBJ064/OBJ064_068.jpg,OBJ064,False,68,OBJ064,test
IE7615 Deep Learning for AI/images_OBJ064/OBJ064_069.jpg,OBJ064,False,69,OBJ064,test
IE7615 Deep Learning for AI/images_OBJ064/OBJ064_070.jpg,OBJ064,False,70,OBJ064,test
IE7615 Deep Learning for AI/images_OBJ064/OBJ064_071.jpg,OBJ064,False,71,OBJ064,train
IE7615 Deep Learning for AI/images_OBJ064/OBJ064_072.jpg,OBJ064,False,72,OBJ064,train
IE7615 Deep Learning for AI/images_OBJ064/OBJ064_073.jpg,OBJ064,False,73,OBJ064,train
IE7615 Deep Learning for AI/images_OBJ064/OBJ064_074.jpg,OBJ064,False,74,OBJ064,train
IE7615 Deep Learning for AI/images_OBJ064/OBJ064_075.jpg,OBJ064,False,75,OBJ064,train
IE7615 Deep Learning for AI/images_OBJ064/OBJ064_076.jpg,OBJ064,False,76,OBJ064,train
IE7615 Deep Learning for AI/images_OBJ064/OBJ064_077.jpg,OBJ064,False,77,OBJ064,train
IE7615 Deep Learning for AI/images_OBJ064/OBJ064_078.jpg,OBJ064,False,78,OBJ064,train
IE7615 Deep Learning for AI/images_OBJ064/OBJ064_079.jpg,OBJ064,False,79,OBJ064,train
IE7615 Deep Learning for AI/images_OBJ064/OBJ064_080.jpg,OBJ064,False,80,OBJ064,train
IE7615 Deep Learning for AI/images_OBJ064/OBJ064_081.jpg,OBJ064,False,81,OBJ064,val
IE7615 Deep Learning for AI/images_OBJ064/OBJ064_082.jpg,OBJ064,False,82,OBJ064,val
IE7615 Deep Learning for AI/images_OBJ064/OBJ064_083.jpg,OBJ064,False,83,OBJ064,val
IE7615 Deep Learning for AI/images_OBJ064/OBJ064_084.jpg,OBJ064,False,84,OBJ064,val
IE7615 Deep Learning for AI/images_OBJ064/OBJ064_085.jpg,OBJ064,False,85,OBJ064,val
IE7615 Deep Learning for AI/images_OBJ064/OBJ064_086.jpg,OBJ064,False,86,OBJ064,train
IE7615 Deep Learning for AI/images_OBJ064/OBJ064_087.jpg,OBJ064,False,87,OBJ064,train
IE7615 Deep Learning for AI/images_OBJ064/OBJ064_088.jpg,OBJ064,False,88,OBJ064,train
IE7615 Deep Learning for AI/images_OBJ064/OBJ064_089.jpg,OBJ064,False,89,OBJ064,train
IE7615 Deep Learning for AI/images_OBJ064/OBJ064_090.jpg,OBJ064,False,90,OBJ064,train
IE7615 Deep Learning for AI/images_OBJ064/OBJ064_091.jpg,OBJ064,False,91,OBJ064,train
IE7615 Deep Learning for AI/images_OBJ064/OBJ064_092.jpg,OBJ064,False,92,OBJ064,train
IE7615 Deep Learning for AI/images_OBJ064/OBJ064_093.jpg,OBJ064,False,93,OBJ064,train
IE7615 Deep Learning for AI/images_OBJ064/OBJ064_094.jpg,OBJ064,False,94,OBJ064,train
IE7615 Deep Learning for AI/images_OBJ064/OBJ064_095.jpg,OBJ064,False,95,OBJ064,train
IE7615 Deep Learning for AI/images_OBJ064/OBJ064_bg_001.jpg,OBJ064,True,1,no_object,train
IE7615 Deep Learning for AI/images_OBJ064/OBJ064_bg_002.jpg,OBJ064,True,2,no_object,train
IE7615 Deep Learning for AI/images_OBJ064/OBJ064_bg_003.jpg,OBJ064,True,3,no_object,train
IE7615 Deep Learning for AI/images_OBJ064/OBJ064_bg_004.jpg,OBJ064,True,4,no_object,train
IE7615 Deep Learning for AI/images_OBJ064/OBJ064_bg_005.jpg,OBJ064,True,5,no_object,train
IE7615 Deep Learning for AI/images_OBJ065/OBJ065_001.jpg,OBJ065,False,1,OBJ065,val
IE7615 Deep Learning for AI/images_OBJ065/OBJ065_002.jpg,OBJ065,False,2,OBJ065,val
IE7615 Deep Learning for AI/images_OBJ065/OBJ065_003.jpg,OBJ065,False,3,OBJ065,val
IE7615 Deep Learning for AI/images_OBJ065/OBJ065_004.jpg,OBJ065,False,4,OBJ065,val
IE7615 Deep Learning for AI/images_OBJ065/OBJ065_005.jpg,OBJ065,False,5,OBJ065,val
IE7615 Deep Learning for AI/images_OBJ065/OBJ065_006.jpg,OBJ065,False,6,OBJ065,train
IE7615 Deep Learning for AI/images_OBJ065/OBJ065_007.jpg,OBJ065,False,7,OBJ065,train
IE7615 Deep Learning for AI/images_OBJ065/OBJ065_008.jpg,OBJ065,False,8,OBJ065,train
IE7615 Deep Learning for AI/images_OBJ065/OBJ065_009.jpg,OBJ065,False,9,OBJ065,train
IE7615 Deep Learning for AI/images_OBJ065/OBJ065_010.jpg,OBJ065,False,10,OBJ065,train
IE7615 Deep Learning for AI/images_OBJ065/OBJ065_011.jpg,OBJ065,False,11,OBJ065,train
IE7615 Deep Learning for AI/images_OBJ065/OBJ065_012.jpg,OBJ065,False,12,OBJ065,train
IE7615 Deep Learning for AI/images_OBJ065/OBJ065_013.jpg,OBJ065,False,13,OBJ065,train
IE7615 Deep Learning for AI/images_OBJ065/OBJ065_014.jpg,OBJ065,False,14,OBJ065,train
IE7615 Deep Learning for AI/images_OBJ065/OBJ065_015.jpg,OBJ065,False,15,OBJ065,train
IE7615 Deep Learning for AI/images_OBJ065/OBJ065_016.jpg,OBJ065,False,16,OBJ065,test
IE7615 Deep Learning for AI/images_OBJ065/OBJ065_017.jpg,OBJ065,False,17,OBJ065,test
IE7615 Deep Learning for AI/images_OBJ065/OBJ065_018.jpg,OBJ065,False,18,OBJ065,test
IE7615 Deep Learning for AI/images_OBJ065/OBJ065_019.jpg,OBJ065,False,19,OBJ065,test
IE7615 Deep Learning for AI/images_OBJ065/OBJ065_020.jpg,OBJ065,False,20,OBJ065,test
IE7615 Deep Learning for AI/images_OBJ065/OBJ065_021.jpg,OBJ065,False,21,OBJ065,test
IE7615 Deep Learning for AI/images_OBJ065/OBJ065_022.jpg,OBJ065,False,22,OBJ065,test
IE7615 Deep Learning for AI/images_OBJ065/OBJ065_023.jpg,OBJ065,False,23,OBJ065,test
IE7615 Deep Learning for AI/images_OBJ065/OBJ065_024.jpg,OBJ065,False,24,OBJ065,test
IE7615 Deep Learning for AI/images_OBJ065/OBJ065_025.jpg,OBJ065,False,25,OBJ065,test
IE7615 Deep Learning for AI/images_OBJ065/OBJ065_026.jpg,OBJ065,False,26,OBJ065,train
IE7615 Deep Learning for AI/images_OBJ065/OBJ065_027.jpg,OBJ065,False,27,OBJ065,train
IE7615 Deep Learning for AI/images_OBJ065/OBJ065_028.jpg,OBJ065,False,28,OBJ065,train
IE7615 Deep Learning for AI/images_OBJ065/OBJ065_029.jpg,OBJ065,False,29,OBJ065,train
IE7615 Deep Learning for AI/images_OBJ065/OBJ065_030.jpg,OBJ065,False,30,OBJ065,train
IE7615 Deep Learning for AI/images_OBJ065/OBJ065_031.jpg,OBJ065,False,31,OBJ065,train
IE7615 Deep Learning for AI/images_OBJ065/OBJ065_032.jpg,OBJ065,False,32,OBJ065,train
IE7615 Deep Learning for AI/images_OBJ065/OBJ065_033.jpg,OBJ065,False,33,OBJ065,train
IE7615 Deep Learning for AI/images_OBJ065/OBJ065_034.jpg,OBJ065,False,34,OBJ065,train
IE7615 Deep Learning for AI/images_OBJ065/OBJ065_035.jpg,OBJ065,False,35,OBJ065,train
IE7615 Deep Learning for AI/images_OBJ065/OBJ065_036.jpg,OBJ065,False,36,OBJ065,train
IE7615 Deep Learning for AI/images_OBJ065/OBJ065_037.jpg,OBJ065,False,37,OBJ065,train
IE7615 Deep Learning for AI/images_OBJ065/OBJ065_038.jpg,OBJ065,False,38,OBJ065,train
IE7615 Deep Learning for AI/images_OBJ065/OBJ065_039.jpg,OBJ065,False,39,OBJ065,train
IE7615 Deep Learning for AI/images_OBJ065/OBJ065_040.jpg,OBJ065,False,40,OBJ065,train
IE7615 Deep Learning for AI/images_OBJ065/OBJ065_041.jpg,OBJ065,False,41,OBJ065,test
IE7615 Deep Learning for AI/images_OBJ065/OBJ065_042.jpg,OBJ065,False,42,OBJ065,test
IE7615 Deep Learning for AI/images_OBJ065/OBJ065_043.jpg,OBJ065,False,43,OBJ065,test
IE7615 Deep Learning for AI/images_OBJ065/OBJ065_044.jpg,OBJ065,False,44,OBJ065,test
IE7615 Deep Learning for AI/images_OBJ065/OBJ065_045.jpg,OBJ065,False,45,OBJ065,test
IE7615 Deep Learning for AI/images_OBJ065/OBJ065_046.jpg,OBJ065,False,46,OBJ065,train
IE7615 Deep Learning for AI/images_OBJ065/OBJ065_047.jpg,OBJ065,False,47,OBJ065,train
IE7615 Deep Learning for AI/images_OBJ065/OBJ065_048.jpg,OBJ065,False,48,OBJ065,train
IE7615 Deep Learning for AI/images_OBJ065/OBJ065_049.jpg,OBJ065,False,49,OBJ065,train
IE7615 Deep Learning for AI/images_OBJ065/OBJ065_050.jpg,OBJ065,False,50,OBJ065,train
IE7615 Deep Learning for AI/images_OBJ065/OBJ065_051.jpg,OBJ065,False,51,OBJ065,train
IE7615 Deep Learning for AI/images_OBJ065/OBJ065_052.jpg,OBJ065,False,52,OBJ065,train
IE7615 Deep Learning for AI/images_OBJ065/OBJ065_053.jpg,OBJ065,False,53,OBJ065,train
IE7615 Deep Learning for AI/images_OBJ065/OBJ065_054.jpg,OBJ065,False,54,OBJ065,train
IE7615 Deep Learning for AI/images_OBJ065/OBJ065_055.jpg,OBJ065,False,55,OBJ065,train
IE7615 Deep Learning for AI/images_OBJ065/OBJ065_056.jpg,OBJ065,False,56,OBJ065,val
IE7615 Deep Learning for AI/images_OBJ065/OBJ065_057.jpg,OBJ065,False,57,OBJ065,val
IE7615 Deep Learning for AI/images_OBJ065/OBJ065_058.jpg,OBJ065,False,58,OBJ065,val
IE7615 Deep Learning for AI/images_OBJ065/OBJ065_059.jpg,OBJ065,False,59,OBJ065,val
IE7615 Deep Learning for AI/images_OBJ065/OBJ065_060.jpg,OBJ065,False,60,OBJ065,val
IE7615 Deep Learning for AI/images_OBJ065/OBJ065_061.jpg,OBJ065,False,61,OBJ065,train
IE7615 Deep Learning for AI/images_OBJ065/OBJ065_062.jpg,OBJ065,False,62,OBJ065,train
IE7615 Deep Learning for AI/images_OBJ065/OBJ065_063.jpg,OBJ065,False,63,OBJ065,train
IE7615 Deep Learning for AI/images_OBJ065/OBJ065_064.jpg,OBJ065,False,64,OBJ065,train
IE7615 Deep Learning for AI/images_OBJ065/OBJ065_065.jpg,OBJ065,False,65,OBJ065,train
IE7615 Deep Learning for AI/images_OBJ065/OBJ065_066.jpg,OBJ065,False,66,OBJ065,train
IE7615 Deep Learning for AI/images_OBJ065/OBJ065_067.jpg,OBJ065,False,67,OBJ065,train
IE7615 Deep Learning for AI/images_OBJ065/OBJ065_068.jpg,OBJ065,False,68,OBJ065,train
IE7615 Deep Learning for AI/images_OBJ065/OBJ065_069.jpg,OBJ065,False,69,OBJ065,train
IE7615 Deep Learning for AI/images_OBJ065/OBJ065_070.jpg,OBJ065,False,70,OBJ065,train
IE7615 Deep Learning for AI/images_OBJ065/OBJ065_071.jpg,OBJ065,False,71,OBJ065,train
IE7615 Deep Learning for AI/images_OBJ065/OBJ065_072.jpg,OBJ065,False,72,OBJ065,train
IE7615 Deep Learning for AI/images_OBJ065/OBJ065_073.jpg,OBJ065,False,73,OBJ065,train
IE7615 Deep Learning for AI/images_OBJ065/OBJ065_074.jpg,OBJ065,False,74,OBJ065,train
IE7615 Deep Learning for AI/images_OBJ065/OBJ065_075.jpg,OBJ065,False,75,OBJ065,train
IE7615 Deep Learning for AI/images_OBJ065/OBJ065_076.jpg,OBJ065,False,76,OBJ065,val
IE7615 Deep Learning for AI/images_OBJ065/OBJ065_077.jpg,OBJ065,False,77,OBJ065,val
IE7615 Deep Learning for AI/images_OBJ065/OBJ065_078.jpg,OBJ065,False,78,OBJ065,val
IE7615 Deep Learning for AI/images_OBJ065/OBJ065_079.jpg,OBJ065,False,79,OBJ065,val
IE7615 Deep Learning for AI/images_OBJ065/OBJ065_080.jpg,OBJ065,False,80,OBJ065,val
IE7615 Deep Learning for AI/images_OBJ065/OBJ065_081.jpg,OBJ065,False,81,OBJ065,train
IE7615 Deep Learning for AI/images_OBJ065/OBJ065_082.jpg,OBJ065,False,82,OBJ065,train
IE7615 Deep Learning for AI/images_OBJ065/OBJ065_083.jpg,OBJ065,False,83,OBJ065,train
IE7615 Deep Learning for AI/images_OBJ065/OBJ065_084.jpg,OBJ065,False,84,OBJ065,train
IE7615 Deep Learning for AI/images_OBJ065/OBJ065_085.jpg,OBJ065,False,85,OBJ065,train
IE7615 Deep Learning for AI/images_OBJ065/OBJ065_086.jpg,OBJ065,False,86,OBJ065,train
IE7615 Deep Learning for AI/images_OBJ065/OBJ065_087.jpg,OBJ065,False,87,OBJ065,train
IE7615 Deep Learning for AI/images_OBJ065/OBJ065_088.jpg,OBJ065,False,88,OBJ065,train
IE7615 Deep Learning for AI/images_OBJ065/OBJ065_089.jpg,OBJ065,False,89,OBJ065,train
IE7615 Deep Learning for AI/images_OBJ065/OBJ065_090.jpg,OBJ065,False,90,OBJ065,train
IE7615 Deep Learning for AI/images_OBJ065/OBJ065_091.jpg,OBJ065,False,91,OBJ065,train
IE7615 Deep Learning for AI/images_OBJ065/OBJ065_092.jpg,OBJ065,False,92,OBJ065,train
IE7615 Deep Learning for AI/images_OBJ065/OBJ065_093.jpg,OBJ065,False,93,OBJ065,train
IE7615 Deep Learning for AI/images_OBJ065/OBJ065_094.jpg,OBJ065,False,94,OBJ065,train
IE7615 Deep Learning for AI/images_OBJ065/OBJ065_095.jpg,OBJ065,False,95,OBJ065,train
IE7615 Deep Learning for AI/images_OBJ065/OBJ065_bg_001.jpg,OBJ065,True,1,no_object,train
IE7615 Deep Learning for AI/images_OBJ065/OBJ065_bg_002.jpg,OBJ065,True,2,no_object,train
IE7615 Deep Learning for AI/images_OBJ065/OBJ065_bg_003.jpg,OBJ065,True,3,no_object,train
IE7615 Deep Learning for AI/images_OBJ065/OBJ065_bg_004.jpg,OBJ065,True,4,no_object,train
IE7615 Deep Learning for AI/images_OBJ065/OBJ065_bg_005.jpg,OBJ065,True,5,no_object,train
IE7615 Deep Learning for AI/images_OBJ066/OBJ066_001.jpg,OBJ066,False,1,OBJ066,train
IE7615 Deep Learning for AI/images_OBJ066/OBJ066_002.jpg,OBJ066,False,2,OBJ066,train
IE7615 Deep Learning for AI/images_OBJ066/OBJ066_003.jpg,OBJ066,False,3,OBJ066,train
IE7615 Deep Learning for AI/images_OBJ066/OBJ066_004.jpg,OBJ066,False,4,OBJ066,train
IE7615 Deep Learning for AI/images_OBJ066/OBJ066_005.jpg,OBJ066,False,5,OBJ066,train
IE7615 Deep Learning for AI/images_OBJ066/OBJ066_006.jpg,OBJ066,False,6,OBJ066,train
IE7615 Deep Learning for AI/images_OBJ066/OBJ066_007.jpg,OBJ066,False,7,OBJ066,train
IE7615 Deep Learning for AI/images_OBJ066/OBJ066_008.jpg,OBJ066,False,8,OBJ066,train
IE7615 Deep Learning for AI/images_OBJ066/OBJ066_009.jpg,OBJ066,False,9,OBJ066,train
IE7615 Deep Learning for AI/images_OBJ066/OBJ066_010.jpg,OBJ066,False,10,OBJ066,train
IE7615 Deep Learning for AI/images_OBJ066/OBJ066_011.jpg,OBJ066,False,11,OBJ066,train
IE7615 Deep Learning for AI/images_OBJ066/OBJ066_012.jpg,OBJ066,False,12,OBJ066,train
IE7615 Deep Learning for AI/images_OBJ066/OBJ066_013.jpg,OBJ066,False,13,OBJ066,train
IE7615 Deep Learning for AI/images_OBJ066/OBJ066_014.jpg,OBJ066,False,14,OBJ066,train
IE7615 Deep Learning for AI/images_OBJ066/OBJ066_015.jpg,OBJ066,False,15,OBJ066,train
IE7615 Deep Learning for AI/images_OBJ066/OBJ066_016.jpg,OBJ066,False,16,OBJ066,val
IE7615 Deep Learning for AI/images_OBJ066/OBJ066_017.jpg,OBJ066,False,17,OBJ066,val
IE7615 Deep Learning for AI/images_OBJ066/OBJ066_018.jpg,OBJ066,False,18,OBJ066,val
IE7615 Deep Learning for AI/images_OBJ066/OBJ066_019.jpg,OBJ066,False,19,OBJ066,val
IE7615 Deep Learning for AI/images_OBJ066/OBJ066_020.jpg,OBJ066,False,20,OBJ066,val
IE7615 Deep Learning for AI/images_OBJ066/OBJ066_021.jpg,OBJ066,False,21,OBJ066,train
IE7615 Deep Learning for AI/images_OBJ066/OBJ066_022.jpg,OBJ066,False,22,OBJ066,train
IE7615 Deep Learning for AI/images_OBJ066/OBJ066_023.jpg,OBJ066,False,23,OBJ066,train
IE7615 Deep Learning for AI/images_OBJ066/OBJ066_024.jpg,OBJ066,False,24,OBJ066,train
IE7615 Deep Learning for AI/images_OBJ066/OBJ066_025.jpg,OBJ066,False,25,OBJ066,train
IE7615 Deep Learning for AI/images_OBJ066/OBJ066_026.jpg,OBJ066,False,26,OBJ066,test
IE7615 Deep Learning for AI/images_OBJ066/OBJ066_027.jpg,OBJ066,False,27,OBJ066,test
IE7615 Deep Learning for AI/images_OBJ066/OBJ066_028.jpg,OBJ066,False,28,OBJ066,test
IE7615 Deep Learning for AI/images_OBJ066/OBJ066_029.jpg,OBJ066,False,29,OBJ066,test
IE7615 Deep Learning for AI/images_OBJ066/OBJ066_030.jpg,OBJ066,False,30,OBJ066,test
IE7615 Deep Learning for AI/images_OBJ066/OBJ066_031.jpg,OBJ066,False,31,OBJ066,train
IE7615 Deep Learning for AI/images_OBJ066/OBJ066_032.jpg,OBJ066,False,32,OBJ066,train
IE7615 Deep Learning for AI/images_OBJ066/OBJ066_033.jpg,OBJ066,False,33,OBJ066,train
IE7615 Deep Learning for AI/images_OBJ066/OBJ066_034.jpg,OBJ066,False,34,OBJ066,train
IE7615 Deep Learning for AI/images_OBJ066/OBJ066_035.jpg,OBJ066,False,35,OBJ066,train
IE7615 Deep Learning for AI/images_OBJ066/OBJ066_036.jpg,OBJ066,False,36,OBJ066,train
IE7615 Deep Learning for AI/images_OBJ066/OBJ066_037.jpg,OBJ066,False,37,OBJ066,train
IE7615 Deep Learning for AI/images_OBJ066/OBJ066_038.jpg,OBJ066,False,38,OBJ066,train
IE7615 Deep Learning for AI/images_OBJ066/OBJ066_039.jpg,OBJ066,False,39,OBJ066,train
IE7615 Deep Learning for AI/images_OBJ066/OBJ066_040.jpg,OBJ066,False,40,OBJ066,train
IE7615 Deep Learning for AI/images_OBJ066/OBJ066_041.jpg,OBJ066,False,41,OBJ066,test
IE7615 Deep Learning for AI/images_OBJ066/OBJ066_042.jpg,OBJ066,False,42,OBJ066,test
IE7615 Deep Learning for AI/images_OBJ066/OBJ066_043.jpg,OBJ066,False,43,OBJ066,test
IE7615 Deep Learning for AI/images_OBJ066/OBJ066_044.jpg,OBJ066,False,44,OBJ066,test
IE7615 Deep Learning for AI/images_OBJ066/OBJ066_045.jpg,OBJ066,False,45,OBJ066,test
IE7615 Deep Learning for AI/images_OBJ066/OBJ066_046.jpg,OBJ066,False,46,OBJ066,val
IE7615 Deep Learning for AI/images_OBJ066/OBJ066_047.jpg,OBJ066,False,47,OBJ066,val
IE7615 Deep Learning for AI/images_OBJ066/OBJ066_048.jpg,OBJ066,False,48,OBJ066,val
IE7615 Deep Learning for AI/images_OBJ066/OBJ066_049.jpg,OBJ066,False,49,OBJ066,val
IE7615 Deep Learning for AI/images_OBJ066/OBJ066_050.jpg,OBJ066,False,50,OBJ066,val
IE7615 Deep Learning for AI/images_OBJ066/OBJ066_051.jpg,OBJ066,False,51,OBJ066,train
IE7615 Deep Learning for AI/images_OBJ066/OBJ066_052.jpg,OBJ066,False,52,OBJ066,train
IE7615 Deep Learning for AI/images_OBJ066/OBJ066_053.jpg,OBJ066,False,53,OBJ066,train
IE7615 Deep Learning for AI/images_OBJ066/OBJ066_054.jpg,OBJ066,False,54,OBJ066,train
IE7615 Deep Learning for AI/images_OBJ066/OBJ066_055.jpg,OBJ066,False,55,OBJ066,train
IE7615 Deep Learning for AI/images_OBJ066/OBJ066_056.jpg,OBJ066,False,56,OBJ066,train
IE7615 Deep Learning for AI/images_OBJ066/OBJ066_057.jpg,OBJ066,False,57,OBJ066,train
IE7615 Deep Learning for AI/images_OBJ066/OBJ066_058.jpg,OBJ066,False,58,OBJ066,train
IE7615 Deep Learning for AI/images_OBJ066/OBJ066_059.jpg,OBJ066,False,59,OBJ066,train
IE7615 Deep Learning for AI/images_OBJ066/OBJ066_060.jpg,OBJ066,False,60,OBJ066,train
IE7615 Deep Learning for AI/images_OBJ066/OBJ066_061.jpg,OBJ066,False,61,OBJ066,train
IE7615 Deep Learning for AI/images_OBJ066/OBJ066_062.jpg,OBJ066,False,62,OBJ066,train
IE7615 Deep Learning for AI/images_OBJ066/OBJ066_063.jpg,OBJ066,False,63,OBJ066,train
IE7615 Deep Learning for AI/images_OBJ066/OBJ066_064.jpg,OBJ066,False,64,OBJ066,train
IE7615 Deep Learning for AI/images_OBJ066/OBJ066_065.jpg,OBJ066,False,65,OBJ066,train
IE7615 Deep Learning for AI/images_OBJ066/OBJ066_066.jpg,OBJ066,False,66,OBJ066,train
IE7615 Deep Learning for AI/images_OBJ066/OBJ066_067.jpg,OBJ066,False,67,OBJ066,train
IE7615 Deep Learning for AI/images_OBJ066/OBJ066_068.jpg,OBJ066,False,68,OBJ066,train
IE7615 Deep Learning for AI/images_OBJ066/OBJ066_069.jpg,OBJ066,False,69,OBJ066,train
IE7615 Deep Learning for AI/images_OBJ066/OBJ066_070.jpg,OBJ066,False,70,OBJ066,train
IE7615 Deep Learning for AI/images_OBJ066/OBJ066_071.jpg,OBJ066,False,71,OBJ066,train
IE7615 Deep Learning for AI/images_OBJ066/OBJ066_072.jpg,OBJ066,False,72,OBJ066,train
IE7615 Deep Learning for AI/images_OBJ066/OBJ066_073.jpg,OBJ066,False,73,OBJ066,train
IE7615 Deep Learning for AI/images_OBJ066/OBJ066_074.jpg,OBJ066,False,74,OBJ066,train
IE7615 Deep Learning for AI/images_OBJ066/OBJ066_075.jpg,OBJ066,False,75,OBJ066,train
IE7615 Deep Learning for AI/images_OBJ066/OBJ066_076.jpg,OBJ066,False,76,OBJ066,test
IE7615 Deep Learning for AI/images_OBJ066/OBJ066_077.jpg,OBJ066,False,77,OBJ066,test
IE7615 Deep Learning for AI/images_OBJ066/OBJ066_078.jpg,OBJ066,False,78,OBJ066,test
IE7615 Deep Learning for AI/images_OBJ066/OBJ066_079.jpg,OBJ066,False,79,OBJ066,test
IE7615 Deep Learning for AI/images_OBJ066/OBJ066_080.jpg,OBJ066,False,80,OBJ066,test
IE7615 Deep Learning for AI/images_OBJ066/OBJ066_081.jpg,OBJ066,False,81,OBJ066,train
IE7615 Deep Learning for AI/images_OBJ066/OBJ066_082.jpg,OBJ066,False,82,OBJ066,train
IE7615 Deep Learning for AI/images_OBJ066/OBJ066_083.jpg,OBJ066,False,83,OBJ066,train
IE7615 Deep Learning for AI/images_OBJ066/OBJ066_084.jpg,OBJ066,False,84,OBJ066,train
IE7615 Deep Learning for AI/images_OBJ066/OBJ066_085.jpg,OBJ066,False,85,OBJ066,train
IE7615 Deep Learning for AI/images_OBJ066/OBJ066_086.jpg,OBJ066,False,86,OBJ066,train
IE7615 Deep Learning for AI/images_OBJ066/OBJ066_087.jpg,OBJ066,False,87,OBJ066,train
IE7615 Deep Learning for AI/images_OBJ066/OBJ066_088.jpg,OBJ066,False,88,OBJ066,train
IE7615 Deep Learning for AI/images_OBJ066/OBJ066_089.jpg,OBJ066,False,89,OBJ066,train
IE7615 Deep Learning for AI/images_OBJ066/OBJ066_090.jpg,OBJ066,False,90,OBJ066,train
IE7615 Deep Learning for AI/images_OBJ066/OBJ066_091.jpg,OBJ066,False,91,OBJ066,val
IE7615 Deep Learning for AI/images_OBJ066/OBJ066_092.jpg,OBJ066,False,92,OBJ066,val
IE7615 Deep Learning for AI/images_OBJ066/OBJ066_093.jpg,OBJ066,False,93,OBJ066,val
IE7615 Deep Learning for AI/images_OBJ066/OBJ066_094.jpg,OBJ066,False,94,OBJ066,val
IE7615 Deep Learning for AI/images_OBJ066/OBJ066_095.jpg,OBJ066,False,95,OBJ066,val
IE7615 Deep Learning for AI/images_OBJ066/OBJ066_bg_001.jpg,OBJ066,True,1,no_object,val
IE7615 Deep Learning for AI/images_OBJ066/OBJ066_bg_002.jpg,OBJ066,True,2,no_object,val
IE7615 Deep Learning for AI/images_OBJ066/OBJ066_bg_003.jpg,OBJ066,True,3,no_object,val
IE7615 Deep Learning for AI/images_OBJ066/OBJ066_bg_004.jpg,OBJ066,True,4,no_object,val
IE7615 Deep Learning for AI/images_OBJ066/OBJ066_bg_005.jpg,OBJ066,True,5,no_object,val
IE7615 Deep Learning for AI/images_OBJ067/OBJ067_0001.jpg,OBJ067,False,1,OBJ067,train
IE7615 Deep Learning for AI/images_OBJ067/OBJ067_0002.jpg,OBJ067,False,2,OBJ067,train
IE7615 Deep Learning for AI/images_OBJ067/OBJ067_0003.jpg,OBJ067,False,3,OBJ067,train
IE7615 Deep Learning for AI/images_OBJ067/OBJ067_0004.jpg,OBJ067,False,4,OBJ067,train
IE7615 Deep Learning for AI/images_OBJ067/OBJ067_0005.jpg,OBJ067,False,5,OBJ067,train
IE7615 Deep Learning for AI/images_OBJ067/OBJ067_0006.jpg,OBJ067,False,6,OBJ067,test
IE7615 Deep Learning for AI/images_OBJ067/OBJ067_0007.jpg,OBJ067,False,7,OBJ067,test
IE7615 Deep Learning for AI/images_OBJ067/OBJ067_0008.jpg,OBJ067,False,8,OBJ067,test
IE7615 Deep Learning for AI/images_OBJ067/OBJ067_0009.jpg,OBJ067,False,9,OBJ067,test
IE7615 Deep Learning for AI/images_OBJ067/OBJ067_0010.jpg,OBJ067,False,10,OBJ067,test
IE7615 Deep Learning for AI/images_OBJ067/OBJ067_0011.jpg,OBJ067,False,11,OBJ067,train
IE7615 Deep Learning for AI/images_OBJ067/OBJ067_0012.jpg,OBJ067,False,12,OBJ067,train
IE7615 Deep Learning for AI/images_OBJ067/OBJ067_0013.jpg,OBJ067,False,13,OBJ067,train
IE7615 Deep Learning for AI/images_OBJ067/OBJ067_0014.jpg,OBJ067,False,14,OBJ067,train
IE7615 Deep Learning for AI/images_OBJ067/OBJ067_0015.jpg,OBJ067,False,15,OBJ067,train
IE7615 Deep Learning for AI/images_OBJ067/OBJ067_0016.jpg,OBJ067,False,16,OBJ067,train
IE7615 Deep Learning for AI/images_OBJ067/OBJ067_0017.jpg,OBJ067,False,17,OBJ067,train
IE7615 Deep Learning for AI/images_OBJ067/OBJ067_0018.jpg,OBJ067,False,18,OBJ067,train
IE7615 Deep Learning for AI/images_OBJ067/OBJ067_0019.jpg,OBJ067,False,19,OBJ067,train
IE7615 Deep Learning for AI/images_OBJ067/OBJ067_0020.jpg,OBJ067,False,20,OBJ067,train
IE7615 Deep Learning for AI/images_OBJ067/OBJ067_0021.jpg,OBJ067,False,21,OBJ067,train
IE7615 Deep Learning for AI/images_OBJ067/OBJ067_0022.jpg,OBJ067,False,22,OBJ067,train
IE7615 Deep Learning for AI/images_OBJ067/OBJ067_0023.jpg,OBJ067,False,23,OBJ067,train
IE7615 Deep Learning for AI/images_OBJ067/OBJ067_0024.jpg,OBJ067,False,24,OBJ067,train
IE7615 Deep Learning for AI/images_OBJ067/OBJ067_0025.jpg,OBJ067,False,25,OBJ067,train
IE7615 Deep Learning for AI/images_OBJ067/OBJ067_0026.jpg,OBJ067,False,26,OBJ067,val
IE7615 Deep Learning for AI/images_OBJ067/OBJ067_0027.jpg,OBJ067,False,27,OBJ067,val
IE7615 Deep Learning for AI/images_OBJ067/OBJ067_0028.jpg,OBJ067,False,28,OBJ067,val
IE7615 Deep Learning for AI/images_OBJ067/OBJ067_0029.jpg,OBJ067,False,29,OBJ067,val
IE7615 Deep Learning for AI/images_OBJ067/OBJ067_0030.jpg,OBJ067,False,30,OBJ067,val
IE7615 Deep Learning for AI/images_OBJ067/OBJ067_0031.jpg,OBJ067,False,31,OBJ067,train
IE7615 Deep Learning for AI/images_OBJ067/OBJ067_0032.jpg,OBJ067,False,32,OBJ067,train
IE7615 Deep Learning for AI/images_OBJ067/OBJ067_0033.jpg,OBJ067,False,33,OBJ067,train
IE7615 Deep Learning for AI/images_OBJ067/OBJ067_0034.jpg,OBJ067,False,34,OBJ067,train
IE7615 Deep Learning for AI/images_OBJ067/OBJ067_0035.jpg,OBJ067,False,35,OBJ067,train
IE7615 Deep Learning for AI/images_OBJ067/OBJ067_0036.jpg,OBJ067,False,36,OBJ067,train
IE7615 Deep Learning for AI/images_OBJ067/OBJ067_0037.jpg,OBJ067,False,37,OBJ067,train
IE7615 Deep Learning for AI/images_OBJ067/OBJ067_0038.jpg,OBJ067,False,38,OBJ067,train
IE7615 Deep Learning for AI/images_OBJ067/OBJ067_0039.jpg,OBJ067,False,39,OBJ067,train
IE7615 Deep Learning for AI/images_OBJ067/OBJ067_0040.jpg,OBJ067,False,40,OBJ067,train
IE7615 Deep Learning for AI/images_OBJ067/OBJ067_0041.jpg,OBJ067,False,41,OBJ067,train
IE7615 Deep Learning for AI/images_OBJ067/OBJ067_0042.jpg,OBJ067,False,42,OBJ067,train
IE7615 Deep Learning for AI/images_OBJ067/OBJ067_0043.jpg,OBJ067,False,43,OBJ067,train
IE7615 Deep Learning for AI/images_OBJ067/OBJ067_0044.jpg,OBJ067,False,44,OBJ067,train
IE7615 Deep Learning for AI/images_OBJ067/OBJ067_0045.jpg,OBJ067,False,45,OBJ067,train
IE7615 Deep Learning for AI/images_OBJ067/OBJ067_0046.jpg,OBJ067,False,46,OBJ067,train
IE7615 Deep Learning for AI/images_OBJ067/OBJ067_0047.jpg,OBJ067,False,47,OBJ067,train
IE7615 Deep Learning for AI/images_OBJ067/OBJ067_0048.jpg,OBJ067,False,48,OBJ067,train
IE7615 Deep Learning for AI/images_OBJ067/OBJ067_0049.jpg,OBJ067,False,49,OBJ067,train
IE7615 Deep Learning for AI/images_OBJ067/OBJ067_0050.jpg,OBJ067,False,50,OBJ067,train
IE7615 Deep Learning for AI/images_OBJ067/OBJ067_0051.jpg,OBJ067,False,51,OBJ067,train
IE7615 Deep Learning for AI/images_OBJ067/OBJ067_0052.jpg,OBJ067,False,52,OBJ067,train
IE7615 Deep Learning for AI/images_OBJ067/OBJ067_0053.jpg,OBJ067,False,53,OBJ067,train
IE7615 Deep Learning for AI/images_OBJ067/OBJ067_0054.jpg,OBJ067,False,54,OBJ067,train
IE7615 Deep Learning for AI/images_OBJ067/OBJ067_0055.jpg,OBJ067,False,55,OBJ067,train
IE7615 Deep Learning for AI/images_OBJ067/OBJ067_0056.jpg,OBJ067,False,56,OBJ067,train
IE7615 Deep Learning for AI/images_OBJ067/OBJ067_0057.jpg,OBJ067,False,57,OBJ067,train
IE7615 Deep Learning for AI/images_OBJ067/OBJ067_0058.jpg,OBJ067,False,58,OBJ067,train
IE7615 Deep Learning for AI/images_OBJ067/OBJ067_0059.jpg,OBJ067,False,59,OBJ067,train
IE7615 Deep Learning for AI/images_OBJ067/OBJ067_0060.jpg,OBJ067,False,60,OBJ067,train
IE7615 Deep Learning for AI/images_OBJ067/OBJ067_0061.jpg,OBJ067,False,61,OBJ067,train
IE7615 Deep Learning for AI/images_OBJ067/OBJ067_0062.jpg,OBJ067,False,62,OBJ067,train
IE7615 Deep Learning for AI/images_OBJ067/OBJ067_0063.jpg,OBJ067,False,63,OBJ067,train
IE7615 Deep Learning for AI/images_OBJ067/OBJ067_0064.jpg,OBJ067,False,64,OBJ067,train
IE7615 Deep Learning for AI/images_OBJ067/OBJ067_0065.jpg,OBJ067,False,65,OBJ067,train
IE7615 Deep Learning for AI/images_OBJ067/OBJ067_0066.jpg,OBJ067,False,66,OBJ067,val
IE7615 Deep Learning for AI/images_OBJ067/OBJ067_0067.jpg,OBJ067,False,67,OBJ067,val
IE7615 Deep Learning for AI/images_OBJ067/OBJ067_0068.jpg,OBJ067,False,68,OBJ067,val
IE7615 Deep Learning for AI/images_OBJ067/OBJ067_0069.jpg,OBJ067,False,69,OBJ067,val
IE7615 Deep Learning for AI/images_OBJ067/OBJ067_0070.jpg,OBJ067,False,70,OBJ067,val
IE7615 Deep Learning for AI/images_OBJ067/OBJ067_0071.jpg,OBJ067,False,71,OBJ067,train
IE7615 Deep Learning for AI/images_OBJ067/OBJ067_0072.jpg,OBJ067,False,72,OBJ067,train
IE7615 Deep Learning for AI/images_OBJ067/OBJ067_0073.jpg,OBJ067,False,73,OBJ067,train
IE7615 Deep Learning for AI/images_OBJ067/OBJ067_0074.jpg,OBJ067,False,74,OBJ067,train
IE7615 Deep Learning for AI/images_OBJ067/OBJ067_0075.jpg,OBJ067,False,75,OBJ067,train
IE7615 Deep Learning for AI/images_OBJ067/OBJ067_0076.jpg,OBJ067,False,76,OBJ067,val
IE7615 Deep Learning for AI/images_OBJ067/OBJ067_0077.jpg,OBJ067,False,77,OBJ067,val
IE7615 Deep Learning for AI/images_OBJ067/OBJ067_0078.jpg,OBJ067,False,78,OBJ067,val
IE7615 Deep Learning for AI/images_OBJ067/OBJ067_0079.jpg,OBJ067,False,79,OBJ067,val
IE7615 Deep Learning for AI/images_OBJ067/OBJ067_0080.jpg,OBJ067,False,80,OBJ067,val
IE7615 Deep Learning for AI/images_OBJ067/OBJ067_0081.jpg,OBJ067,False,81,OBJ067,test
IE7615 Deep Learning for AI/images_OBJ067/OBJ067_0082.jpg,OBJ067,False,82,OBJ067,test
IE7615 Deep Learning for AI/images_OBJ067/OBJ067_0083.jpg,OBJ067,False,83,OBJ067,test
IE7615 Deep Learning for AI/images_OBJ067/OBJ067_0084.jpg,OBJ067,False,84,OBJ067,test
IE7615 Deep Learning for AI/images_OBJ067/OBJ067_0085.jpg,OBJ067,False,85,OBJ067,test
IE7615 Deep Learning for AI/images_OBJ067/OBJ067_0086.jpg,OBJ067,False,86,OBJ067,test
IE7615 Deep Learning for AI/images_OBJ067/OBJ067_0087.jpg,OBJ067,False,87,OBJ067,test
IE7615 Deep Learning for AI/images_OBJ067/OBJ067_0088.jpg,OBJ067,False,88,OBJ067,test
IE7615 Deep Learning for AI/images_OBJ067/OBJ067_0089.jpg,OBJ067,False,89,OBJ067,test
IE7615 Deep Learning for AI/images_OBJ067/OBJ067_0090.jpg,OBJ067,False,90,OBJ067,test
IE7615 Deep Learning for AI/images_OBJ067/OBJ067_0091.jpg,OBJ067,False,91,OBJ067,train
IE7615 Deep Learning for AI/images_OBJ067/OBJ067_0092.jpg,OBJ067,False,92,OBJ067,train
IE7615 Deep Learning for AI/images_OBJ067/OBJ067_0093.jpg,OBJ067,False,93,OBJ067,train
IE7615 Deep Learning for AI/images_OBJ067/OBJ067_0094.jpg,OBJ067,False,94,OBJ067,train
IE7615 Deep Learning for AI/images_OBJ067/OBJ067_0095.jpg,OBJ067,False,95,OBJ067,train
IE7615 Deep Learning for AI/images_OBJ067/OBJ067_bg_001.jpeg,OBJ067,True,1,no_object,train
IE7615 Deep Learning for AI/images_OBJ067/OBJ067_bg_002.jpeg,OBJ067,True,2,no_object,train
IE7615 Deep Learning for AI/images_OBJ067/OBJ067_bg_003.jpeg,OBJ067,True,3,no_object,train
IE7615 Deep Learning for AI/images_OBJ067/OBJ067_bg_004.jpeg,OBJ067,True,4,no_object,train
IE7615 Deep Learning for AI/images_OBJ067/OBJ067_bg_005.jpeg,OBJ067,True,5,no_object,train
IE7615 Deep Learning for AI/images_OBJ068/OBJ068_001.jpg,OBJ068,False,1,OBJ068,test
IE7615 Deep Learning for AI/images_OBJ068/OBJ068_002.jpg,OBJ068,False,2,OBJ068,test
IE7615 Deep Learning for AI/images_OBJ068/OBJ068_003.jpg,OBJ068,False,3,OBJ068,test
IE7615 Deep Learning for AI/images_OBJ068/OBJ068_004.jpg,OBJ068,False,4,OBJ068,test
IE7615 Deep Learning for AI/images_OBJ068/OBJ068_005.jpg,OBJ068,False,5,OBJ068,test
IE7615 Deep Learning for AI/images_OBJ068/OBJ068_006.jpg,OBJ068,False,6,OBJ068,train
IE7615 Deep Learning for AI/images_OBJ068/OBJ068_007.jpg,OBJ068,False,7,OBJ068,train
IE7615 Deep Learning for AI/images_OBJ068/OBJ068_008.jpg,OBJ068,False,8,OBJ068,train
IE7615 Deep Learning for AI/images_OBJ068/OBJ068_009.jpg,OBJ068,False,9,OBJ068,train
IE7615 Deep Learning for AI/images_OBJ068/OBJ068_010.jpg,OBJ068,False,10,OBJ068,train
IE7615 Deep Learning for AI/images_OBJ068/OBJ068_011.jpg,OBJ068,False,11,OBJ068,val
IE7615 Deep Learning for AI/images_OBJ068/OBJ068_012.jpg,OBJ068,False,12,OBJ068,val
IE7615 Deep Learning for AI/images_OBJ068/OBJ068_013.jpg,OBJ068,False,13,OBJ068,val
IE7615 Deep Learning for AI/images_OBJ068/OBJ068_014.jpg,OBJ068,False,14,OBJ068,val
IE7615 Deep Learning for AI/images_OBJ068/OBJ068_015.jpg,OBJ068,False,15,OBJ068,val
IE7615 Deep Learning for AI/images_OBJ068/OBJ068_016.jpg,OBJ068,False,16,OBJ068,train
IE7615 Deep Learning for AI/images_OBJ068/OBJ068_017.jpg,OBJ068,False,17,OBJ068,train
IE7615 Deep Learning for AI/images_OBJ068/OBJ068_018.jpg,OBJ068,False,18,OBJ068,train
IE7615 Deep Learning for AI/images_OBJ068/OBJ068_019.jpg,OBJ068,False,19,OBJ068,train
IE7615 Deep Learning for AI/images_OBJ068/OBJ068_020.jpg,OBJ068,False,20,OBJ068,train
IE7615 Deep Learning for AI/images_OBJ068/OBJ068_021.jpg,OBJ068,False,21,OBJ068,train
IE7615 Deep Learning for AI/images_OBJ068/OBJ068_022.jpg,OBJ068,False,22,OBJ068,train
IE7615 Deep Learning for AI/images_OBJ068/OBJ068_023.jpg,OBJ068,False,23,OBJ068,train
IE7615 Deep Learning for AI/images_OBJ068/OBJ068_024.jpg,OBJ068,False,24,OBJ068,train
IE7615 Deep Learning for AI/images_OBJ068/OBJ068_025.jpg,OBJ068,False,25,OBJ068,train
IE7615 Deep Learning for AI/images_OBJ068/OBJ068_026.jpg,OBJ068,False,26,OBJ068,train
IE7615 Deep Learning for AI/images_OBJ068/OBJ068_027.jpg,OBJ068,False,27,OBJ068,train
IE7615 Deep Learning for AI/images_OBJ068/OBJ068_028.jpg,OBJ068,False,28,OBJ068,train
IE7615 Deep Learning for AI/images_OBJ068/OBJ068_029.jpg,OBJ068,False,29,OBJ068,train
IE7615 Deep Learning for AI/images_OBJ068/OBJ068_030.jpg,OBJ068,False,30,OBJ068,train
IE7615 Deep Learning for AI/images_OBJ068/OBJ068_031.jpg,OBJ068,False,31,OBJ068,train
IE7615 Deep Learning for AI/images_OBJ068/OBJ068_032.jpg,OBJ068,False,32,OBJ068,train
IE7615 Deep Learning for AI/images_OBJ068/OBJ068_033.jpg,OBJ068,False,33,OBJ068,train
IE7615 Deep Learning for AI/images_OBJ068/OBJ068_034.jpg,OBJ068,False,34,OBJ068,train
IE7615 Deep Learning for AI/images_OBJ068/OBJ068_035.jpg,OBJ068,False,35,OBJ068,train
IE7615 Deep Learning for AI/images_OBJ068/OBJ068_036.jpg,OBJ068,False,36,OBJ068,train
IE7615 Deep Learning for AI/images_OBJ068/OBJ068_037.jpg,OBJ068,False,37,OBJ068,train
IE7615 Deep Learning for AI/images_OBJ068/OBJ068_038.jpg,OBJ068,False,38,OBJ068,train
IE7615 Deep Learning for AI/images_OBJ068/OBJ068_039.jpg,OBJ068,False,39,OBJ068,train
IE7615 Deep Learning for AI/images_OBJ068/OBJ068_040.jpg,OBJ068,False,40,OBJ068,train
IE7615 Deep Learning for AI/images_OBJ068/OBJ068_041.jpg,OBJ068,False,41,OBJ068,val
IE7615 Deep Learning for AI/images_OBJ068/OBJ068_042.jpg,OBJ068,False,42,OBJ068,val
IE7615 Deep Learning for AI/images_OBJ068/OBJ068_043.jpg,OBJ068,False,43,OBJ068,val
IE7615 Deep Learning for AI/images_OBJ068/OBJ068_044.jpg,OBJ068,False,44,OBJ068,val
IE7615 Deep Learning for AI/images_OBJ068/OBJ068_045.jpg,OBJ068,False,45,OBJ068,val
IE7615 Deep Learning for AI/images_OBJ068/OBJ068_046.jpg,OBJ068,False,46,OBJ068,train
IE7615 Deep Learning for AI/images_OBJ068/OBJ068_047.jpg,OBJ068,False,47,OBJ068,train
IE7615 Deep Learning for AI/images_OBJ068/OBJ068_048.jpg,OBJ068,False,48,OBJ068,train
IE7615 Deep Learning for AI/images_OBJ068/OBJ068_049.jpg,OBJ068,False,49,OBJ068,train
IE7615 Deep Learning for AI/images_OBJ068/OBJ068_050.jpg,OBJ068,False,50,OBJ068,train
IE7615 Deep Learning for AI/images_OBJ068/OBJ068_051.jpg,OBJ068,False,51,OBJ068,train
IE7615 Deep Learning for AI/images_OBJ068/OBJ068_052.jpg,OBJ068,False,52,OBJ068,train
IE7615 Deep Learning for AI/images_OBJ068/OBJ068_053.jpg,OBJ068,False,53,OBJ068,train
IE7615 Deep Learning for AI/images_OBJ068/OBJ068_054.jpg,OBJ068,False,54,OBJ068,train
IE7615 Deep Learning for AI/images_OBJ068/OBJ068_055.jpg,OBJ068,False,55,OBJ068,train
IE7615 Deep Learning for AI/images_OBJ068/OBJ068_056.jpg,OBJ068,False,56,OBJ068,train
IE7615 Deep Learning for AI/images_OBJ068/OBJ068_057.jpg,OBJ068,False,57,OBJ068,train
IE7615 Deep Learning for AI/images_OBJ068/OBJ068_058.jpg,OBJ068,False,58,OBJ068,train
IE7615 Deep Learning for AI/images_OBJ068/OBJ068_059.jpg,OBJ068,False,59,OBJ068,train
IE7615 Deep Learning for AI/images_OBJ068/OBJ068_060.jpg,OBJ068,False,60,OBJ068,train
IE7615 Deep Learning for AI/images_OBJ068/OBJ068_061.jpg,OBJ068,False,61,OBJ068,val
IE7615 Deep Learning for AI/images_OBJ068/OBJ068_062.jpg,OBJ068,False,62,OBJ068,val
IE7615 Deep Learning for AI/images_OBJ068/OBJ068_063.jpg,OBJ068,False,63,OBJ068,val
IE7615 Deep Learning for AI/images_OBJ068/OBJ068_064.jpg,OBJ068,False,64,OBJ068,val
IE7615 Deep Learning for AI/images_OBJ068/OBJ068_065.jpg,OBJ068,False,65,OBJ068,val
IE7615 Deep Learning for AI/images_OBJ068/OBJ068_066.jpg,OBJ068,False,66,OBJ068,train
IE7615 Deep Learning for AI/images_OBJ068/OBJ068_067.jpg,OBJ068,False,67,OBJ068,train
IE7615 Deep Learning for AI/images_OBJ068/OBJ068_068.jpg,OBJ068,False,68,OBJ068,train
IE7615 Deep Learning for AI/images_OBJ068/OBJ068_069.jpg,OBJ068,False,69,OBJ068,train
IE7615 Deep Learning for AI/images_OBJ068/OBJ068_070.jpg,OBJ068,False,70,OBJ068,train
IE7615 Deep Learning for AI/images_OBJ068/OBJ068_071.jpg,OBJ068,False,71,OBJ068,train
IE7615 Deep Learning for AI/images_OBJ068/OBJ068_072.jpg,OBJ068,False,72,OBJ068,train
IE7615 Deep Learning for AI/images_OBJ068/OBJ068_073.jpg,OBJ068,False,73,OBJ068,train
IE7615 Deep Learning for AI/images_OBJ068/OBJ068_074.jpg,OBJ068,False,74,OBJ068,train
IE7615 Deep Learning for AI/images_OBJ068/OBJ068_075.jpg,OBJ068,False,75,OBJ068,train
IE7615 Deep Learning for AI/images_OBJ068/OBJ068_076.jpg,OBJ068,False,76,OBJ068,test
IE7615 Deep Learning for AI/images_OBJ068/OBJ068_077.jpg,OBJ068,False,77,OBJ068,test
IE7615 Deep Learning for AI/images_OBJ068/OBJ068_078.jpg,OBJ068,False,78,OBJ068,test
IE7615 Deep Learning for AI/images_OBJ068/OBJ068_079.jpg,OBJ068,False,79,OBJ068,test
IE7615 Deep Learning for AI/images_OBJ068/OBJ068_080.jpg,OBJ068,False,80,OBJ068,test
IE7615 Deep Learning for AI/images_OBJ068/OBJ068_081.jpg,OBJ068,False,81,OBJ068,test
IE7615 Deep Learning for AI/images_OBJ068/OBJ068_082.jpg,OBJ068,False,82,OBJ068,test
IE7615 Deep Learning for AI/images_OBJ068/OBJ068_083.jpg,OBJ068,False,83,OBJ068,test
IE7615 Deep Learning for AI/images_OBJ068/OBJ068_084.jpg,OBJ068,False,84,OBJ068,test
IE7615 Deep Learning for AI/images_OBJ068/OBJ068_085.jpg,OBJ068,False,85,OBJ068,test
IE7615 Deep Learning for AI/images_OBJ068/OBJ068_086.jpg,OBJ068,False,86,OBJ068,train
IE7615 Deep Learning for AI/images_OBJ068/OBJ068_087.jpg,OBJ068,False,87,OBJ068,train
IE7615 Deep Learning for AI/images_OBJ068/OBJ068_088.jpg,OBJ068,False,88,OBJ068,train
IE7615 Deep Learning for AI/images_OBJ068/OBJ068_089.jpg,OBJ068,False,89,OBJ068,train
IE7615 Deep Learning for AI/images_OBJ068/OBJ068_090.jpg,OBJ068,False,90,OBJ068,train
IE7615 Deep Learning for AI/images_OBJ068/OBJ068_091.jpg,OBJ068,False,91,OBJ068,train
IE7615 Deep Learning for AI/images_OBJ068/OBJ068_092.jpg,OBJ068,False,92,OBJ068,train
IE7615 Deep Learning for AI/images_OBJ068/OBJ068_093.jpg,OBJ068,False,93,OBJ068,train
IE7615 Deep Learning for AI/images_OBJ068/OBJ068_094.jpg,OBJ068,False,94,OBJ068,train
IE7615 Deep Learning for AI/images_OBJ068/OBJ068_095.jpg,OBJ068,False,95,OBJ068,train
IE7615 Deep Learning for AI/images_OBJ068/OBJ068_bg_001.jpg,OBJ068,True,1,no_object,train
IE7615 Deep Learning for AI/images_OBJ068/OBJ068_bg_002.jpg,OBJ068,True,2,no_object,train
IE7615 Deep Learning for AI/images_OBJ068/OBJ068_bg_003.jpg,OBJ068,True,3,no_object,train
IE7615 Deep Learning for AI/images_OBJ068/OBJ068_bg_004.jpg,OBJ068,True,4,no_object,train
IE7615 Deep Learning for AI/images_OBJ068/OBJ068_bg_005.jpg,OBJ068,True,5,no_object,train
IE7615 Deep Learning for AI/images_OBJ069/OBJ069_001.jpg,OBJ069,False,1,OBJ069,train
IE7615 Deep Learning for AI/images_OBJ069/OBJ069_002.jpg,OBJ069,False,2,OBJ069,train
IE7615 Deep Learning for AI/images_OBJ069/OBJ069_003.jpg,OBJ069,False,3,OBJ069,train
IE7615 Deep Learning for AI/images_OBJ069/OBJ069_004.jpg,OBJ069,False,4,OBJ069,train
IE7615 Deep Learning for AI/images_OBJ069/OBJ069_005.jpg,OBJ069,False,5,OBJ069,train
IE7615 Deep Learning for AI/images_OBJ069/OBJ069_006.jpg,OBJ069,False,6,OBJ069,val
IE7615 Deep Learning for AI/images_OBJ069/OBJ069_007.jpg,OBJ069,False,7,OBJ069,val
IE7615 Deep Learning for AI/images_OBJ069/OBJ069_008.jpg,OBJ069,False,8,OBJ069,val
IE7615 Deep Learning for AI/images_OBJ069/OBJ069_009.jpg,OBJ069,False,9,OBJ069,val
IE7615 Deep Learning for AI/images_OBJ069/OBJ069_010.jpg,OBJ069,False,10,OBJ069,val
IE7615 Deep Learning for AI/images_OBJ069/OBJ069_011.jpg,OBJ069,False,11,OBJ069,train
IE7615 Deep Learning for AI/images_OBJ069/OBJ069_012.jpg,OBJ069,False,12,OBJ069,train
IE7615 Deep Learning for AI/images_OBJ069/OBJ069_013.jpg,OBJ069,False,13,OBJ069,train
IE7615 Deep Learning for AI/images_OBJ069/OBJ069_014.jpg,OBJ069,False,14,OBJ069,train
IE7615 Deep Learning for AI/images_OBJ069/OBJ069_015.jpg,OBJ069,False,15,OBJ069,train
IE7615 Deep Learning for AI/images_OBJ069/OBJ069_016.jpg,OBJ069,False,16,OBJ069,train
IE7615 Deep Learning for AI/images_OBJ069/OBJ069_017.jpg,OBJ069,False,17,OBJ069,train
IE7615 Deep Learning for AI/images_OBJ069/OBJ069_018.jpg,OBJ069,False,18,OBJ069,train
IE7615 Deep Learning for AI/images_OBJ069/OBJ069_019.jpg,OBJ069,False,19,OBJ069,train
IE7615 Deep Learning for AI/images_OBJ069/OBJ069_020.jpg,OBJ069,False,20,OBJ069,train
IE7615 Deep Learning for AI/images_OBJ069/OBJ069_021.jpg,OBJ069,False,21,OBJ069,test
IE7615 Deep Learning for AI/images_OBJ069/OBJ069_022.jpg,OBJ069,False,22,OBJ069,test
IE7615 Deep Learning for AI/images_OBJ069/OBJ069_023.jpg,OBJ069,False,23,OBJ069,test
IE7615 Deep Learning for AI/images_OBJ069/OBJ069_024.jpg,OBJ069,False,24,OBJ069,test
IE7615 Deep Learning for AI/images_OBJ069/OBJ069_025.jpg,OBJ069,False,25,OBJ069,test
IE7615 Deep Learning for AI/images_OBJ069/OBJ069_026.jpg,OBJ069,False,26,OBJ069,train
IE7615 Deep Learning for AI/images_OBJ069/OBJ069_027.jpg,OBJ069,False,27,OBJ069,train
IE7615 Deep Learning for AI/images_OBJ069/OBJ069_028.jpg,OBJ069,False,28,OBJ069,train
IE7615 Deep Learning for AI/images_OBJ069/OBJ069_029.jpg,OBJ069,False,29,OBJ069,train
IE7615 Deep Learning for AI/images_OBJ069/OBJ069_030.jpg,OBJ069,False,30,OBJ069,train
IE7615 Deep Learning for AI/images_OBJ069/OBJ069_031.jpg,OBJ069,False,31,OBJ069,val
IE7615 Deep Learning for AI/images_OBJ069/OBJ069_032.jpg,OBJ069,False,32,OBJ069,val
IE7615 Deep Learning for AI/images_OBJ069/OBJ069_033.jpg,OBJ069,False,33,OBJ069,val
IE7615 Deep Learning for AI/images_OBJ069/OBJ069_034.jpg,OBJ069,False,34,OBJ069,val
IE7615 Deep Learning for AI/images_OBJ069/OBJ069_035.jpg,OBJ069,False,35,OBJ069,val
IE7615 Deep Learning for AI/images_OBJ069/OBJ069_036.jpg,OBJ069,False,36,OBJ069,train
IE7615 Deep Learning for AI/images_OBJ069/OBJ069_037.jpg,OBJ069,False,37,OBJ069,train
IE7615 Deep Learning for AI/images_OBJ069/OBJ069_038.jpg,OBJ069,False,38,OBJ069,train
IE7615 Deep Learning for AI/images_OBJ069/OBJ069_039.jpg,OBJ069,False,39,OBJ069,train
IE7615 Deep Learning for AI/images_OBJ069/OBJ069_040.jpg,OBJ069,False,40,OBJ069,train
IE7615 Deep Learning for AI/images_OBJ069/OBJ069_041.jpg,OBJ069,False,41,OBJ069,test
IE7615 Deep Learning for AI/images_OBJ069/OBJ069_042.jpg,OBJ069,False,42,OBJ069,test
IE7615 Deep Learning for AI/images_OBJ069/OBJ069_043.jpg,OBJ069,False,43,OBJ069,test
IE7615 Deep Learning for AI/images_OBJ069/OBJ069_044.jpg,OBJ069,False,44,OBJ069,test
IE7615 Deep Learning for AI/images_OBJ069/OBJ069_045.jpg,OBJ069,False,45,OBJ069,test
IE7615 Deep Learning for AI/images_OBJ069/OBJ069_046.jpg,OBJ069,False,46,OBJ069,test
IE7615 Deep Learning for AI/images_OBJ069/OBJ069_047.jpg,OBJ069,False,47,OBJ069,test
IE7615 Deep Learning for AI/images_OBJ069/OBJ069_048.jpg,OBJ069,False,48,OBJ069,test
IE7615 Deep Learning for AI/images_OBJ069/OBJ069_049.jpg,OBJ069,False,49,OBJ069,test
IE7615 Deep Learning for AI/images_OBJ069/OBJ069_050.jpg,OBJ069,False,50,OBJ069,test
IE7615 Deep Learning for AI/images_OBJ069/OBJ069_051.jpg,OBJ069,False,51,OBJ069,train
IE7615 Deep Learning for AI/images_OBJ069/OBJ069_052.jpg,OBJ069,False,52,OBJ069,train
IE7615 Deep Learning for AI/images_OBJ069/OBJ069_053.jpg,OBJ069,False,53,OBJ069,train
IE7615 Deep Learning for AI/images_OBJ069/OBJ069_054.jpg,OBJ069,False,54,OBJ069,train
IE7615 Deep Learning for AI/images_OBJ069/OBJ069_055.jpg,OBJ069,False,55,OBJ069,train
IE7615 Deep Learning for AI/images_OBJ069/OBJ069_056.jpg,OBJ069,False,56,OBJ069,train
IE7615 Deep Learning for AI/images_OBJ069/OBJ069_057.jpg,OBJ069,False,57,OBJ069,train
IE7615 Deep Learning for AI/images_OBJ069/OBJ069_058.jpg,OBJ069,False,58,OBJ069,train
IE7615 Deep Learning for AI/images_OBJ069/OBJ069_059.jpg,OBJ069,False,59,OBJ069,train
IE7615 Deep Learning for AI/images_OBJ069/OBJ069_060.jpg,OBJ069,False,60,OBJ069,train
IE7615 Deep Learning for AI/images_OBJ069/OBJ069_061.jpg,OBJ069,False,61,OBJ069,train
IE7615 Deep Learning for AI/images_OBJ069/OBJ069_062.jpg,OBJ069,False,62,OBJ069,train
IE7615 Deep Learning for AI/images_OBJ069/OBJ069_063.jpg,OBJ069,False,63,OBJ069,train
IE7615 Deep Learning for AI/images_OBJ069/OBJ069_064.jpg,OBJ069,False,64,OBJ069,train
IE7615 Deep Learning for AI/images_OBJ069/OBJ069_065.jpg,OBJ069,False,65,OBJ069,train
IE7615 Deep Learning for AI/images_OBJ069/OBJ069_066.jpg,OBJ069,False,66,OBJ069,train
IE7615 Deep Learning for AI/images_OBJ069/OBJ069_067.jpg,OBJ069,False,67,OBJ069,train
IE7615 Deep Learning for AI/images_OBJ069/OBJ069_068.jpg,OBJ069,False,68,OBJ069,train
IE7615 Deep Learning for AI/images_OBJ069/OBJ069_069.jpg,OBJ069,False,69,OBJ069,train
IE7615 Deep Learning for AI/images_OBJ069/OBJ069_070.jpg,OBJ069,False,70,OBJ069,train
IE7615 Deep Learning for AI/images_OBJ069/OBJ069_071.jpg,OBJ069,False,71,OBJ069,train
IE7615 Deep Learning for AI/images_OBJ069/OBJ069_072.jpg,OBJ069,False,72,OBJ069,train
IE7615 Deep Learning for AI/images_OBJ069/OBJ069_073.jpg,OBJ069,False,73,OBJ069,train
IE7615 Deep Learning for AI/images_OBJ069/OBJ069_074.jpg,OBJ069,False,74,OBJ069,train
IE7615 Deep Learning for AI/images_OBJ069/OBJ069_075.jpg,OBJ069,False,75,OBJ069,train
IE7615 Deep Learning for AI/images_OBJ069/OBJ069_076.jpg,OBJ069,False,76,OBJ069,train
IE7615 Deep Learning for AI/images_OBJ069/OBJ069_077.jpg,OBJ069,False,77,OBJ069,train
IE7615 Deep Learning for AI/images_OBJ069/OBJ069_078.jpg,OBJ069,False,78,OBJ069,train
IE7615 Deep Learning for AI/images_OBJ069/OBJ069_079.jpg,OBJ069,False,79,OBJ069,train
IE7615 Deep Learning for AI/images_OBJ069/OBJ069_080.jpg,OBJ069,False,80,OBJ069,train
IE7615 Deep Learning for AI/images_OBJ069/OBJ069_081.jpg,OBJ069,False,81,OBJ069,train
IE7615 Deep Learning for AI/images_OBJ069/OBJ069_082.jpg,OBJ069,False,82,OBJ069,train
IE7615 Deep Learning for AI/images_OBJ069/OBJ069_083.jpg,OBJ069,False,83,OBJ069,train
IE7615 Deep Learning for AI/images_OBJ069/OBJ069_084.jpg,OBJ069,False,84,OBJ069,train
IE7615 Deep Learning for AI/images_OBJ069/OBJ069_085.jpg,OBJ069,False,85,OBJ069,train
IE7615 Deep Learning for AI/images_OBJ069/OBJ069_086.jpg,OBJ069,False,86,OBJ069,val
IE7615 Deep Learning for AI/images_OBJ069/OBJ069_087.jpg,OBJ069,False,87,OBJ069,val
IE7615 Deep Learning for AI/images_OBJ069/OBJ069_088.jpg,OBJ069,False,88,OBJ069,val
IE7615 Deep Learning for AI/images_OBJ069/OBJ069_089.jpg,OBJ069,False,89,OBJ069,val
IE7615 Deep Learning for AI/images_OBJ069/OBJ069_090.jpg,OBJ069,False,90,OBJ069,val
IE7615 Deep Learning for AI/images_OBJ069/OBJ069_091.jpg,OBJ069,False,91,OBJ069,train
IE7615 Deep Learning for AI/images_OBJ069/OBJ069_092.jpg,OBJ069,False,92,OBJ069,train
IE7615 Deep Learning for AI/images_OBJ069/OBJ069_093.jpg,OBJ069,False,93,OBJ069,train
IE7615 Deep Learning for AI/images_OBJ069/OBJ069_bg_001.jpg,OBJ069,True,1,no_object,train
IE7615 Deep Learning for AI/images_OBJ069/OBJ069_bg_002.jpg,OBJ069,True,2,no_object,train
IE7615 Deep Learning for AI/images_OBJ069/OBJ069_bg_003.jpg,OBJ069,True,3,no_object,train
IE7615 Deep Learning for AI/images_OBJ069/OBJ069_bg_004.jpg,OBJ069,True,4,no_object,train
IE7615 Deep Learning for AI/images_OBJ069/OBJ069_bg_005.jpg,OBJ069,True,5,no_object,train
IE7615 Deep Learning for AI/images_OBJ069/OBJ069_bg_006.jpg,OBJ069,True,6,no_object,train
IE7615 Deep Learning for AI/images_OBJ069/OBJ069_bg_007.jpg,OBJ069,True,7,no_object,train
IE7615 Deep Learning for AI/images_OBJ070/OBJ070_001.jpg,OBJ070,False,1,OBJ070,train
IE7615 Deep Learning for AI/images_OBJ070/OBJ070_002.jpg,OBJ070,False,2,OBJ070,train
IE7615 Deep Learning for AI/images_OBJ070/OBJ070_003.jpg,OBJ070,False,3,OBJ070,train
IE7615 Deep Learning for AI/images_OBJ070/OBJ070_004.jpg,OBJ070,False,4,OBJ070,train
IE7615 Deep Learning for AI/images_OBJ070/OBJ070_005.jpg,OBJ070,False,5,OBJ070,train
IE7615 Deep Learning for AI/images_OBJ070/OBJ070_006.jpg,OBJ070,False,6,OBJ070,train
IE7615 Deep Learning for AI/images_OBJ070/OBJ070_007.jpg,OBJ070,False,7,OBJ070,train
IE7615 Deep Learning for AI/images_OBJ070/OBJ070_008.jpg,OBJ070,False,8,OBJ070,train
IE7615 Deep Learning for AI/images_OBJ070/OBJ070_009.jpg,OBJ070,False,9,OBJ070,train
IE7615 Deep Learning for AI/images_OBJ070/OBJ070_010.jpg,OBJ070,False,10,OBJ070,train
IE7615 Deep Learning for AI/images_OBJ070/OBJ070_011.jpg,OBJ070,False,11,OBJ070,train
IE7615 Deep Learning for AI/images_OBJ070/OBJ070_012.jpg,OBJ070,False,12,OBJ070,train
IE7615 Deep Learning for AI/images_OBJ070/OBJ070_013.jpg,OBJ070,False,13,OBJ070,train
IE7615 Deep Learning for AI/images_OBJ070/OBJ070_014.jpg,OBJ070,False,14,OBJ070,train
IE7615 Deep Learning for AI/images_OBJ070/OBJ070_015.jpg,OBJ070,False,15,OBJ070,train
IE7615 Deep Learning for AI/images_OBJ070/OBJ070_016.jpg,OBJ070,False,16,OBJ070,train
IE7615 Deep Learning for AI/images_OBJ070/OBJ070_017.jpg,OBJ070,False,17,OBJ070,train
IE7615 Deep Learning for AI/images_OBJ070/OBJ070_018.jpg,OBJ070,False,18,OBJ070,train
IE7615 Deep Learning for AI/images_OBJ070/OBJ070_019.jpg,OBJ070,False,19,OBJ070,train
IE7615 Deep Learning for AI/images_OBJ070/OBJ070_020.jpg,OBJ070,False,20,OBJ070,train
IE7615 Deep Learning for AI/images_OBJ070/OBJ070_021.jpg,OBJ070,False,21,OBJ070,train
IE7615 Deep Learning for AI/images_OBJ070/OBJ070_022.jpg,OBJ070,False,22,OBJ070,train
IE7615 Deep Learning for AI/images_OBJ070/OBJ070_023.jpg,OBJ070,False,23,OBJ070,train
IE7615 Deep Learning for AI/images_OBJ070/OBJ070_024.jpg,OBJ070,False,24,OBJ070,train
IE7615 Deep Learning for AI/images_OBJ070/OBJ070_025.jpg,OBJ070,False,25,OBJ070,train
IE7615 Deep Learning for AI/images_OBJ070/OBJ070_026.jpg,OBJ070,False,26,OBJ070,train
IE7615 Deep Learning for AI/images_OBJ070/OBJ070_027.jpg,OBJ070,False,27,OBJ070,train
IE7615 Deep Learning for AI/images_OBJ070/OBJ070_028.jpg,OBJ070,False,28,OBJ070,train
IE7615 Deep Learning for AI/images_OBJ070/OBJ070_029.jpg,OBJ070,False,29,OBJ070,train
IE7615 Deep Learning for AI/images_OBJ070/OBJ070_030.jpg,OBJ070,False,30,OBJ070,train
IE7615 Deep Learning for AI/images_OBJ070/OBJ070_031.jpg,OBJ070,False,31,OBJ070,test
IE7615 Deep Learning for AI/images_OBJ070/OBJ070_032.jpg,OBJ070,False,32,OBJ070,test
IE7615 Deep Learning for AI/images_OBJ070/OBJ070_033.jpg,OBJ070,False,33,OBJ070,test
IE7615 Deep Learning for AI/images_OBJ070/OBJ070_034.jpg,OBJ070,False,34,OBJ070,test
IE7615 Deep Learning for AI/images_OBJ070/OBJ070_035.jpg,OBJ070,False,35,OBJ070,test
IE7615 Deep Learning for AI/images_OBJ070/OBJ070_036.jpg,OBJ070,False,36,OBJ070,val
IE7615 Deep Learning for AI/images_OBJ070/OBJ070_037.jpg,OBJ070,False,37,OBJ070,val
IE7615 Deep Learning for AI/images_OBJ070/OBJ070_038.jpg,OBJ070,False,38,OBJ070,val
IE7615 Deep Learning for AI/images_OBJ070/OBJ070_039.jpg,OBJ070,False,39,OBJ070,val
IE7615 Deep Learning for AI/images_OBJ070/OBJ070_040.jpg,OBJ070,False,40,OBJ070,val
IE7615 Deep Learning for AI/images_OBJ070/OBJ070_041.jpg,OBJ070,False,41,OBJ070,test
IE7615 Deep Learning for AI/images_OBJ070/OBJ070_042.jpg,OBJ070,False,42,OBJ070,test
IE7615 Deep Learning for AI/images_OBJ070/OBJ070_043.jpg,OBJ070,False,43,OBJ070,test
IE7615 Deep Learning for AI/images_OBJ070/OBJ070_044.jpg,OBJ070,False,44,OBJ070,test
IE7615 Deep Learning for AI/images_OBJ070/OBJ070_045.jpg,OBJ070,False,45,OBJ070,test
IE7615 Deep Learning for AI/images_OBJ070/OBJ070_046.jpg,OBJ070,False,46,OBJ070,train
IE7615 Deep Learning for AI/images_OBJ070/OBJ070_047.jpg,OBJ070,False,47,OBJ070,train
IE7615 Deep Learning for AI/images_OBJ070/OBJ070_048.jpg,OBJ070,False,48,OBJ070,train
IE7615 Deep Learning for AI/images_OBJ070/OBJ070_049.jpg,OBJ070,False,49,OBJ070,train
IE7615 Deep Learning for AI/images_OBJ070/OBJ070_050.jpg,OBJ070,False,50,OBJ070,train
IE7615 Deep Learning for AI/images_OBJ070/OBJ070_051.jpg,OBJ070,False,51,OBJ070,train
IE7615 Deep Learning for AI/images_OBJ070/OBJ070_052.jpg,OBJ070,False,52,OBJ070,train
IE7615 Deep Learning for AI/images_OBJ070/OBJ070_053.jpg,OBJ070,False,53,OBJ070,train
IE7615 Deep Learning for AI/images_OBJ070/OBJ070_054.jpg,OBJ070,False,54,OBJ070,train
IE7615 Deep Learning for AI/images_OBJ070/OBJ070_055.jpg,OBJ070,False,55,OBJ070,train
IE7615 Deep Learning for AI/images_OBJ070/OBJ070_056.jpg,OBJ070,False,56,OBJ070,train
IE7615 Deep Learning for AI/images_OBJ070/OBJ070_057.jpg,OBJ070,False,57,OBJ070,train
IE7615 Deep Learning for AI/images_OBJ070/OBJ070_058.jpg,OBJ070,False,58,OBJ070,train
IE7615 Deep Learning for AI/images_OBJ070/OBJ070_059.jpg,OBJ070,False,59,OBJ070,train
IE7615 Deep Learning for AI/images_OBJ070/OBJ070_060.jpg,OBJ070,False,60,OBJ070,train
IE7615 Deep Learning for AI/images_OBJ070/OBJ070_061.jpg,OBJ070,False,61,OBJ070,train
IE7615 Deep Learning for AI/images_OBJ070/OBJ070_062.jpg,OBJ070,False,62,OBJ070,train
IE7615 Deep Learning for AI/images_OBJ070/OBJ070_063.jpg,OBJ070,False,63,OBJ070,train
IE7615 Deep Learning for AI/images_OBJ070/OBJ070_064.jpg,OBJ070,False,64,OBJ070,train
IE7615 Deep Learning for AI/images_OBJ070/OBJ070_065.jpg,OBJ070,False,65,OBJ070,train
IE7615 Deep Learning for AI/images_OBJ070/OBJ070_066.jpg,OBJ070,False,66,OBJ070,test
IE7615 Deep Learning for AI/images_OBJ070/OBJ070_067.jpg,OBJ070,False,67,OBJ070,test
IE7615 Deep Learning for AI/images_OBJ070/OBJ070_068.jpg,OBJ070,False,68,OBJ070,test
IE7615 Deep Learning for AI/images_OBJ070/OBJ070_069.jpg,OBJ070,False,69,OBJ070,test
IE7615 Deep Learning for AI/images_OBJ070/OBJ070_070.jpg,OBJ070,False,70,OBJ070,test
IE7615 Deep Learning for AI/images_OBJ070/OBJ070_071.jpg,OBJ070,False,71,OBJ070,train
IE7615 Deep Learning for AI/images_OBJ070/OBJ070_072.jpg,OBJ070,False,72,OBJ070,train
IE7615 Deep Learning for AI/images_OBJ070/OBJ070_073.jpg,OBJ070,False,73,OBJ070,train
IE7615 Deep Learning for AI/images_OBJ070/OBJ070_074.jpg,OBJ070,False,74,OBJ070,train
IE7615 Deep Learning for AI/images_OBJ070/OBJ070_075.jpg,OBJ070,False,75,OBJ070,train
IE7615 Deep Learning for AI/images_OBJ070/OBJ070_076.jpg,OBJ070,False,76,OBJ070,val
IE7615 Deep Learning for AI/images_OBJ070/OBJ070_077.jpg,OBJ070,False,77,OBJ070,val
IE7615 Deep Learning for AI/images_OBJ070/OBJ070_078.jpg,OBJ070,False,78,OBJ070,val
IE7615 Deep Learning for AI/images_OBJ070/OBJ070_079.jpg,OBJ070,False,79,OBJ070,val
IE7615 Deep Learning for AI/images_OBJ070/OBJ070_080.jpg,OBJ070,False,80,OBJ070,val
IE7615 Deep Learning for AI/images_OBJ070/OBJ070_081.jpg,OBJ070,False,81,OBJ070,train
IE7615 Deep Learning for AI/images_OBJ070/OBJ070_082.jpg,OBJ070,False,82,OBJ070,train
IE7615 Deep Learning for AI/images_OBJ070/OBJ070_083.jpg,OBJ070,False,83,OBJ070,train
IE7615 Deep Learning for AI/images_OBJ070/OBJ070_084.jpg,OBJ070,False,84,OBJ070,train
IE7615 Deep Learning for AI/images_OBJ070/OBJ070_085.jpg,OBJ070,False,85,OBJ070,train
IE7615 Deep Learning for AI/images_OBJ070/OBJ070_086.jpg,OBJ070,False,86,OBJ070,train
IE7615 Deep Learning for AI/images_OBJ070/OBJ070_087.jpg,OBJ070,False,87,OBJ070,train
IE7615 Deep Learning for AI/images_OBJ070/OBJ070_088.jpg,OBJ070,False,88,OBJ070,train
IE7615 Deep Learning for AI/images_OBJ070/OBJ070_089.jpg,OBJ070,False,89,OBJ070,train
IE7615 Deep Learning for AI/images_OBJ070/OBJ070_090.jpg,OBJ070,False,90,OBJ070,train
IE7615 Deep Learning for AI/images_OBJ070/OBJ070_091.jpg,OBJ070,False,91,OBJ070,val
IE7615 Deep Learning for AI/images_OBJ070/OBJ070_092.jpg,OBJ070,False,92,OBJ070,val
IE7615 Deep Learning for AI/images_OBJ070/OBJ070_093.jpg,OBJ070,False,93,OBJ070,val
IE7615 Deep Learning for AI/images_OBJ070/OBJ070_094.jpg,OBJ070,False,94,OBJ070,val
IE7615 Deep Learning for AI/images_OBJ070/OBJ070_095.jpg,OBJ070,False,95,OBJ070,val
IE7615 Deep Learning for AI/images_OBJ070/OBJ070_bg_001.jpg,OBJ070,True,1,no_object,train
IE7615 Deep Learning for AI/images_OBJ070/OBJ070_bg_002.jpg,OBJ070,True,2,no_object,train
IE7615 Deep Learning for AI/images_OBJ070/OBJ070_bg_003.jpg,OBJ070,True,3,no_object,train
IE7615 Deep Learning for AI/images_OBJ070/OBJ070_bg_004.jpg,OBJ070,True,4,no_object,train
IE7615 Deep Learning for AI/images_OBJ070/OBJ070_bg_005.jpg,OBJ070,True,5,no_object,train
IE7615 Deep Learning for AI/images_OBJ071/OBJ071_001.jpg,OBJ071,False,1,OBJ071,val
IE7615 Deep Learning for AI/images_OBJ071/OBJ071_002.jpg,OBJ071,False,2,OBJ071,val
IE7615 Deep Learning for AI/images_OBJ071/OBJ071_003.jpg,OBJ071,False,3,OBJ071,val
IE7615 Deep Learning for AI/images_OBJ071/OBJ071_004.jpg,OBJ071,False,4,OBJ071,val
IE7615 Deep Learning for AI/images_OBJ071/OBJ071_005.jpg,OBJ071,False,5,OBJ071,val
IE7615 Deep Learning for AI/images_OBJ071/OBJ071_006.jpg,OBJ071,False,6,OBJ071,train
IE7615 Deep Learning for AI/images_OBJ071/OBJ071_007.jpg,OBJ071,False,7,OBJ071,train
IE7615 Deep Learning for AI/images_OBJ071/OBJ071_008.jpg,OBJ071,False,8,OBJ071,train
IE7615 Deep Learning for AI/images_OBJ071/OBJ071_009.jpg,OBJ071,False,9,OBJ071,train
IE7615 Deep Learning for AI/images_OBJ071/OBJ071_010.jpg,OBJ071,False,10,OBJ071,train
IE7615 Deep Learning for AI/images_OBJ071/OBJ071_011.jpg,OBJ071,False,11,OBJ071,test
IE7615 Deep Learning for AI/images_OBJ071/OBJ071_012.jpg,OBJ071,False,12,OBJ071,test
IE7615 Deep Learning for AI/images_OBJ071/OBJ071_013.jpg,OBJ071,False,13,OBJ071,test
IE7615 Deep Learning for AI/images_OBJ071/OBJ071_014.jpg,OBJ071,False,14,OBJ071,test
IE7615 Deep Learning for AI/images_OBJ071/OBJ071_015.jpg,OBJ071,False,15,OBJ071,test
IE7615 Deep Learning for AI/images_OBJ071/OBJ071_016.jpg,OBJ071,False,16,OBJ071,test
IE7615 Deep Learning for AI/images_OBJ071/OBJ071_017.jpg,OBJ071,False,17,OBJ071,test
IE7615 Deep Learning for AI/images_OBJ071/OBJ071_018.jpg,OBJ071,False,18,OBJ071,test
IE7615 Deep Learning for AI/images_OBJ071/OBJ071_019.jpg,OBJ071,False,19,OBJ071,test
IE7615 Deep Learning for AI/images_OBJ071/OBJ071_020.jpg,OBJ071,False,20,OBJ071,test
IE7615 Deep Learning for AI/images_OBJ071/OBJ071_021.jpg,OBJ071,False,21,OBJ071,train
IE7615 Deep Learning for AI/images_OBJ071/OBJ071_022.jpg,OBJ071,False,22,OBJ071,train
IE7615 Deep Learning for AI/images_OBJ071/OBJ071_023.jpg,OBJ071,False,23,OBJ071,train
IE7615 Deep Learning for AI/images_OBJ071/OBJ071_024.jpg,OBJ071,False,24,OBJ071,train
IE7615 Deep Learning for AI/images_OBJ071/OBJ071_025.jpg,OBJ071,False,25,OBJ071,train
IE7615 Deep Learning for AI/images_OBJ071/OBJ071_026.jpg,OBJ071,False,26,OBJ071,train
IE7615 Deep Learning for AI/images_OBJ071/OBJ071_027.jpg,OBJ071,False,27,OBJ071,train
IE7615 Deep Learning for AI/images_OBJ071/OBJ071_028.jpg,OBJ071,False,28,OBJ071,train
IE7615 Deep Learning for AI/images_OBJ071/OBJ071_029.jpg,OBJ071,False,29,OBJ071,train
IE7615 Deep Learning for AI/images_OBJ071/OBJ071_030.jpg,OBJ071,False,30,OBJ071,train
IE7615 Deep Learning for AI/images_OBJ071/OBJ071_031.jpg,OBJ071,False,31,OBJ071,train
IE7615 Deep Learning for AI/images_OBJ071/OBJ071_032.jpg,OBJ071,False,32,OBJ071,train
IE7615 Deep Learning for AI/images_OBJ071/OBJ071_033.jpg,OBJ071,False,33,OBJ071,train
IE7615 Deep Learning for AI/images_OBJ071/OBJ071_034.jpg,OBJ071,False,34,OBJ071,train
IE7615 Deep Learning for AI/images_OBJ071/OBJ071_035.jpg,OBJ071,False,35,OBJ071,train
IE7615 Deep Learning for AI/images_OBJ071/OBJ071_036.jpg,OBJ071,False,36,OBJ071,val
IE7615 Deep Learning for AI/images_OBJ071/OBJ071_037.jpg,OBJ071,False,37,OBJ071,val
IE7615 Deep Learning for AI/images_OBJ071/OBJ071_038.jpg,OBJ071,False,38,OBJ071,val
IE7615 Deep Learning for AI/images_OBJ071/OBJ071_039.jpg,OBJ071,False,39,OBJ071,val
IE7615 Deep Learning for AI/images_OBJ071/OBJ071_040.jpg,OBJ071,False,40,OBJ071,val
IE7615 Deep Learning for AI/images_OBJ071/OBJ071_041.jpg,OBJ071,False,41,OBJ071,val
IE7615 Deep Learning for AI/images_OBJ071/OBJ071_042.jpg,OBJ071,False,42,OBJ071,val
IE7615 Deep Learning for AI/images_OBJ071/OBJ071_043.jpg,OBJ071,False,43,OBJ071,val
IE7615 Deep Learning for AI/images_OBJ071/OBJ071_044.jpg,OBJ071,False,44,OBJ071,val
IE7615 Deep Learning for AI/images_OBJ071/OBJ071_045.jpg,OBJ071,False,45,OBJ071,val
IE7615 Deep Learning for AI/images_OBJ071/OBJ071_046.jpg,OBJ071,False,46,OBJ071,train
IE7615 Deep Learning for AI/images_OBJ071/OBJ071_047.jpg,OBJ071,False,47,OBJ071,train
IE7615 Deep Learning for AI/images_OBJ071/OBJ071_048.jpg,OBJ071,False,48,OBJ071,train
IE7615 Deep Learning for AI/images_OBJ071/OBJ071_049.jpg,OBJ071,False,49,OBJ071,train
IE7615 Deep Learning for AI/images_OBJ071/OBJ071_050.jpg,OBJ071,False,50,OBJ071,train
IE7615 Deep Learning for AI/images_OBJ071/OBJ071_051.jpg,OBJ071,False,51,OBJ071,train
IE7615 Deep Learning for AI/images_OBJ071/OBJ071_052.jpg,OBJ071,False,52,OBJ071,train
IE7615 Deep Learning for AI/images_OBJ071/OBJ071_053.jpg,OBJ071,False,53,OBJ071,train
IE7615 Deep Learning for AI/images_OBJ071/OBJ071_054.jpg,OBJ071,False,54,OBJ071,train
IE7615 Deep Learning for AI/images_OBJ071/OBJ071_055.jpg,OBJ071,False,55,OBJ071,train
IE7615 Deep Learning for AI/images_OBJ071/OBJ071_056.jpg,OBJ071,False,56,OBJ071,test
IE7615 Deep Learning for AI/images_OBJ071/OBJ071_057.jpg,OBJ071,False,57,OBJ071,test
IE7615 Deep Learning for AI/images_OBJ071/OBJ071_058.jpg,OBJ071,False,58,OBJ071,test
IE7615 Deep Learning for AI/images_OBJ071/OBJ071_059.jpg,OBJ071,False,59,OBJ071,test
IE7615 Deep Learning for AI/images_OBJ071/OBJ071_060.jpg,OBJ071,False,60,OBJ071,test
IE7615 Deep Learning for AI/images_OBJ071/OBJ071_061.jpg,OBJ071,False,61,OBJ071,train
IE7615 Deep Learning for AI/images_OBJ071/OBJ071_062.jpg,OBJ071,False,62,OBJ071,train
IE7615 Deep Learning for AI/images_OBJ071/OBJ071_063.jpg,OBJ071,False,63,OBJ071,train
IE7615 Deep Learning for AI/images_OBJ071/OBJ071_064.jpg,OBJ071,False,64,OBJ071,train
IE7615 Deep Learning for AI/images_OBJ071/OBJ071_065.jpg,OBJ071,False,65,OBJ071,train
IE7615 Deep Learning for AI/images_OBJ071/OBJ071_066.jpg,OBJ071,False,66,OBJ071,train
IE7615 Deep Learning for AI/images_OBJ071/OBJ071_067.jpg,OBJ071,False,67,OBJ071,train
IE7615 Deep Learning for AI/images_OBJ071/OBJ071_068.jpg,OBJ071,False,68,OBJ071,train
IE7615 Deep Learning for AI/images_OBJ071/OBJ071_069.jpg,OBJ071,False,69,OBJ071,train
IE7615 Deep Learning for AI/images_OBJ071/OBJ071_070.jpg,OBJ071,False,70,OBJ071,train
IE7615 Deep Learning for AI/images_OBJ071/OBJ071_071.jpg,OBJ071,False,71,OBJ071,train
IE7615 Deep Learning for AI/images_OBJ071/OBJ071_072.jpg,OBJ071,False,72,OBJ071,train
IE7615 Deep Learning for AI/images_OBJ071/OBJ071_073.jpg,OBJ071,False,73,OBJ071,train
IE7615 Deep Learning for AI/images_OBJ071/OBJ071_074.jpg,OBJ071,False,74,OBJ071,train
IE7615 Deep Learning for AI/images_OBJ071/OBJ071_075.jpg,OBJ071,False,75,OBJ071,train
IE7615 Deep Learning for AI/images_OBJ071/OBJ071_076.jpg,OBJ071,False,76,OBJ071,train
IE7615 Deep Learning for AI/images_OBJ071/OBJ071_077.jpg,OBJ071,False,77,OBJ071,train
IE7615 Deep Learning for AI/images_OBJ071/OBJ071_078.jpg,OBJ071,False,78,OBJ071,train
IE7615 Deep Learning for AI/images_OBJ071/OBJ071_079.jpg,OBJ071,False,79,OBJ071,train
IE7615 Deep Learning for AI/images_OBJ071/OBJ071_080.jpg,OBJ071,False,80,OBJ071,train
IE7615 Deep Learning for AI/images_OBJ071/OBJ071_081.jpg,OBJ071,False,81,OBJ071,train
IE7615 Deep Learning for AI/images_OBJ071/OBJ071_082.jpg,OBJ071,False,82,OBJ071,train
IE7615 Deep Learning for AI/images_OBJ071/OBJ071_083.jpg,OBJ071,False,83,OBJ071,train
IE7615 Deep Learning for AI/images_OBJ071/OBJ071_084.jpg,OBJ071,False,84,OBJ071,train
IE7615 Deep Learning for AI/images_OBJ071/OBJ071_085.jpg,OBJ071,False,85,OBJ071,train
IE7615 Deep Learning for AI/images_OBJ071/OBJ071_086.jpg,OBJ071,False,86,OBJ071,train
IE7615 Deep Learning for AI/images_OBJ071/OBJ071_087.jpg,OBJ071,False,87,OBJ071,train
IE7615 Deep Learning for AI/images_OBJ071/OBJ071_088.jpg,OBJ071,False,88,OBJ071,train
IE7615 Deep Learning for AI/images_OBJ071/OBJ071_089.jpg,OBJ071,False,89,OBJ071,train
IE7615 Deep Learning for AI/images_OBJ071/OBJ071_090.jpg,OBJ071,False,90,OBJ071,train
IE7615 Deep Learning for AI/images_OBJ071/OBJ071_091.jpg,OBJ071,False,91,OBJ071,train
IE7615 Deep Learning for AI/images_OBJ071/OBJ071_092.jpg,OBJ071,False,92,OBJ071,train
IE7615 Deep Learning for AI/images_OBJ071/OBJ071_093.jpg,OBJ071,False,93,OBJ071,train
IE7615 Deep Learning for AI/images_OBJ071/OBJ071_094.jpg,OBJ071,False,94,OBJ071,train
IE7615 Deep Learning for AI/images_OBJ071/OBJ071_095.jpg,OBJ071,False,95,OBJ071,train
IE7615 Deep Learning for AI/images_OBJ071/OBJ071_bg_001.jpg,OBJ071,True,1,no_object,val
IE7615 Deep Learning for AI/images_OBJ071/OBJ071_bg_002.jpg,OBJ071,True,2,no_object,val
IE7615 Deep Learning for AI/images_OBJ071/OBJ071_bg_003.jpg,OBJ071,True,3,no_object,val
IE7615 Deep Learning for AI/images_OBJ071/OBJ071_bg_004.jpg,OBJ071,True,4,no_object,val
IE7615 Deep Learning for AI/images_OBJ071/OBJ071_bg_005.jpg,OBJ071,True,5,no_object,val
IE7615 Deep Learning for AI/images_OBJ072/OBJ072_001.jpg,OBJ072,False,1,OBJ072,test
IE7615 Deep Learning for AI/images_OBJ072/OBJ072_002.jpg,OBJ072,False,2,OBJ072,test
IE7615 Deep Learning for AI/images_OBJ072/OBJ072_003.jpg,OBJ072,False,3,OBJ072,test
IE7615 Deep Learning for AI/images_OBJ072/OBJ072_004.jpg,OBJ072,False,4,OBJ072,test
IE7615 Deep Learning for AI/images_OBJ072/OBJ072_005.jpg,OBJ072,False,5,OBJ072,test
IE7615 Deep Learning for AI/images_OBJ072/OBJ072_006.jpg,OBJ072,False,6,OBJ072,train
IE7615 Deep Learning for AI/images_OBJ072/OBJ072_007.jpg,OBJ072,False,7,OBJ072,train
IE7615 Deep Learning for AI/images_OBJ072/OBJ072_008.jpg,OBJ072,False,8,OBJ072,train
IE7615 Deep Learning for AI/images_OBJ072/OBJ072_009.jpg,OBJ072,False,9,OBJ072,train
IE7615 Deep Learning for AI/images_OBJ072/OBJ072_010.jpg,OBJ072,False,10,OBJ072,train
IE7615 Deep Learning for AI/images_OBJ072/OBJ072_011.jpg,OBJ072,False,11,OBJ072,val
IE7615 Deep Learning for AI/images_OBJ072/OBJ072_012.jpg,OBJ072,False,12,OBJ072,val
IE7615 Deep Learning for AI/images_OBJ072/OBJ072_013.jpg,OBJ072,False,13,OBJ072,val
IE7615 Deep Learning for AI/images_OBJ072/OBJ072_014.jpg,OBJ072,False,14,OBJ072,val
IE7615 Deep Learning for AI/images_OBJ072/OBJ072_015.jpg,OBJ072,False,15,OBJ072,val
IE7615 Deep Learning for AI/images_OBJ072/OBJ072_016.jpg,OBJ072,False,16,OBJ072,train
IE7615 Deep Learning for AI/images_OBJ072/OBJ072_017.jpg,OBJ072,False,17,OBJ072,train
IE7615 Deep Learning for AI/images_OBJ072/OBJ072_018.jpg,OBJ072,False,18,OBJ072,train
IE7615 Deep Learning for AI/images_OBJ072/OBJ072_019.jpg,OBJ072,False,19,OBJ072,train
IE7615 Deep Learning for AI/images_OBJ072/OBJ072_020.jpg,OBJ072,False,20,OBJ072,train
IE7615 Deep Learning for AI/images_OBJ072/OBJ072_021.jpg,OBJ072,False,21,OBJ072,train
IE7615 Deep Learning for AI/images_OBJ072/OBJ072_022.jpg,OBJ072,False,22,OBJ072,train
IE7615 Deep Learning for AI/images_OBJ072/OBJ072_023.jpg,OBJ072,False,23,OBJ072,train
IE7615 Deep Learning for AI/images_OBJ072/OBJ072_024.jpg,OBJ072,False,24,OBJ072,train
IE7615 Deep Learning for AI/images_OBJ072/OBJ072_025.jpg,OBJ072,False,25,OBJ072,train
IE7615 Deep Learning for AI/images_OBJ072/OBJ072_026.jpg,OBJ072,False,26,OBJ072,test
IE7615 Deep Learning for AI/images_OBJ072/OBJ072_027.jpg,OBJ072,False,27,OBJ072,test
IE7615 Deep Learning for AI/images_OBJ072/OBJ072_028.jpg,OBJ072,False,28,OBJ072,test
IE7615 Deep Learning for AI/images_OBJ072/OBJ072_029.jpg,OBJ072,False,29,OBJ072,test
IE7615 Deep Learning for AI/images_OBJ072/OBJ072_030.jpg,OBJ072,False,30,OBJ072,test
IE7615 Deep Learning for AI/images_OBJ072/OBJ072_031.jpg,OBJ072,False,31,OBJ072,train
IE7615 Deep Learning for AI/images_OBJ072/OBJ072_032.jpg,OBJ072,False,32,OBJ072,train
IE7615 Deep Learning for AI/images_OBJ072/OBJ072_033.jpg,OBJ072,False,33,OBJ072,train
IE7615 Deep Learning for AI/images_OBJ072/OBJ072_034.jpg,OBJ072,False,34,OBJ072,train
IE7615 Deep Learning for AI/images_OBJ072/OBJ072_035.jpg,OBJ072,False,35,OBJ072,train
IE7615 Deep Learning for AI/images_OBJ072/OBJ072_036.jpg,OBJ072,False,36,OBJ072,train
IE7615 Deep Learning for AI/images_OBJ072/OBJ072_037.jpg,OBJ072,False,37,OBJ072,train
IE7615 Deep Learning for AI/images_OBJ072/OBJ072_038.jpg,OBJ072,False,38,OBJ072,train
IE7615 Deep Learning for AI/images_OBJ072/OBJ072_039.jpg,OBJ072,False,39,OBJ072,train
IE7615 Deep Learning for AI/images_OBJ072/OBJ072_040.jpg,OBJ072,False,40,OBJ072,train
IE7615 Deep Learning for AI/images_OBJ072/OBJ072_041.jpg,OBJ072,False,41,OBJ072,train
IE7615 Deep Learning for AI/images_OBJ072/OBJ072_042.jpg,OBJ072,False,42,OBJ072,train
IE7615 Deep Learning for AI/images_OBJ072/OBJ072_043.jpg,OBJ072,False,43,OBJ072,train
IE7615 Deep Learning for AI/images_OBJ072/OBJ072_044.jpg,OBJ072,False,44,OBJ072,train
IE7615 Deep Learning for AI/images_OBJ072/OBJ072_045.jpg,OBJ072,False,45,OBJ072,train
IE7615 Deep Learning for AI/images_OBJ072/OBJ072_046.jpg,OBJ072,False,46,OBJ072,val
IE7615 Deep Learning for AI/images_OBJ072/OBJ072_047.jpg,OBJ072,False,47,OBJ072,val
IE7615 Deep Learning for AI/images_OBJ072/OBJ072_048.jpg,OBJ072,False,48,OBJ072,val
IE7615 Deep Learning for AI/images_OBJ072/OBJ072_049.jpg,OBJ072,False,49,OBJ072,val
IE7615 Deep Learning for AI/images_OBJ072/OBJ072_050.jpg,OBJ072,False,50,OBJ072,val
IE7615 Deep Learning for AI/images_OBJ072/OBJ072_051.jpg,OBJ072,False,51,OBJ072,train
IE7615 Deep Learning for AI/images_OBJ072/OBJ072_052.jpg,OBJ072,False,52,OBJ072,train
IE7615 Deep Learning for AI/images_OBJ072/OBJ072_053.jpg,OBJ072,False,53,OBJ072,train
IE7615 Deep Learning for AI/images_OBJ072/OBJ072_054.jpg,OBJ072,False,54,OBJ072,train
IE7615 Deep Learning for AI/images_OBJ072/OBJ072_055.jpg,OBJ072,False,55,OBJ072,train
IE7615 Deep Learning for AI/images_OBJ072/OBJ072_056.jpg,OBJ072,False,56,OBJ072,val
IE7615 Deep Learning for AI/images_OBJ072/OBJ072_057.jpg,OBJ072,False,57,OBJ072,val
IE7615 Deep Learning for AI/images_OBJ072/OBJ072_058.jpg,OBJ072,False,58,OBJ072,val
IE7615 Deep Learning for AI/images_OBJ072/OBJ072_059.jpg,OBJ072,False,59,OBJ072,val
IE7615 Deep Learning for AI/images_OBJ072/OBJ072_060.jpg,OBJ072,False,60,OBJ072,val
IE7615 Deep Learning for AI/images_OBJ072/OBJ072_061.jpg,OBJ072,False,61,OBJ072,train
IE7615 Deep Learning for AI/images_OBJ072/OBJ072_062.jpg,OBJ072,False,62,OBJ072,train
IE7615 Deep Learning for AI/images_OBJ072/OBJ072_063.jpg,OBJ072,False,63,OBJ072,train
IE7615 Deep Learning for AI/images_OBJ072/OBJ072_064.jpg,OBJ072,False,64,OBJ072,train
IE7615 Deep Learning for AI/images_OBJ072/OBJ072_065.jpg,OBJ072,False,65,OBJ072,train
IE7615 Deep Learning for AI/images_OBJ072/OBJ072_066.jpg,OBJ072,False,66,OBJ072,train
IE7615 Deep Learning for AI/images_OBJ072/OBJ072_067.jpg,OBJ072,False,67,OBJ072,train
IE7615 Deep Learning for AI/images_OBJ072/OBJ072_068.jpg,OBJ072,False,68,OBJ072,train
IE7615 Deep Learning for AI/images_OBJ072/OBJ072_069.jpg,OBJ072,False,69,OBJ072,train
IE7615 Deep Learning for AI/images_OBJ072/OBJ072_070.jpg,OBJ072,False,70,OBJ072,train
IE7615 Deep Learning for AI/images_OBJ072/OBJ072_071.jpg,OBJ072,False,71,OBJ072,test
IE7615 Deep Learning for AI/images_OBJ072/OBJ072_072.jpg,OBJ072,False,72,OBJ072,test
IE7615 Deep Learning for AI/images_OBJ072/OBJ072_073.jpg,OBJ072,False,73,OBJ072,test
IE7615 Deep Learning for AI/images_OBJ072/OBJ072_074.jpg,OBJ072,False,74,OBJ072,test
IE7615 Deep Learning for AI/images_OBJ072/OBJ072_075.jpg,OBJ072,False,75,OBJ072,test
IE7615 Deep Learning for AI/images_OBJ072/OBJ072_076.jpg,OBJ072,False,76,OBJ072,train
IE7615 Deep Learning for AI/images_OBJ072/OBJ072_077.jpg,OBJ072,False,77,OBJ072,train
IE7615 Deep Learning for AI/images_OBJ072/OBJ072_078.jpg,OBJ072,False,78,OBJ072,train
IE7615 Deep Learning for AI/images_OBJ072/OBJ072_079.jpg,OBJ072,False,79,OBJ072,train
IE7615 Deep Learning for AI/images_OBJ072/OBJ072_080.jpg,OBJ072,False,80,OBJ072,train
IE7615 Deep Learning for AI/images_OBJ072/OBJ072_081.jpg,OBJ072,False,81,OBJ072,train
IE7615 Deep Learning for AI/images_OBJ072/OBJ072_082.jpg,OBJ072,False,82,OBJ072,train
IE7615 Deep Learning for AI/images_OBJ072/OBJ072_083.jpg,OBJ072,False,83,OBJ072,train
IE7615 Deep Learning for AI/images_OBJ072/OBJ072_084.jpg,OBJ072,False,84,OBJ072,train
IE7615 Deep Learning for AI/images_OBJ072/OBJ072_085.jpg,OBJ072,False,85,OBJ072,train
IE7615 Deep Learning for AI/images_OBJ072/OBJ072_086.jpg,OBJ072,False,86,OBJ072,train
IE7615 Deep Learning for AI/images_OBJ072/OBJ072_087.jpg,OBJ072,False,87,OBJ072,train
IE7615 Deep Learning for AI/images_OBJ072/OBJ072_088.jpg,OBJ072,False,88,OBJ072,train
IE7615 Deep Learning for AI/images_OBJ072/OBJ072_089.jpg,OBJ072,False,89,OBJ072,train
IE7615 Deep Learning for AI/images_OBJ072/OBJ072_090.jpg,OBJ072,False,90,OBJ072,train
IE7615 Deep Learning for AI/images_OBJ072/OBJ072_091.jpg,OBJ072,False,91,OBJ072,train
IE7615 Deep Learning for AI/images_OBJ072/OBJ072_092.jpg,OBJ072,False,92,OBJ072,train
IE7615 Deep Learning for AI/images_OBJ072/OBJ072_093.jpg,OBJ072,False,93,OBJ072,train
IE7615 Deep Learning for AI/images_OBJ072/OBJ072_094.jpg,OBJ072,False,94,OBJ072,train
IE7615 Deep Learning for AI/images_OBJ072/OBJ072_095.jpg,OBJ072,False,95,OBJ072,train
IE7615 Deep Learning for AI/images_OBJ072/OBJ072_bg_01.jpg,OBJ072,True,1,no_object,train
IE7615 Deep Learning for AI/images_OBJ072/OBJ072_bg_02.jpg,OBJ072,True,2,no_object,train
IE7615 Deep Learning for AI/images_OBJ072/OBJ072_bg_03.jpg,OBJ072,True,3,no_object,train
IE7615 Deep Learning for AI/images_OBJ072/OBJ072_bg_04.jpg,OBJ072,True,4,no_object,train
IE7615 Deep Learning for AI/images_OBJ072/OBJ072_bg_05.jpg,OBJ072,True,5,no_object,train
IE7615 Deep Learning for AI/images_OBJ073/OBJ073_001.jpg,OBJ073,False,1,OBJ073,train
IE7615 Deep Learning for AI/images_OBJ073/OBJ073_002.jpg,OBJ073,False,2,OBJ073,train
IE7615 Deep Learning for AI/images_OBJ073/OBJ073_003.jpg,OBJ073,False,3,OBJ073,train
IE7615 Deep Learning for AI/images_OBJ073/OBJ073_004.jpg,OBJ073,False,4,OBJ073,train
IE7615 Deep Learning for AI/images_OBJ073/OBJ073_005.jpg,OBJ073,False,5,OBJ073,train
IE7615 Deep Learning for AI/images_OBJ073/OBJ073_006.jpg,OBJ073,False,6,OBJ073,train
IE7615 Deep Learning for AI/images_OBJ073/OBJ073_007.jpg,OBJ073,False,7,OBJ073,train
IE7615 Deep Learning for AI/images_OBJ073/OBJ073_008.jpg,OBJ073,False,8,OBJ073,train
IE7615 Deep Learning for AI/images_OBJ073/OBJ073_009.jpg,OBJ073,False,9,OBJ073,train
IE7615 Deep Learning for AI/images_OBJ073/OBJ073_010.jpg,OBJ073,False,10,OBJ073,train
IE7615 Deep Learning for AI/images_OBJ073/OBJ073_011.jpg,OBJ073,False,11,OBJ073,train
IE7615 Deep Learning for AI/images_OBJ073/OBJ073_012.jpg,OBJ073,False,12,OBJ073,train
IE7615 Deep Learning for AI/images_OBJ073/OBJ073_013.jpg,OBJ073,False,13,OBJ073,train
IE7615 Deep Learning for AI/images_OBJ073/OBJ073_014.jpg,OBJ073,False,14,OBJ073,train
IE7615 Deep Learning for AI/images_OBJ073/OBJ073_015.jpg,OBJ073,False,15,OBJ073,train
IE7615 Deep Learning for AI/images_OBJ073/OBJ073_016.jpg,OBJ073,False,16,OBJ073,val
IE7615 Deep Learning for AI/images_OBJ073/OBJ073_017.jpg,OBJ073,False,17,OBJ073,val
IE7615 Deep Learning for AI/images_OBJ073/OBJ073_018.jpg,OBJ073,False,18,OBJ073,val
IE7615 Deep Learning for AI/images_OBJ073/OBJ073_019.jpg,OBJ073,False,19,OBJ073,val
IE7615 Deep Learning for AI/images_OBJ073/OBJ073_020.jpg,OBJ073,False,20,OBJ073,val
IE7615 Deep Learning for AI/images_OBJ073/OBJ073_021.jpg,OBJ073,False,21,OBJ073,train
IE7615 Deep Learning for AI/images_OBJ073/OBJ073_022.jpg,OBJ073,False,22,OBJ073,train
IE7615 Deep Learning for AI/images_OBJ073/OBJ073_023.jpg,OBJ073,False,23,OBJ073,train
IE7615 Deep Learning for AI/images_OBJ073/OBJ073_024.jpg,OBJ073,False,24,OBJ073,train
IE7615 Deep Learning for AI/images_OBJ073/OBJ073_025.jpg,OBJ073,False,25,OBJ073,train
IE7615 Deep Learning for AI/images_OBJ073/OBJ073_026.jpg,OBJ073,False,26,OBJ073,val
IE7615 Deep Learning for AI/images_OBJ073/OBJ073_027.jpg,OBJ073,False,27,OBJ073,val
IE7615 Deep Learning for AI/images_OBJ073/OBJ073_028.jpg,OBJ073,False,28,OBJ073,val
IE7615 Deep Learning for AI/images_OBJ073/OBJ073_029.jpg,OBJ073,False,29,OBJ073,val
IE7615 Deep Learning for AI/images_OBJ073/OBJ073_030.jpg,OBJ073,False,30,OBJ073,val
IE7615 Deep Learning for AI/images_OBJ073/OBJ073_031.jpg,OBJ073,False,31,OBJ073,train
IE7615 Deep Learning for AI/images_OBJ073/OBJ073_032.jpg,OBJ073,False,32,OBJ073,train
IE7615 Deep Learning for AI/images_OBJ073/OBJ073_033.jpg,OBJ073,False,33,OBJ073,train
IE7615 Deep Learning for AI/images_OBJ073/OBJ073_034.jpg,OBJ073,False,34,OBJ073,train
IE7615 Deep Learning for AI/images_OBJ073/OBJ073_035.jpg,OBJ073,False,35,OBJ073,train
IE7615 Deep Learning for AI/images_OBJ073/OBJ073_036.jpg,OBJ073,False,36,OBJ073,test
IE7615 Deep Learning for AI/images_OBJ073/OBJ073_037.jpg,OBJ073,False,37,OBJ073,test
IE7615 Deep Learning for AI/images_OBJ073/OBJ073_038.jpg,OBJ073,False,38,OBJ073,test
IE7615 Deep Learning for AI/images_OBJ073/OBJ073_039.jpg,OBJ073,False,39,OBJ073,test
IE7615 Deep Learning for AI/images_OBJ073/OBJ073_040.jpg,OBJ073,False,40,OBJ073,test
IE7615 Deep Learning for AI/images_OBJ073/OBJ073_041.jpg,OBJ073,False,41,OBJ073,train
IE7615 Deep Learning for AI/images_OBJ073/OBJ073_042.jpg,OBJ073,False,42,OBJ073,train
IE7615 Deep Learning for AI/images_OBJ073/OBJ073_043.jpg,OBJ073,False,43,OBJ073,train
IE7615 Deep Learning for AI/images_OBJ073/OBJ073_044.jpg,OBJ073,False,44,OBJ073,train
IE7615 Deep Learning for AI/images_OBJ073/OBJ073_045.jpg,OBJ073,False,45,OBJ073,train
IE7615 Deep Learning for AI/images_OBJ073/OBJ073_046.jpg,OBJ073,False,46,OBJ073,test
IE7615 Deep Learning for AI/images_OBJ073/OBJ073_047.jpg,OBJ073,False,47,OBJ073,test
IE7615 Deep Learning for AI/images_OBJ073/OBJ073_048.jpg,OBJ073,False,48,OBJ073,test
IE7615 Deep Learning for AI/images_OBJ073/OBJ073_049.jpg,OBJ073,False,49,OBJ073,test
IE7615 Deep Learning for AI/images_OBJ073/OBJ073_050.jpg,OBJ073,False,50,OBJ073,test
IE7615 Deep Learning for AI/images_OBJ073/OBJ073_051.jpg,OBJ073,False,51,OBJ073,train
IE7615 Deep Learning for AI/images_OBJ073/OBJ073_052.jpg,OBJ073,False,52,OBJ073,train
IE7615 Deep Learning for AI/images_OBJ073/OBJ073_053.jpg,OBJ073,False,53,OBJ073,train
IE7615 Deep Learning for AI/images_OBJ073/OBJ073_054.jpg,OBJ073,False,54,OBJ073,train
IE7615 Deep Learning for AI/images_OBJ073/OBJ073_055.jpg,OBJ073,False,55,OBJ073,train
IE7615 Deep Learning for AI/images_OBJ073/OBJ073_056.jpg,OBJ073,False,56,OBJ073,test
IE7615 Deep Learning for AI/images_OBJ073/OBJ073_057.jpg,OBJ073,False,57,OBJ073,test
IE7615 Deep Learning for AI/images_OBJ073/OBJ073_058.jpg,OBJ073,False,58,OBJ073,test
IE7615 Deep Learning for AI/images_OBJ073/OBJ073_059.jpg,OBJ073,False,59,OBJ073,test
IE7615 Deep Learning for AI/images_OBJ073/OBJ073_060.jpg,OBJ073,False,60,OBJ073,test
IE7615 Deep Learning for AI/images_OBJ073/OBJ073_061.jpg,OBJ073,False,61,OBJ073,train
IE7615 Deep Learning for AI/images_OBJ073/OBJ073_062.jpg,OBJ073,False,62,OBJ073,train
IE7615 Deep Learning for AI/images_OBJ073/OBJ073_063.jpg,OBJ073,False,63,OBJ073,train
IE7615 Deep Learning for AI/images_OBJ073/OBJ073_064.jpg,OBJ073,False,64,OBJ073,train
IE7615 Deep Learning for AI/images_OBJ073/OBJ073_065.jpg,OBJ073,False,65,OBJ073,train
IE7615 Deep Learning for AI/images_OBJ073/OBJ073_066.jpg,OBJ073,False,66,OBJ073,val
IE7615 Deep Learning for AI/images_OBJ073/OBJ073_067.jpg,OBJ073,False,67,OBJ073,val
IE7615 Deep Learning for AI/images_OBJ073/OBJ073_068.jpg,OBJ073,False,68,OBJ073,val
IE7615 Deep Learning for AI/images_OBJ073/OBJ073_069.jpg,OBJ073,False,69,OBJ073,val
IE7615 Deep Learning for AI/images_OBJ073/OBJ073_070.jpg,OBJ073,False,70,OBJ073,val
IE7615 Deep Learning for AI/images_OBJ073/OBJ073_071.jpg,OBJ073,False,71,OBJ073,train
IE7615 Deep Learning for AI/images_OBJ073/OBJ073_072.jpg,OBJ073,False,72,OBJ073,train
IE7615 Deep Learning for AI/images_OBJ073/OBJ073_073.jpg,OBJ073,False,73,OBJ073,train
IE7615 Deep Learning for AI/images_OBJ073/OBJ073_074.jpg,OBJ073,False,74,OBJ073,train
IE7615 Deep Learning for AI/images_OBJ073/OBJ073_075.jpg,OBJ073,False,75,OBJ073,train
IE7615 Deep Learning for AI/images_OBJ073/OBJ073_076.jpg,OBJ073,False,76,OBJ073,train
IE7615 Deep Learning for AI/images_OBJ073/OBJ073_077.jpg,OBJ073,False,77,OBJ073,train
IE7615 Deep Learning for AI/images_OBJ073/OBJ073_078.jpg,OBJ073,False,78,OBJ073,train
IE7615 Deep Learning for AI/images_OBJ073/OBJ073_079.jpg,OBJ073,False,79,OBJ073,train
IE7615 Deep Learning for AI/images_OBJ073/OBJ073_080.jpg,OBJ073,False,80,OBJ073,train
IE7615 Deep Learning for AI/images_OBJ073/OBJ073_081.jpg,OBJ073,False,81,OBJ073,train
IE7615 Deep Learning for AI/images_OBJ073/OBJ073_082.jpg,OBJ073,False,82,OBJ073,train
IE7615 Deep Learning for AI/images_OBJ073/OBJ073_083.jpg,OBJ073,False,83,OBJ073,train
IE7615 Deep Learning for AI/images_OBJ073/OBJ073_084.jpg,OBJ073,False,84,OBJ073,train
IE7615 Deep Learning for AI/images_OBJ073/OBJ073_085.jpg,OBJ073,False,85,OBJ073,train
IE7615 Deep Learning for AI/images_OBJ073/OBJ073_086.jpg,OBJ073,False,86,OBJ073,train
IE7615 Deep Learning for AI/images_OBJ073/OBJ073_087.jpg,OBJ073,False,87,OBJ073,train
IE7615 Deep Learning for AI/images_OBJ073/OBJ073_088.jpg,OBJ073,False,88,OBJ073,train
IE7615 Deep Learning for AI/images_OBJ073/OBJ073_089.jpg,OBJ073,False,89,OBJ073,train
IE7615 Deep Learning for AI/images_OBJ073/OBJ073_090.jpg,OBJ073,False,90,OBJ073,train
IE7615 Deep Learning for AI/images_OBJ073/OBJ073_091.jpg,OBJ073,False,91,OBJ073,train
IE7615 Deep Learning for AI/images_OBJ073/OBJ073_092.jpg,OBJ073,False,92,OBJ073,train
IE7615 Deep Learning for AI/images_OBJ073/OBJ073_093.jpg,OBJ073,False,93,OBJ073,train
IE7615 Deep Learning for AI/images_OBJ073/OBJ073_094.jpg,OBJ073,False,94,OBJ073,train
IE7615 Deep Learning for AI/images_OBJ073/OBJ073_095.jpg,OBJ073,False,95,OBJ073,train
IE7615 Deep Learning for AI/images_OBJ073/OBJ073_bg_01.jpg,OBJ073,True,1,no_object,train
IE7615 Deep Learning for AI/images_OBJ073/OBJ073_bg_02.jpg,OBJ073,True,2,no_object,train
IE7615 Deep Learning for AI/images_OBJ073/OBJ073_bg_03.jpg,OBJ073,True,3,no_object,train
IE7615 Deep Learning for AI/images_OBJ073/OBJ073_bg_04.jpg,OBJ073,True,4,no_object,train
IE7615 Deep Learning for AI/images_OBJ073/OBJ073_bg_05.jpg,OBJ073,True,5,no_object,train
